{"type": "FeatureCollection", "features": [{"type": "Feature", "id": "GUAYAS", "properties": {"codigo": "09", "nombre": "GUAYAS", "centroide_lon": -79.87081, "centroide_lat": -2.07058}, "geometry": {"type": "MultiPolygon", "coordinates": [[[[-80.020103, -2.677863], [-80.014139, -2.678844], [-80.006234, -2.684144], [-79.988343, -2.691806], [-79.979945, -2.698118], [-79.977391, -2.703319], [-79.967858, -2.711714], [-79.955288, -2.716597], [-79.951232, -2.715607], [-79.947831, -2.716445], [-79.944986, -2.719582], [-79.940308, -2.719849], [-79.935034, -2.722287], [-79.928625, -2.728016], [-79.917314, -2.732022], [-79.912121, -2.735346], [-79.910688, -2.738004], [-79.902565, -2.738765], [-79.899914, -2.74504], [-79.903056, -2.752234], [-79.902754, -2.757562], [-79.910249, -2.775189], [-79.91836, -2.779331], [-79.92742, -2.7872], [-79.931284, -2.792648], [-79.96794, -2.794328], [-79.974127, -2.797246], [-79.978286, -2.804278], [-79.98246, -2.804309], [-79.993071, -2.808922], [-80.002142, -2.816565], [-80.005537, -2.823044], [-80.007365, -2.831223], [-80.018366, -2.843463], [-80.021559, -2.84446], [-80.02281, -2.854484], [-80.024967, -2.857326], [-80.030093, -2.859909], [-80.031575, -2.863338], [-80.030672, -2.866856], [-80.037998, -2.874714], [-80.038265, -2.877654], [-80.040961, -2.88113], [-80.04006, -2.882893], [-80.041181, -2.887454], [-80.045766, -2.8917], [-80.045627, -2.895761], [-80.051247, -2.899602], [-80.056815, -2.912153], [-80.063597, -2.913732], [-80.065439, -2.927827], [-80.070016, -2.931712], [-80.07186, -2.931442], [-80.072266, -2.929859], [-80.074153, -2.932792], [-80.079228, -2.932751], [-80.083985, -2.936047], [-80.093911, -2.933468], [-80.0976, -2.943901], [-80.094368, -2.947246], [-80.09378, -2.950357], [-80.097596, -2.971446], [-80.101101, -2.977094], [-80.104294, -2.978354], [-80.107251, -2.982237], [-80.116818, -3.001522], [-80.118799, -3.000121], [-80.119604, -3.006355], [-80.123921, -3.008746], [-80.124772, -3.01317], [-80.123111, -3.020171], [-80.147772, -3.023013], [-80.1594, -3.020399], [-80.161786, -3.019043], [-80.162499, -3.015787], [-80.167214, -3.015294], [-80.169282, -3.017638], [-80.170678, -3.027617], [-80.189854, -3.0395], [-80.192284, -3.039086], [-80.193407, -3.041348], [-80.201578, -3.040133], [-80.213795, -3.032769], [-80.216493, -3.034843], [-80.223718, -3.034984], [-80.23764, -3.032949], [-80.25646, -3.027535], [-80.260152, -3.023964], [-80.265803, -3.009738], [-80.274473, -3.004008], [-80.267158, -2.98933], [-80.262078, -2.955955], [-80.262708, -2.928771], [-80.260868, -2.921958], [-80.260779, -2.905829], [-80.262976, -2.862028], [-80.257989, -2.851051], [-80.257408, -2.831276], [-80.25238, -2.828875], [-80.248166, -2.820315], [-80.236547, -2.785922], [-80.230335, -2.778455], [-80.223267, -2.773294], [-80.2181, -2.764461], [-80.217868, -2.747644], [-80.22096, -2.7386], [-80.217937, -2.738598], [-80.208298, -2.73187], [-80.203153, -2.730184], [-80.194237, -2.731481], [-80.182572, -2.727764], [-80.182278, -2.723295], [-80.177647, -2.720379], [-80.165395, -2.720551], [-80.1582, -2.717462], [-80.153414, -2.717512], [-80.147848, -2.713763], [-80.140293, -2.71222], [-80.135861, -2.708599], [-80.123754, -2.706853], [-80.111449, -2.692868], [-80.097373, -2.689737], [-80.093319, -2.686658], [-80.075013, -2.687106], [-80.066553, -2.680559], [-80.036675, -2.674991], [-80.020103, -2.677863]]], [[[-80.125489, -2.69552], [-80.123914, -2.696459], [-80.124794, -2.698703], [-80.129407, -2.701945], [-80.13958, -2.702568], [-80.140921, -2.701564], [-80.140806, -2.69933], [-80.13819, -2.69684], [-80.125489, -2.69552]]], [[[-79.918137, -2.676167], [-79.914872, -2.665752], [-79.912031, -2.66433], [-79.909281, -2.672016], [-79.909294, -2.678031], [-79.912799, -2.68092], [-79.91566, -2.679765], [-79.918137, -2.676167]]], [[[-80.189901, -2.664346], [-80.177692, -2.653998], [-80.172348, -2.653759], [-80.173407, -2.658708], [-80.181849, -2.665806], [-80.18738, -2.66732], [-80.189901, -2.664346]]], [[[-80.183748, -2.649434], [-80.191274, -2.655482], [-80.200054, -2.654311], [-80.195965, -2.648338], [-80.189778, -2.645177], [-80.182132, -2.645706], [-80.181753, -2.647098], [-80.183748, -2.649434]]], [[[-80.309492, -2.717524], [-80.313975, -2.715471], [-80.325707, -2.70366], [-80.364464, -2.674007], [-80.392063, -2.639301], [-80.397983, -2.637566], [-80.40408, -2.641912], [-80.413259, -2.645101], [-80.420298, -2.64457], [-80.428855, -2.640548], [-80.435328, -2.641522], [-80.443423, -2.631146], [-80.45036, -2.628843], [-80.452157, -2.623325], [-80.455722, -2.62148], [-80.465256, -2.610502], [-80.484724, -2.584854], [-80.497026, -2.571117], [-80.505629, -2.562851], [-80.510685, -2.560157], [-80.527707, -2.54088], [-80.563552, -2.506768], [-80.556253, -2.499778], [-80.556672, -2.498077], [-80.554713, -2.497503], [-80.554466, -2.495799], [-80.552486, -2.49574], [-80.552753, -2.493929], [-80.551299, -2.495431], [-80.55143, -2.494216], [-80.548298, -2.492187], [-80.546564, -2.49285], [-80.545645, -2.490854], [-80.543854, -2.491991], [-80.5424, -2.49065], [-80.542956, -2.488873], [-80.538786, -2.489411], [-80.538319, -2.491863], [-80.537045, -2.490778], [-80.533125, -2.491782], [-80.530153, -2.488572], [-80.528195, -2.490427], [-80.527339, -2.488968], [-80.524604, -2.490397], [-80.521945, -2.489158], [-80.517803, -2.490571], [-80.515649, -2.494512], [-80.509202, -2.493774], [-80.505774, -2.495963], [-80.501361, -2.494766], [-80.495883, -2.49987], [-80.492408, -2.500301], [-80.49022, -2.498372], [-80.481862, -2.496039], [-80.479564, -2.493032], [-80.476108, -2.492767], [-80.475813, -2.491411], [-80.467988, -2.490375], [-80.459829, -2.491459], [-80.45952, -2.487292], [-80.465999, -2.479519], [-80.466002, -2.473592], [-80.462698, -2.471274], [-80.458396, -2.470662], [-80.458568, -2.468006], [-80.456882, -2.467326], [-80.457288, -2.464384], [-80.452504, -2.453452], [-80.46082, -2.430332], [-80.460193, -2.420026], [-80.461358, -2.413982], [-80.453245, -2.40716], [-80.446446, -2.397619], [-80.445694, -2.384835], [-80.448296, -2.377917], [-80.447555, -2.374592], [-80.431126, -2.374592], [-80.427702, -2.381103], [-80.418835, -2.381833], [-80.413693, -2.385525], [-80.408182, -2.385318], [-80.409474, -2.381382], [-80.407133, -2.380921], [-80.406063, -2.378709], [-80.400748, -2.380108], [-80.396361, -2.378622], [-80.395464, -2.37639], [-80.382702, -2.379987], [-80.380253, -2.378847], [-80.379361, -2.370564], [-80.382389, -2.368129], [-80.382019, -2.366666], [-80.375577, -2.362932], [-80.375784, -2.360451], [-80.372651, -2.357702], [-80.374001, -2.357333], [-80.375, -2.353559], [-80.374164, -2.346692], [-80.368705, -2.34361], [-80.360365, -2.342632], [-80.355512, -2.346029], [-80.354392, -2.348455], [-80.34405, -2.346559], [-80.338478, -2.34853], [-80.329028, -2.346909], [-80.323189, -2.350264], [-80.323546, -2.344637], [-80.325517, -2.342258], [-80.321739, -2.340236], [-80.316734, -2.341971], [-80.311378, -2.3412], [-80.309778, -2.339185], [-80.30422, -2.341231], [-80.304119, -2.34278], [-80.299722, -2.342778], [-80.297822, -2.34002], [-80.292216, -2.336716], [-80.284193, -2.336887], [-80.28282, -2.334897], [-80.283458, -2.321967], [-80.279181, -2.320697], [-80.284454, -2.318099], [-80.284764, -2.314038], [-80.28761, -2.312162], [-80.287338, -2.307514], [-80.288945, -2.304584], [-80.28177, -2.30056], [-80.283337, -2.296525], [-80.280999, -2.297272], [-80.279715, -2.294299], [-80.282707, -2.294049], [-80.280543, -2.285762], [-80.282336, -2.285691], [-80.283138, -2.288434], [-80.285231, -2.285038], [-80.280985, -2.282588], [-80.284566, -2.278854], [-80.284735, -2.274589], [-80.272536, -2.26888], [-80.269172, -2.268636], [-80.264822, -2.264774], [-80.262219, -2.253261], [-80.262482, -2.247849], [-80.265325, -2.24555], [-80.263719, -2.244185], [-80.259817, -2.245398], [-80.25578, -2.243942], [-80.249789, -2.246263], [-80.244523, -2.246139], [-80.240527, -2.250333], [-80.235211, -2.252413], [-80.232136, -2.243335], [-80.233317, -2.233296], [-80.228256, -2.229834], [-80.219086, -2.23284], [-80.21663, -2.232121], [-80.207859, -2.225176], [-80.207342, -2.218491], [-80.203317, -2.218512], [-80.20033, -2.210715], [-80.2004, -2.209525], [-80.209536, -2.205253], [-80.213174, -2.201977], [-80.214844, -2.20238], [-80.21983, -2.194865], [-80.226006, -2.192376], [-80.227376, -2.193483], [-80.228055, -2.192077], [-80.232244, -2.194691], [-80.235959, -2.193541], [-80.236201, -2.19186], [-80.238717, -2.191906], [-80.236375, -2.188539], [-80.23829, -2.182419], [-80.239761, -2.181958], [-80.238771, -2.180351], [-80.239884, -2.179077], [-80.238671, -2.17872], [-80.241519, -2.169866], [-80.240115, -2.169419], [-80.242609, -2.165351], [-80.240901, -2.164762], [-80.242783, -2.164334], [-80.244053, -2.161051], [-80.245893, -2.161372], [-80.246984, -2.158258], [-80.249332, -2.157622], [-80.250774, -2.153191], [-80.24939, -2.153298], [-80.249628, -2.15085], [-80.251082, -2.15126], [-80.251774, -2.149514], [-80.248121, -2.147287], [-80.247686, -2.143975], [-80.246829, -2.144794], [-80.245753, -2.143268], [-80.247364, -2.140244], [-80.245743, -2.139498], [-80.246734, -2.138227], [-80.244945, -2.134899], [-80.245707, -2.132249], [-80.243108, -2.129718], [-80.245822, -2.127854], [-80.245396, -2.124003], [-80.246696, -2.122951], [-80.246716, -2.118203], [-80.244952, -2.115063], [-80.248007, -2.114247], [-80.24954, -2.110387], [-80.254212, -2.110274], [-80.256134, -2.108272], [-80.256668, -2.10708], [-80.253346, -2.104845], [-80.256021, -2.103929], [-80.259662, -2.098523], [-80.264246, -2.095037], [-80.264343, -2.090154], [-80.268457, -2.085695], [-80.268515, -2.083588], [-80.278129, -2.07804], [-80.283095, -2.081872], [-80.285379, -2.081758], [-80.285434, -2.084592], [-80.290894, -2.09143], [-80.294224, -2.092351], [-80.29394, -2.089881], [-80.298908, -2.088351], [-80.299345, -2.090553], [-80.303512, -2.092355], [-80.306216, -2.090039], [-80.303174, -2.082647], [-80.313531, -2.074877], [-80.318613, -2.075645], [-80.321202, -2.074612], [-80.319283, -2.067431], [-80.313517, -2.065283], [-80.312718, -2.06377], [-80.318319, -2.060734], [-80.318621, -2.056879], [-80.322429, -2.053817], [-80.323534, -2.050524], [-80.322051, -2.046617], [-80.324127, -2.042712], [-80.326978, -2.03969], [-80.331837, -2.038253], [-80.333576, -2.030456], [-80.33897, -2.030137], [-80.342938, -2.023624], [-80.344045, -2.019646], [-80.343094, -2.01729], [-80.34456, -2.01641], [-80.341696, -2.001468], [-80.344838, -1.997898], [-80.346332, -1.998071], [-80.347008, -1.996443], [-80.349425, -1.998168], [-80.363567, -1.994066], [-80.364613, -1.996881], [-80.367811, -1.996021], [-80.370763, -1.990392], [-80.370316, -1.988142], [-80.373888, -1.984936], [-80.376246, -1.985866], [-80.382492, -1.984569], [-80.389921, -1.986397], [-80.396065, -1.984758], [-80.399088, -1.982429], [-80.403957, -1.983663], [-80.410736, -1.983131], [-80.414155, -1.98126], [-80.414509, -1.976655], [-80.417772, -1.975771], [-80.417182, -1.969997], [-80.42647, -1.964887], [-80.426528, -1.962656], [-80.430353, -1.962705], [-80.435859, -1.956881], [-80.441947, -1.956903], [-80.442169, -1.95189], [-80.43922, -1.948321], [-80.438993, -1.944296], [-80.44035, -1.941991], [-80.438798, -1.941509], [-80.438504, -1.9391], [-80.435425, -1.935525], [-80.436523, -1.931429], [-80.431351, -1.928117], [-80.43184, -1.926899], [-80.430078, -1.925072], [-80.428313, -1.924997], [-80.431749, -1.920483], [-80.431403, -1.91596], [-80.434453, -1.913918], [-80.431941, -1.908237], [-80.433858, -1.907392], [-80.431746, -1.904866], [-80.431892, -1.90301], [-80.43336, -1.903071], [-80.431816, -1.901079], [-80.43257, -1.899866], [-80.430031, -1.895404], [-80.426196, -1.895081], [-80.426622, -1.893767], [-80.4252, -1.892814], [-80.42457, -1.894136], [-80.4215, -1.891745], [-80.422114, -1.890407], [-80.420607, -1.890814], [-80.42151, -1.888919], [-80.419916, -1.888223], [-80.419791, -1.884865], [-80.417944, -1.88586], [-80.418185, -1.882206], [-80.417103, -1.88172], [-80.420435, -1.879077], [-80.422548, -1.882774], [-80.424847, -1.879087], [-80.433043, -1.885639], [-80.435845, -1.885725], [-80.436295, -1.884632], [-80.440918, -1.886668], [-80.440152, -1.88474], [-80.442125, -1.885129], [-80.44234, -1.883995], [-80.443798, -1.885439], [-80.444587, -1.882157], [-80.446598, -1.88306], [-80.447014, -1.882103], [-80.443289, -1.881235], [-80.438525, -1.882512], [-80.437609, -1.883994], [-80.434099, -1.883602], [-80.435889, -1.867884], [-80.433025, -1.86568], [-80.440753, -1.858786], [-80.438964, -1.85889], [-80.436955, -1.856579], [-80.425406, -1.854425], [-80.425276, -1.852486], [-80.430492, -1.852602], [-80.431979, -1.851012], [-80.431953, -1.845544], [-80.428017, -1.840149], [-80.428204, -1.836465], [-80.418682, -1.835719], [-80.41673, -1.837758], [-80.411544, -1.836422], [-80.409732, -1.83767], [-80.408398, -1.834847], [-80.410731, -1.832847], [-80.407471, -1.83146], [-80.411085, -1.827807], [-80.410095, -1.823146], [-80.412704, -1.818194], [-80.416625, -1.816354], [-80.416634, -1.814202], [-80.418467, -1.814166], [-80.419299, -1.811201], [-80.420808, -1.811758], [-80.421921, -1.809335], [-80.423845, -1.810151], [-80.424637, -1.808487], [-80.426146, -1.809077], [-80.426231, -1.80271], [-80.421134, -1.798264], [-80.419146, -1.786314], [-80.411847, -1.783408], [-80.412614, -1.782128], [-80.409345, -1.777392], [-80.407339, -1.777211], [-80.40545, -1.774528], [-80.401645, -1.774752], [-80.39621, -1.772137], [-80.392329, -1.776194], [-80.393025, -1.772241], [-80.390283, -1.771825], [-80.389818, -1.768237], [-80.387868, -1.767727], [-80.389017, -1.764294], [-80.387461, -1.762865], [-80.386682, -1.757178], [-80.383889, -1.755528], [-80.382581, -1.751785], [-80.362446, -1.739463], [-80.351172, -1.723137], [-80.333297, -1.723958], [-80.333973, -1.715612], [-80.336495, -1.713009], [-80.33647, -1.710135], [-80.334485, -1.708374], [-80.334966, -1.706248], [-80.330188, -1.704072], [-80.324481, -1.693625], [-80.326248, -1.687849], [-80.324178, -1.682881], [-80.320656, -1.684653], [-80.321113, -1.686075], [-80.319076, -1.685886], [-80.316569, -1.69045], [-80.312959, -1.689853], [-80.311953, -1.693519], [-80.305567, -1.697433], [-80.296457, -1.708074], [-80.290319, -1.710119], [-80.28227, -1.706702], [-80.282479, -1.705159], [-80.28024, -1.703257], [-80.283001, -1.702989], [-80.292115, -1.696938], [-80.300119, -1.686533], [-80.29756, -1.682973], [-80.289935, -1.683821], [-80.288027, -1.678633], [-80.281397, -1.677833], [-80.275974, -1.679136], [-80.275175, -1.677113], [-80.264979, -1.678403], [-80.263862, -1.675019], [-80.257558, -1.682884], [-80.253357, -1.683153], [-80.251923, -1.685153], [-80.246284, -1.686773], [-80.241648, -1.690205], [-80.239885, -1.693466], [-80.233213, -1.69064], [-80.23104, -1.688274], [-80.226292, -1.693768], [-80.223065, -1.692451], [-80.222424, -1.69492], [-80.216932, -1.69537], [-80.215669, -1.693499], [-80.21028, -1.694291], [-80.209949, -1.692962], [-80.21208, -1.69359], [-80.212976, -1.692483], [-80.210375, -1.688968], [-80.210919, -1.683998], [-80.209011, -1.680244], [-80.208264, -1.673566], [-80.209499, -1.670193], [-80.216667, -1.666476], [-80.219911, -1.662093], [-80.219309, -1.659426], [-80.220972, -1.654658], [-80.223022, -1.653653], [-80.222434, -1.651735], [-80.225185, -1.648757], [-80.221725, -1.646028], [-80.222278, -1.642633], [-80.219204, -1.637508], [-80.224296, -1.632747], [-80.22527, -1.628236], [-80.22923, -1.627517], [-80.230784, -1.625223], [-80.230155, -1.623129], [-80.2271, -1.625194], [-80.224726, -1.623825], [-80.223631, -1.616151], [-80.252593, -1.616151], [-80.280032, -1.577559], [-80.279146, -1.576274], [-80.280367, -1.572581], [-80.284231, -1.569236], [-80.269576, -1.569236], [-80.262454, -1.565151], [-80.257265, -1.56748], [-80.251964, -1.565661], [-80.24227, -1.567509], [-80.235397, -1.572609], [-80.235748, -1.574319], [-80.220213, -1.574319], [-80.192698, -1.55082], [-80.171621, -1.526529], [-80.175498, -1.528436], [-80.178195, -1.525213], [-80.182401, -1.52369], [-80.183754, -1.521239], [-80.185225, -1.520709], [-80.187514, -1.522506], [-80.194064, -1.519418], [-80.195505, -1.515325], [-80.197897, -1.514431], [-80.199217, -1.509805], [-80.203193, -1.504293], [-80.202892, -1.501571], [-80.205656, -1.498277], [-80.20572, -1.49616], [-80.203046, -1.494054], [-80.202944, -1.490644], [-80.206496, -1.48879], [-80.204235, -1.482478], [-80.194977, -1.477416], [-80.192936, -1.471825], [-80.199352, -1.464519], [-80.193836, -1.454798], [-80.198114, -1.448932], [-80.195451, -1.444274], [-80.197197, -1.442756], [-80.197055, -1.440597], [-80.194318, -1.438926], [-80.192118, -1.435149], [-80.196974, -1.425017], [-80.195405, -1.42196], [-80.191827, -1.422492], [-80.190543, -1.420282], [-80.186985, -1.421501], [-80.182426, -1.417215], [-80.176382, -1.417688], [-80.169772, -1.416106], [-80.169516, -1.412357], [-80.167366, -1.410565], [-80.162788, -1.411443], [-80.155401, -1.408138], [-80.150686, -1.409001], [-80.144864, -1.407211], [-80.142157, -1.380713], [-80.153759, -1.366759], [-80.13754, -1.324122], [-80.13443, -1.325989], [-80.127876, -1.323711], [-80.122792, -1.324813], [-80.115861, -1.322647], [-80.113571, -1.323881], [-80.109759, -1.322828], [-80.103739, -1.328554], [-80.099133, -1.326289], [-80.095514, -1.326465], [-80.091318, -1.324687], [-80.088583, -1.321104], [-80.086679, -1.320826], [-80.087182, -1.319627], [-80.083649, -1.319547], [-80.080907, -1.31779], [-80.083692, -1.315392], [-80.080257, -1.309845], [-80.080508, -1.306181], [-80.076267, -1.303068], [-80.073037, -1.303322], [-80.069773, -1.297218], [-80.06302, -1.29442], [-80.061318, -1.290809], [-80.053732, -1.28946], [-80.050125, -1.286113], [-80.047168, -1.287364], [-80.041129, -1.275396], [-80.035998, -1.274838], [-80.034646, -1.273266], [-80.034283, -1.275553], [-80.031084, -1.277133], [-80.030814, -1.278826], [-80.025352, -1.276948], [-80.026433, -1.275382], [-80.029683, -1.27565], [-80.035737, -1.270731], [-80.035784, -1.262311], [-80.036408, -1.260694], [-80.038986, -1.260295], [-80.039174, -1.25804], [-80.037076, -1.256935], [-80.037725, -1.253428], [-80.030211, -1.248749], [-80.029782, -1.247194], [-80.027429, -1.247762], [-80.022671, -1.24516], [-80.020452, -1.242827], [-80.020758, -1.240768], [-80.018259, -1.238826], [-80.016955, -1.235936], [-80.018465, -1.233383], [-80.017119, -1.231787], [-80.017394, -1.227293], [-80.014816, -1.224106], [-80.015653, -1.218567], [-80.010811, -1.218051], [-80.010801, -1.204953], [-80.003612, -1.199583], [-80.001267, -1.196074], [-79.993824, -1.194095], [-79.986303, -1.176357], [-79.981885, -1.176727], [-79.979817, -1.174906], [-79.97428, -1.175903], [-79.972675, -1.180151], [-79.97108, -1.179543], [-79.96505, -1.183711], [-79.960891, -1.189687], [-79.957957, -1.181252], [-79.953692, -1.181142], [-79.950369, -1.178846], [-79.95209, -1.17476], [-79.949624, -1.167986], [-79.953086, -1.164569], [-79.958484, -1.16614], [-79.961343, -1.168617], [-79.970213, -1.168617], [-79.968505, -1.165943], [-79.968539, -1.1613], [-79.962859, -1.154418], [-79.965316, -1.150011], [-79.965776, -1.142919], [-79.963263, -1.139334], [-79.963085, -1.140554], [-79.95943, -1.140558], [-79.959599, -1.139402], [-79.955207, -1.138591], [-79.954867, -1.14075], [-79.953167, -1.140134], [-79.949025, -1.144173], [-79.947088, -1.14302], [-79.944997, -1.145437], [-79.946477, -1.148214], [-79.947638, -1.147031], [-79.948581, -1.147828], [-79.946925, -1.149234], [-79.947853, -1.150427], [-79.945198, -1.149904], [-79.946166, -1.153436], [-79.942789, -1.15581], [-79.936872, -1.153985], [-79.938133, -1.151857], [-79.933036, -1.150141], [-79.927778, -1.146677], [-79.927497, -1.145079], [-79.925391, -1.146562], [-79.92097, -1.143378], [-79.91668, -1.145242], [-79.912788, -1.13925], [-79.908718, -1.139454], [-79.903621, -1.126655], [-79.899161, -1.122775], [-79.887274, -1.116537], [-79.881743, -1.108731], [-79.874597, -1.103921], [-79.861511, -1.100021], [-79.854269, -1.089257], [-79.850787, -1.089595], [-79.845342, -1.083961], [-79.835228, -1.060865], [-79.836644, -1.057007], [-79.833418, -1.050156], [-79.828497, -1.048757], [-79.820146, -1.050894], [-79.816129, -1.050224], [-79.81276, -1.045861], [-79.813508, -1.040908], [-79.811879, -1.038557], [-79.812107, -1.032603], [-79.81031, -1.030951], [-79.80483, -1.031944], [-79.803758, -1.030874], [-79.799923, -1.021182], [-79.800635, -1.015185], [-79.804539, -1.010201], [-79.79674, -1.002651], [-79.801126, -0.993295], [-79.797116, -0.98311], [-79.78963, -0.977553], [-79.786547, -0.977973], [-79.781764, -0.982084], [-79.773776, -0.979404], [-79.772764, -0.976039], [-79.774622, -0.963568], [-79.771227, -0.947571], [-79.764645, -0.942614], [-79.763037, -0.938553], [-79.753733, -0.930499], [-79.754429, -0.92686], [-79.75329, -0.923938], [-79.744117, -0.921093], [-79.746986, -0.914683], [-79.743721, -0.909175], [-79.739621, -0.905828], [-79.736814, -0.898805], [-79.737544, -0.892085], [-79.733051, -0.888767], [-79.731198, -0.884473], [-79.723596, -0.881771], [-79.718238, -0.886557], [-79.716662, -0.886514], [-79.715665, -0.879789], [-79.713453, -0.878646], [-79.711563, -0.879519], [-79.710468, -0.883132], [-79.705098, -0.883212], [-79.700341, -0.886181], [-79.699013, -0.890783], [-79.704346, -0.896377], [-79.703968, -0.900147], [-79.706221, -0.901862], [-79.704099, -0.904302], [-79.701555, -0.902496], [-79.699851, -0.904039], [-79.696321, -0.898165], [-79.688985, -0.895357], [-79.690262, -0.901973], [-79.685173, -0.903307], [-79.681043, -0.898919], [-79.676724, -0.899105], [-79.67902, -0.892669], [-79.670716, -0.891326], [-79.67126, -0.89568], [-79.667398, -0.897368], [-79.662627, -0.903392], [-79.657958, -0.901524], [-79.652982, -0.89687], [-79.651638, -0.892668], [-79.648633, -0.88934], [-79.648535, -0.885913], [-79.644263, -0.88135], [-79.637435, -0.881084], [-79.634037, -0.877108], [-79.629139, -0.877264], [-79.628237, -0.873473], [-79.623772, -0.875745], [-79.62474, -0.868868], [-79.62761, -0.865912], [-79.624613, -0.862966], [-79.626269, -0.858117], [-79.622346, -0.860993], [-79.618971, -0.859566], [-79.615713, -0.860632], [-79.614592, -0.85809], [-79.609429, -0.857571], [-79.607607, -0.853268], [-79.601094, -0.859258], [-79.600278, -0.855889], [-79.595352, -0.855236], [-79.59408, -0.851349], [-79.583982, -0.84855], [-79.581528, -0.850483], [-79.580331, -0.847017], [-79.577421, -0.846844], [-79.57649, -0.844393], [-79.560517, -0.85186], [-79.554864, -0.851086], [-79.553889, -0.848611], [-79.54251, -0.849517], [-79.535047, -0.847884], [-79.528076, -0.854832], [-79.525012, -0.861581], [-79.518587, -0.85086], [-79.50697, -0.858211], [-79.509681, -0.864065], [-79.511725, -0.86447], [-79.51278, -0.875851], [-79.519142, -0.885821], [-79.518723, -0.891669], [-79.520972, -0.892511], [-79.520931, -0.896866], [-79.523327, -0.898858], [-79.522078, -0.901614], [-79.522747, -0.905522], [-79.527596, -0.915072], [-79.530096, -0.916926], [-79.534046, -0.927957], [-79.537022, -0.928267], [-79.538382, -0.932274], [-79.541216, -0.930063], [-79.542836, -0.930518], [-79.545406, -0.934151], [-79.546963, -0.942592], [-79.541789, -0.947258], [-79.543595, -0.954371], [-79.5509, -0.958499], [-79.552525, -0.961564], [-79.554455, -0.961401], [-79.554304, -0.960052], [-79.556149, -0.961403], [-79.556922, -0.959632], [-79.560486, -0.961032], [-79.560298, -0.962311], [-79.561252, -0.96142], [-79.563908, -0.962939], [-79.563325, -0.964108], [-79.530581, -0.964108], [-79.525182, -0.967739], [-79.524306, -0.971354], [-79.538597, -0.976044], [-79.540011, -0.978349], [-79.543399, -0.977763], [-79.546496, -0.974856], [-79.549154, -0.976124], [-79.550444, -0.981338], [-79.557239, -0.979037], [-79.558217, -0.980095], [-79.557023, -0.980335], [-79.557388, -0.982217], [-79.559341, -0.981174], [-79.559852, -0.98305], [-79.561703, -0.983535], [-79.560685, -0.988521], [-79.564013, -0.990387], [-79.563917, -0.992274], [-79.571145, -0.998699], [-79.571724, -1.001684], [-79.57351, -1.002098], [-79.573592, -1.003919], [-79.569108, -1.006662], [-79.569238, -1.008524], [-79.574254, -1.0115], [-79.575507, -1.017497], [-79.576847, -1.018205], [-79.575824, -1.019941], [-79.577605, -1.02239], [-79.576585, -1.023735], [-79.57798, -1.027933], [-79.57538, -1.035187], [-79.57661, -1.039129], [-79.573465, -1.044289], [-79.574699, -1.044065], [-79.574829, -1.046186], [-79.576149, -1.04627], [-79.574905, -1.047874], [-79.577294, -1.049116], [-79.57653, -1.050454], [-79.580407, -1.052249], [-79.582659, -1.055885], [-79.583534, -1.055459], [-79.582946, -1.056356], [-79.58582, -1.056682], [-79.587427, -1.058768], [-79.585307, -1.060389], [-79.586305, -1.062477], [-79.585183, -1.064419], [-79.586755, -1.064804], [-79.587877, -1.069159], [-79.590314, -1.068261], [-79.591307, -1.069549], [-79.591729, -1.068144], [-79.591756, -1.071119], [-79.594326, -1.06919], [-79.594474, -1.071079], [-79.596045, -1.0703], [-79.59731, -1.072421], [-79.600176, -1.072935], [-79.600303, -1.07062], [-79.602001, -1.070195], [-79.602586, -1.071512], [-79.60382, -1.069234], [-79.610377, -1.069117], [-79.61041, -1.064695], [-79.612073, -1.06497], [-79.611994, -1.063411], [-79.613892, -1.066002], [-79.615508, -1.064008], [-79.617057, -1.064212], [-79.620502, -1.067992], [-79.618752, -1.068388], [-79.618761, -1.070964], [-79.622161, -1.072487], [-79.62339, -1.077284], [-79.626257, -1.077501], [-79.62277, -1.079857], [-79.62657, -1.081106], [-79.630529, -1.085001], [-79.631517, -1.083178], [-79.633182, -1.084614], [-79.63219, -1.087398], [-79.633797, -1.087474], [-79.634599, -1.089212], [-79.636509, -1.088139], [-79.637373, -1.091473], [-79.638941, -1.091119], [-79.639181, -1.093261], [-79.640312, -1.092707], [-79.640458, -1.094295], [-79.637836, -1.095171], [-79.639891, -1.098779], [-79.640224, -1.094776], [-79.642265, -1.098066], [-79.642714, -1.101036], [-79.640716, -1.102186], [-79.642943, -1.10351], [-79.640787, -1.10464], [-79.642444, -1.106111], [-79.641122, -1.106688], [-79.64218, -1.109487], [-79.646528, -1.109895], [-79.647547, -1.112452], [-79.649432, -1.1113], [-79.652063, -1.114656], [-79.652295, -1.118231], [-79.657501, -1.118839], [-79.659994, -1.121573], [-79.662219, -1.121888], [-79.663249, -1.118423], [-79.665415, -1.120401], [-79.668106, -1.11969], [-79.667571, -1.117099], [-79.665496, -1.116244], [-79.668633, -1.113148], [-79.67102, -1.113589], [-79.671494, -1.116206], [-79.673083, -1.115759], [-79.671489, -1.118638], [-79.672008, -1.119748], [-79.6741, -1.118083], [-79.676281, -1.121335], [-79.675341, -1.122822], [-79.677779, -1.121417], [-79.679418, -1.123211], [-79.678885, -1.124717], [-79.681168, -1.12169], [-79.683772, -1.123059], [-79.683459, -1.127108], [-79.685486, -1.127494], [-79.685303, -1.128925], [-79.683065, -1.131163], [-79.683768, -1.132257], [-79.681471, -1.133152], [-79.682109, -1.135444], [-79.68516, -1.134768], [-79.682755, -1.137492], [-79.684293, -1.138735], [-79.683679, -1.139763], [-79.685831, -1.139519], [-79.68618, -1.141618], [-79.687439, -1.141491], [-79.68562, -1.144194], [-79.687902, -1.145033], [-79.686519, -1.145977], [-79.688058, -1.147244], [-79.687392, -1.150157], [-79.690247, -1.150887], [-79.68846, -1.152931], [-79.691116, -1.152173], [-79.692751, -1.15358], [-79.691835, -1.151042], [-79.694483, -1.147224], [-79.697256, -1.14823], [-79.695185, -1.150607], [-79.695861, -1.151718], [-79.697687, -1.151109], [-79.697003, -1.153106], [-79.698683, -1.153045], [-79.700213, -1.156029], [-79.70228, -1.153351], [-79.704853, -1.156357], [-79.705901, -1.154483], [-79.711379, -1.154144], [-79.712182, -1.152458], [-79.713045, -1.154115], [-79.715672, -1.153154], [-79.715172, -1.154676], [-79.716808, -1.155301], [-79.716113, -1.159594], [-79.714929, -1.160102], [-79.716677, -1.164528], [-79.719036, -1.166045], [-79.717671, -1.167466], [-79.718092, -1.171031], [-79.715889, -1.169123], [-79.716023, -1.173322], [-79.713634, -1.172825], [-79.713499, -1.174205], [-79.717608, -1.176407], [-79.716986, -1.177897], [-79.719755, -1.180042], [-79.718259, -1.180821], [-79.720539, -1.181214], [-79.721533, -1.183163], [-79.722498, -1.180149], [-79.724278, -1.18212], [-79.724488, -1.181084], [-79.727406, -1.181944], [-79.729194, -1.179177], [-79.728957, -1.18162], [-79.730179, -1.182044], [-79.730861, -1.178163], [-79.731767, -1.178861], [-79.732518, -1.177617], [-79.734626, -1.181491], [-79.73665, -1.180389], [-79.738464, -1.183001], [-79.739818, -1.182161], [-79.74144, -1.183291], [-79.740372, -1.185692], [-79.742478, -1.189248], [-79.745311, -1.190886], [-79.743872, -1.1933], [-79.748729, -1.192048], [-79.747166, -1.195838], [-79.748741, -1.196219], [-79.749545, -1.200353], [-79.747066, -1.200144], [-79.749155, -1.202058], [-79.749006, -1.204754], [-79.746721, -1.204594], [-79.748579, -1.205688], [-79.748174, -1.207324], [-79.750141, -1.206461], [-79.745453, -1.209718], [-79.749967, -1.212594], [-79.74887, -1.214305], [-79.747546, -1.213576], [-79.749185, -1.216506], [-79.747041, -1.215816], [-79.747714, -1.218613], [-79.74564, -1.219303], [-79.748979, -1.221476], [-79.748938, -1.22329], [-79.753171, -1.224685], [-79.752602, -1.227266], [-79.754519, -1.230756], [-79.752905, -1.232345], [-79.752939, -1.237346], [-79.755229, -1.236604], [-79.754718, -1.234446], [-79.757356, -1.235563], [-79.756043, -1.232771], [-79.759137, -1.234818], [-79.758884, -1.237848], [-79.756897, -1.237401], [-79.754351, -1.239781], [-79.754727, -1.242299], [-79.752208, -1.244359], [-79.755304, -1.247322], [-79.758118, -1.24687], [-79.759323, -1.250619], [-79.757808, -1.252081], [-79.759732, -1.253028], [-79.763457, -1.250514], [-79.764519, -1.252724], [-79.765329, -1.250571], [-79.766298, -1.254097], [-79.768147, -1.254038], [-79.768477, -1.256253], [-79.771156, -1.257672], [-79.76693, -1.260692], [-79.766093, -1.259025], [-79.764329, -1.25975], [-79.763479, -1.265875], [-79.766159, -1.26545], [-79.766279, -1.2671], [-79.764028, -1.269052], [-79.76729, -1.270219], [-79.769393, -1.2685], [-79.769923, -1.270456], [-79.773255, -1.270475], [-79.772398, -1.273822], [-79.774528, -1.272266], [-79.775903, -1.275724], [-79.777913, -1.27427], [-79.777598, -1.277764], [-79.780574, -1.276903], [-79.778802, -1.281025], [-79.777046, -1.281167], [-79.777361, -1.283031], [-79.775228, -1.28177], [-79.77607, -1.285514], [-79.774462, -1.288318], [-79.777431, -1.288094], [-79.775418, -1.29015], [-79.780223, -1.292913], [-79.782273, -1.292568], [-79.782285, -1.290477], [-79.785329, -1.292765], [-79.788549, -1.292847], [-79.787911, -1.294832], [-79.790367, -1.294631], [-79.788671, -1.29798], [-79.785699, -1.296209], [-79.785022, -1.297391], [-79.787639, -1.298868], [-79.78748, -1.300315], [-79.789876, -1.300379], [-79.79002, -1.302049], [-79.792482, -1.301739], [-79.793427, -1.304451], [-79.791716, -1.304186], [-79.792285, -1.30657], [-79.78956, -1.304963], [-79.789439, -1.306472], [-79.792589, -1.308345], [-79.791653, -1.311761], [-79.793393, -1.3131], [-79.792677, -1.314946], [-79.794292, -1.316093], [-79.794661, -1.320029], [-79.796566, -1.321533], [-79.798011, -1.320059], [-79.799936, -1.326725], [-79.798371, -1.328446], [-79.801688, -1.330176], [-79.799966, -1.33128], [-79.800161, -1.332961], [-79.802028, -1.3339], [-79.803948, -1.332284], [-79.804766, -1.335922], [-79.802533, -1.336917], [-79.804304, -1.338234], [-79.802796, -1.340112], [-79.805666, -1.34316], [-79.80312, -1.344923], [-79.80735, -1.345646], [-79.808304, -1.347891], [-79.809911, -1.347459], [-79.810801, -1.350528], [-79.808628, -1.350913], [-79.81203, -1.351883], [-79.813238, -1.355195], [-79.815936, -1.355278], [-79.817908, -1.357759], [-79.820424, -1.357182], [-79.820274, -1.359537], [-79.823, -1.360022], [-79.821336, -1.361564], [-79.82274, -1.36485], [-79.824743, -1.364846], [-79.824776, -1.366868], [-79.827702, -1.366291], [-79.826587, -1.36936], [-79.829308, -1.369992], [-79.830542, -1.368312], [-79.833067, -1.369758], [-79.836599, -1.37772], [-79.838893, -1.377746], [-79.839502, -1.380315], [-79.842217, -1.37915], [-79.844575, -1.380785], [-79.846506, -1.383455], [-79.845253, -1.386588], [-79.848063, -1.386715], [-79.846902, -1.389473], [-79.844054, -1.388594], [-79.847405, -1.392043], [-79.845445, -1.396129], [-79.847042, -1.398832], [-79.84941, -1.395466], [-79.851506, -1.397281], [-79.84943, -1.403202], [-79.852139, -1.402811], [-79.854599, -1.405788], [-79.851579, -1.407252], [-79.854563, -1.410085], [-79.851865, -1.409939], [-79.850599, -1.408075], [-79.847785, -1.408136], [-79.847659, -1.409855], [-79.852475, -1.412752], [-79.851663, -1.415906], [-79.854474, -1.414412], [-79.854384, -1.412793], [-79.855806, -1.41315], [-79.854351, -1.416724], [-79.857209, -1.417015], [-79.856552, -1.419628], [-79.859752, -1.41915], [-79.862096, -1.423122], [-79.86506, -1.421589], [-79.862676, -1.426399], [-79.862749, -1.429935], [-79.865581, -1.430554], [-79.86695, -1.428315], [-79.867449, -1.42944], [-79.861613, -1.435407], [-79.868206, -1.434966], [-79.866418, -1.441985], [-79.86815, -1.445145], [-79.865048, -1.445843], [-79.870442, -1.449389], [-79.868403, -1.451018], [-79.866603, -1.449246], [-79.864263, -1.451394], [-79.867091, -1.454297], [-79.865905, -1.457127], [-79.871526, -1.458269], [-79.870308, -1.464844], [-79.868205, -1.464791], [-79.865785, -1.468052], [-79.870518, -1.469335], [-79.870078, -1.473738], [-79.867745, -1.474032], [-79.86683, -1.479028], [-79.867687, -1.480254], [-79.869364, -1.479782], [-79.869536, -1.483158], [-79.867515, -1.485842], [-79.861977, -1.487121], [-79.864791, -1.490587], [-79.869109, -1.487059], [-79.872995, -1.491206], [-79.871632, -1.494698], [-79.867761, -1.493305], [-79.866793, -1.494519], [-79.869909, -1.497047], [-79.873506, -1.497797], [-79.869854, -1.504009], [-79.872667, -1.508488], [-79.875423, -1.50995], [-79.873631, -1.514327], [-79.876636, -1.515124], [-79.871787, -1.520777], [-79.878103, -1.523349], [-79.867877, -1.52608], [-79.871024, -1.527129], [-79.868851, -1.528332], [-79.870483, -1.53069], [-79.867284, -1.531569], [-79.870987, -1.534722], [-79.87085, -1.538157], [-79.872985, -1.53816], [-79.87356, -1.536247], [-79.874562, -1.537027], [-79.874705, -1.542521], [-79.868076, -1.543621], [-79.868497, -1.54815], [-79.871536, -1.554865], [-79.870551, -1.557647], [-79.868364, -1.558121], [-79.866081, -1.556069], [-79.866559, -1.559761], [-79.864831, -1.564431], [-79.85993, -1.56241], [-79.856649, -1.564188], [-79.856827, -1.566398], [-79.854681, -1.565472], [-79.853842, -1.567353], [-79.85641, -1.569461], [-79.853424, -1.578637], [-79.857852, -1.580593], [-79.860253, -1.579874], [-79.864642, -1.583814], [-79.867791, -1.590988], [-79.8651, -1.594114], [-79.865978, -1.598209], [-79.871316, -1.601857], [-79.866379, -1.609879], [-79.862068, -1.610562], [-79.862758, -1.613608], [-79.861354, -1.61982], [-79.856782, -1.627701], [-79.856258, -1.631378], [-79.862182, -1.640485], [-79.862686, -1.644676], [-79.859802, -1.648987], [-79.853051, -1.644298], [-79.848847, -1.644667], [-79.844344, -1.648332], [-79.844181, -1.652017], [-79.83765, -1.654824], [-79.855614, -1.666032], [-79.851711, -1.671147], [-79.848223, -1.672523], [-79.837163, -1.674404], [-79.829223, -1.67338], [-79.826709, -1.674691], [-79.827835, -1.680335], [-79.837603, -1.682418], [-79.839884, -1.68571], [-79.831936, -1.692998], [-79.82755, -1.699906], [-79.826106, -1.707665], [-79.813989, -1.707843], [-79.809616, -1.711631], [-79.801189, -1.712812], [-79.799196, -1.715947], [-79.794019, -1.71946], [-79.784744, -1.719111], [-79.772496, -1.723451], [-79.769978, -1.722376], [-79.762997, -1.729796], [-79.749878, -1.733364], [-79.747394, -1.736085], [-79.748672, -1.7384], [-79.745252, -1.74426], [-79.746073, -1.745506], [-79.74338, -1.746107], [-79.747971, -1.775807], [-79.74842, -1.787495], [-79.738452, -1.797927], [-79.736966, -1.806588], [-79.730375, -1.809098], [-79.728942, -1.825148], [-79.720662, -1.825913], [-79.719275, -1.827811], [-79.73177, -1.84048], [-79.731347, -1.846193], [-79.726989, -1.850339], [-79.717228, -1.850523], [-79.709644, -1.854518], [-79.710064, -1.859039], [-79.705604, -1.863084], [-79.704351, -1.866359], [-79.701449, -1.865821], [-79.697998, -1.869226], [-79.69582, -1.868038], [-79.685736, -1.867973], [-79.686219, -1.870548], [-79.683242, -1.876835], [-79.68407, -1.880677], [-79.680527, -1.882139], [-79.679591, -1.885204], [-79.675493, -1.886361], [-79.674646, -1.890249], [-79.672129, -1.890191], [-79.674753, -1.895335], [-79.673981, -1.896962], [-79.670104, -1.898], [-79.671507, -1.902079], [-79.671015, -1.910113], [-79.667346, -1.911171], [-79.666779, -1.913064], [-79.660402, -1.914467], [-79.661995, -1.918346], [-79.660771, -1.920262], [-79.656466, -1.923151], [-79.653009, -1.921012], [-79.648194, -1.921926], [-79.648194, -1.8992], [-79.637113, -1.899139], [-79.63531, -1.903693], [-79.63096, -1.906032], [-79.62797, -1.90962], [-79.62396, -1.910399], [-79.622921, -1.913044], [-79.621891, -1.911378], [-79.620689, -1.913416], [-79.617536, -1.910459], [-79.613138, -1.909728], [-79.61296, -1.905177], [-79.609977, -1.907457], [-79.609449, -1.903329], [-79.60626, -1.905551], [-79.603726, -1.904162], [-79.602273, -1.906666], [-79.599967, -1.906219], [-79.597062, -1.908119], [-79.591638, -1.904988], [-79.589813, -1.906593], [-79.583625, -1.904663], [-79.580366, -1.905133], [-79.577849, -1.903501], [-79.577032, -1.901071], [-79.573678, -1.900717], [-79.569072, -1.897921], [-79.56667, -1.899367], [-79.562547, -1.898992], [-79.557872, -1.89333], [-79.558416, -1.890544], [-79.555598, -1.885547], [-79.549804, -1.886074], [-79.541354, -1.88243], [-79.538329, -1.885229], [-79.532574, -1.883025], [-79.524597, -1.885279], [-79.522181, -1.880431], [-79.520103, -1.882308], [-79.516284, -1.881636], [-79.513577, -1.883215], [-79.513405, -1.882181], [-79.506354, -1.883733], [-79.502556, -1.887087], [-79.499193, -1.887521], [-79.497751, -1.884867], [-79.493089, -1.886452], [-79.488965, -1.884265], [-79.48787, -1.891007], [-79.484891, -1.892491], [-79.48731, -1.894327], [-79.484573, -1.89632], [-79.486498, -1.897977], [-79.485494, -1.901232], [-79.481727, -1.904795], [-79.480224, -1.904549], [-79.477871, -1.908854], [-79.474896, -1.908686], [-79.476123, -1.91021], [-79.471656, -1.909965], [-79.471169, -1.911519], [-79.468864, -1.91047], [-79.467092, -1.91252], [-79.467673, -1.914759], [-79.465829, -1.914007], [-79.464042, -1.918395], [-79.459974, -1.915755], [-79.455731, -1.916846], [-79.453701, -1.925536], [-79.455654, -1.926973], [-79.453102, -1.929628], [-79.451909, -1.928675], [-79.446737, -1.935002], [-79.442339, -1.936018], [-79.442969, -1.938345], [-79.440397, -1.937259], [-79.440108, -1.939218], [-79.438426, -1.938753], [-79.437254, -1.940881], [-79.436537, -1.93904], [-79.432365, -1.939839], [-79.432841, -1.938342], [-79.428002, -1.94013], [-79.423713, -1.938175], [-79.422543, -1.935719], [-79.421517, -1.937456], [-79.419541, -1.935193], [-79.418393, -1.9387], [-79.416743, -1.937691], [-79.415875, -1.939799], [-79.40675, -1.941777], [-79.406663, -1.943696], [-79.405289, -1.943692], [-79.405944, -1.94501], [-79.410725, -1.945266], [-79.409996, -1.947118], [-79.412155, -1.948506], [-79.409564, -1.951008], [-79.411287, -1.952164], [-79.409331, -1.953366], [-79.411473, -1.955241], [-79.409218, -1.956323], [-79.409351, -1.958216], [-79.407103, -1.957548], [-79.405829, -1.960297], [-79.404992, -1.958548], [-79.403719, -1.960224], [-79.40077, -1.960264], [-79.403111, -1.961597], [-79.401937, -1.962926], [-79.403107, -1.96498], [-79.401112, -1.964511], [-79.40093, -1.967662], [-79.395601, -1.965909], [-79.39551, -1.964778], [-79.392503, -1.966567], [-79.389042, -1.964999], [-79.382885, -1.968887], [-79.376546, -1.967732], [-79.375449, -1.969486], [-79.373179, -1.968067], [-79.372599, -1.970207], [-79.369884, -1.971902], [-79.36865, -1.971268], [-79.369052, -1.976021], [-79.370695, -1.978321], [-79.367673, -1.978752], [-79.368637, -1.980609], [-79.366644, -1.980838], [-79.36199, -1.987695], [-79.35884, -1.986961], [-79.360244, -1.988289], [-79.358849, -1.990068], [-79.361326, -1.990799], [-79.357164, -1.994036], [-79.356015, -1.997129], [-79.358147, -1.998107], [-79.355463, -2.003667], [-79.352984, -2.004224], [-79.353442, -2.006252], [-79.351687, -2.007306], [-79.352852, -2.009325], [-79.348622, -2.011065], [-79.350014, -2.013016], [-79.345255, -2.012618], [-79.345142, -2.015411], [-79.34694, -2.016137], [-79.342576, -2.016133], [-79.344515, -2.018144], [-79.342397, -2.019444], [-79.344312, -2.020731], [-79.343521, -2.022158], [-79.342097, -2.020874], [-79.33817, -2.021461], [-79.33676, -2.026829], [-79.33853, -2.032475], [-79.335874, -2.03448], [-79.336484, -2.038247], [-79.333987, -2.035512], [-79.333215, -2.039319], [-79.334493, -2.041868], [-79.332234, -2.042342], [-79.331014, -2.039743], [-79.32993, -2.043478], [-79.326901, -2.045192], [-79.328039, -2.047697], [-79.321368, -2.050939], [-79.323083, -2.052282], [-79.321624, -2.056019], [-79.318407, -2.058992], [-79.31724, -2.063109], [-79.318507, -2.068741], [-79.31679, -2.074617], [-79.318891, -2.078634], [-79.318055, -2.08122], [-79.304043, -2.086466], [-79.298903, -2.094693], [-79.29802, -2.093776], [-79.291349, -2.097452], [-79.284812, -2.097341], [-79.280007, -2.099364], [-79.277473, -2.102089], [-79.271206, -2.104102], [-79.273691, -2.112124], [-79.27246, -2.113198], [-79.263575, -2.114305], [-79.262039, -2.115669], [-79.262399, -2.117193], [-79.2606, -2.117025], [-79.256648, -2.121304], [-79.246546, -2.124611], [-79.242593, -2.130493], [-79.238593, -2.13248], [-79.238543, -2.115728], [-79.244433, -2.110313], [-79.244433, -2.103072], [-79.235811, -2.103996], [-79.23156, -2.108165], [-79.228595, -2.117309], [-79.223754, -2.121922], [-79.2003, -2.133257], [-79.194014, -2.131137], [-79.187929, -2.141686], [-79.183602, -2.14376], [-79.179571, -2.142243], [-79.179938, -2.14497], [-79.175854, -2.145916], [-79.168846, -2.141325], [-79.168887, -2.133399], [-79.165679, -2.130348], [-79.164617, -2.125509], [-79.16169, -2.121696], [-79.155284, -2.119918], [-79.148896, -2.122134], [-79.142956, -2.121833], [-79.130549, -2.117654], [-79.1223, -2.119638], [-79.116399, -2.1262], [-79.12167, -2.135591], [-79.121068, -2.141027], [-79.117021, -2.139451], [-79.110194, -2.144648], [-79.105327, -2.143713], [-79.110514, -2.151582], [-79.11665, -2.155691], [-79.11665, -2.162657], [-79.13215, -2.174743], [-79.126608, -2.191599], [-79.12699, -2.202706], [-79.1435, -2.202807], [-79.153023, -2.201304], [-79.159246, -2.203274], [-79.178038, -2.198753], [-79.192563, -2.191423], [-79.199524, -2.194445], [-79.20244, -2.194262], [-79.205459, -2.196532], [-79.208424, -2.196057], [-79.210968, -2.197884], [-79.221161, -2.199539], [-79.22521, -2.197741], [-79.230866, -2.198263], [-79.234777, -2.19608], [-79.240278, -2.195626], [-79.243714, -2.197794], [-79.248337, -2.196349], [-79.249626, -2.211485], [-79.253064, -2.210911], [-79.254568, -2.216228], [-79.254568, -2.217658], [-79.249546, -2.220471], [-79.243595, -2.219647], [-79.237893, -2.215089], [-79.227798, -2.213058], [-79.224018, -2.210764], [-79.212479, -2.212868], [-79.198134, -2.212395], [-79.194469, -2.213834], [-79.188927, -2.212901], [-79.169055, -2.215058], [-79.15956, -2.214324], [-79.156221, -2.21178], [-79.14544, -2.211965], [-79.14295, -2.212582], [-79.14295, -2.23478], [-79.147283, -2.237092], [-79.150969, -2.252765], [-79.154122, -2.256999], [-79.157164, -2.258343], [-79.1674, -2.273965], [-79.168447, -2.281163], [-79.172914, -2.284977], [-79.175831, -2.298557], [-79.175369, -2.303799], [-79.186472, -2.305443], [-79.188463, -2.307374], [-79.197907, -2.310291], [-79.20364, -2.31046], [-79.208801, -2.312913], [-79.201564, -2.317651], [-79.201852, -2.318663], [-79.20031, -2.318069], [-79.199129, -2.320168], [-79.192827, -2.322888], [-79.190086, -2.328748], [-79.20082, -2.328748], [-79.199619, -2.334839], [-79.206685, -2.34067], [-79.209725, -2.34647], [-79.215259, -2.348167], [-79.215902, -2.353818], [-79.224558, -2.353817], [-79.224941, -2.349212], [-79.230015, -2.345761], [-79.238843, -2.346788], [-79.240367, -2.350818], [-79.247068, -2.349343], [-79.248309, -2.352421], [-79.250428, -2.353631], [-79.252404, -2.352834], [-79.253003, -2.357086], [-79.256633, -2.359344], [-79.254869, -2.361328], [-79.256515, -2.362661], [-79.255224, -2.362616], [-79.255363, -2.365901], [-79.256821, -2.365861], [-79.257402, -2.368473], [-79.260115, -2.369043], [-79.259877, -2.371239], [-79.26254, -2.370918], [-79.26607, -2.375115], [-79.262926, -2.377606], [-79.262058, -2.380398], [-79.26373, -2.383313], [-79.26373, -2.389489], [-79.274024, -2.387727], [-79.277916, -2.390679], [-79.283507, -2.392055], [-79.28931, -2.397069], [-79.300915, -2.398269], [-79.306037, -2.401165], [-79.307715, -2.39916], [-79.312468, -2.398563], [-79.315527, -2.395164], [-79.322367, -2.392315], [-79.323243, -2.388225], [-79.331538, -2.385421], [-79.335965, -2.37153], [-79.343448, -2.368352], [-79.349674, -2.36946], [-79.350781, -2.366638], [-79.360506, -2.362712], [-79.364567, -2.362424], [-79.367667, -2.360138], [-79.372281, -2.360745], [-79.375409, -2.358117], [-79.377878, -2.360422], [-79.381119, -2.360097], [-79.382853, -2.357479], [-79.385264, -2.356933], [-79.393336, -2.358752], [-79.399018, -2.354007], [-79.398294, -2.35161], [-79.401494, -2.347592], [-79.401855, -2.342928], [-79.404847, -2.340949], [-79.411425, -2.340269], [-79.41171, -2.336445], [-79.41602, -2.335886], [-79.420049, -2.359554], [-79.430543, -2.35906], [-79.433626, -2.373333], [-79.430637, -2.380113], [-79.42868, -2.379148], [-79.426519, -2.380641], [-79.424332, -2.378273], [-79.422799, -2.379324], [-79.421661, -2.377846], [-79.418681, -2.378333], [-79.448122, -2.42007], [-79.425254, -2.430624], [-79.436568, -2.438803], [-79.46694, -2.449162], [-79.471178, -2.448541], [-79.463436, -2.456672], [-79.464753, -2.456153], [-79.464037, -2.459137], [-79.465548, -2.459737], [-79.465123, -2.461139], [-79.46785, -2.460362], [-79.475949, -2.46269], [-79.476954, -2.464501], [-79.483509, -2.463545], [-79.485175, -2.46641], [-79.489475, -2.466455], [-79.49083, -2.470203], [-79.49427, -2.471124], [-79.49312, -2.473526], [-79.495163, -2.476825], [-79.497075, -2.475496], [-79.499977, -2.476548], [-79.503523, -2.480435], [-79.511784, -2.484534], [-79.512842, -2.486444], [-79.524195, -2.487855], [-79.524307, -2.495714], [-79.522339, -2.505353], [-79.519905, -2.505221], [-79.518994, -2.507129], [-79.505663, -2.499565], [-79.488476, -2.510949], [-79.500034, -2.523153], [-79.500836, -2.52591], [-79.509286, -2.526261], [-79.51225, -2.524927], [-79.515943, -2.526942], [-79.508926, -2.539648], [-79.507347, -2.539253], [-79.507943, -2.536598], [-79.503928, -2.536164], [-79.504116, -2.531638], [-79.499934, -2.533427], [-79.494825, -2.528384], [-79.488885, -2.529348], [-79.488474, -2.52503], [-79.480925, -2.522162], [-79.482031, -2.517984], [-79.481103, -2.515092], [-79.478433, -2.513109], [-79.473692, -2.512985], [-79.473094, -2.507835], [-79.466786, -2.506595], [-79.462811, -2.501154], [-79.453575, -2.49862], [-79.435398, -2.502905], [-79.418803, -2.49799], [-79.407313, -2.499133], [-79.405619, -2.497396], [-79.395136, -2.497087], [-79.390615, -2.500431], [-79.389257, -2.509617], [-79.385001, -2.51516], [-79.379187, -2.529654], [-79.391702, -2.529654], [-79.391702, -2.524604], [-79.397492, -2.516905], [-79.411678, -2.520628], [-79.420541, -2.521073], [-79.424627, -2.520589], [-79.428287, -2.518039], [-79.428286, -2.553096], [-79.424998, -2.555767], [-79.424998, -2.606785], [-79.436261, -2.603531], [-79.437173, -2.601764], [-79.441471, -2.603832], [-79.444188, -2.60903], [-79.443295, -2.609915], [-79.445837, -2.609549], [-79.447574, -2.611207], [-79.452309, -2.607572], [-79.473098, -2.607572], [-79.473098, -2.618544], [-79.471471, -2.621934], [-79.467306, -2.625086], [-79.466399, -2.632618], [-79.463858, -2.63839], [-79.464457, -2.64524], [-79.46004, -2.657386], [-79.486969, -2.677846], [-79.488303, -2.692982], [-79.502941, -2.767744], [-79.617951, -2.814243], [-79.621871, -2.814162], [-79.630137, -2.823622], [-79.635989, -2.823359], [-79.637776, -2.815507], [-79.642849, -2.816279], [-79.647066, -2.81947], [-79.650973, -2.817565], [-79.658657, -2.81854], [-79.670316, -2.82485], [-79.663071, -2.831974], [-79.657406, -2.834236], [-79.655016, -2.837278], [-79.653167, -2.837095], [-79.648088, -2.842362], [-79.641364, -2.843794], [-79.634817, -2.849127], [-79.628601, -2.850538], [-79.622468, -2.854464], [-79.614823, -2.854169], [-79.610439, -2.857401], [-79.605946, -2.855103], [-79.601388, -2.857748], [-79.601288, -2.86665], [-79.591704, -2.876598], [-79.585758, -2.877317], [-79.580999, -2.87518], [-79.578598, -2.876727], [-79.577551, -2.875124], [-79.570831, -2.877836], [-79.568913, -2.875879], [-79.562863, -2.876594], [-79.559934, -2.878755], [-79.558259, -2.877302], [-79.552897, -2.878482], [-79.551659, -2.877304], [-79.550771, -2.889545], [-79.560206, -2.893628], [-79.561216, -2.895556], [-79.594928, -2.895556], [-79.614176, -2.894221], [-79.614389, -2.892131], [-79.620149, -2.892132], [-79.620141, -2.898927], [-79.599255, -2.903563], [-79.585752, -2.901824], [-79.585752, -2.908101], [-79.591716, -2.910176], [-79.596703, -2.910043], [-79.596947, -2.912404], [-79.59384, -2.917768], [-79.608366, -2.921071], [-79.626116, -2.938529], [-79.634678, -2.950857], [-79.645854, -2.956101], [-79.642231, -2.959306], [-79.640788, -2.967709], [-79.636096, -2.971131], [-79.636996, -2.974282], [-79.635516, -2.977412], [-79.645252, -2.982966], [-79.645252, -2.989479], [-79.65116, -2.98872], [-79.654093, -2.986458], [-79.656264, -2.980171], [-79.660141, -2.97481], [-79.669946, -2.971505], [-79.684352, -2.976504], [-79.694719, -2.975122], [-79.702213, -2.976491], [-79.709589, -2.973103], [-79.719728, -2.978092], [-79.725867, -2.979212], [-79.727776, -2.985859], [-79.725996, -2.987277], [-79.724038, -2.986796], [-79.721731, -2.990757], [-79.718516, -2.990897], [-79.717127, -2.992943], [-79.715301, -2.991832], [-79.716701, -2.994872], [-79.715444, -3.000727], [-79.716912, -3.005748], [-79.712292, -3.015345], [-79.724482, -3.015072], [-79.734052, -3.009989], [-79.739563, -3.029561], [-79.745446, -3.0298], [-79.745422, -3.045411], [-79.749697, -3.050012], [-79.749517, -3.054119], [-79.755559, -3.058011], [-79.755699, -3.060109], [-79.760148, -3.063379], [-79.762989, -3.063376], [-79.765111, -3.06096], [-79.767237, -3.06197], [-79.767979, -3.060619], [-79.775595, -3.064307], [-79.798585, -3.055073], [-79.81553, -3.049959], [-79.816438, -3.050945], [-79.82192, -3.049908], [-79.825453, -3.055444], [-79.827999, -3.055144], [-79.828675, -3.053386], [-79.827544, -3.052275], [-79.831241, -3.052965], [-79.832484, -3.051124], [-79.834582, -3.054097], [-79.837442, -3.05251], [-79.83712, -3.055292], [-79.838572, -3.053494], [-79.839624, -3.054695], [-79.840881, -3.053716], [-79.841101, -3.051491], [-79.843, -3.054919], [-79.847351, -3.051536], [-79.847618, -3.04811], [-79.849944, -3.047187], [-79.850994, -3.049315], [-79.855073, -3.048263], [-79.856067, -3.051318], [-79.863162, -3.049581], [-79.861973, -3.052294], [-79.863548, -3.05466], [-79.869324, -3.060151], [-79.872571, -3.059262], [-79.868752, -3.046251], [-79.854152, -3.017761], [-79.847819, -2.999519], [-79.845472, -2.998526], [-79.849298, -2.987464], [-79.850083, -2.977797], [-79.852539, -2.976848], [-79.853477, -2.973873], [-79.853972, -2.939375], [-79.853206, -2.931197], [-79.851679, -2.929305], [-79.853618, -2.915486], [-79.852262, -2.912952], [-79.853883, -2.912049], [-79.851325, -2.906131], [-79.852712, -2.904558], [-79.852176, -2.900352], [-79.854329, -2.897505], [-79.852087, -2.89051], [-79.85388, -2.887301], [-79.852265, -2.883103], [-79.853079, -2.879133], [-79.847772, -2.878404], [-79.846024, -2.881341], [-79.842288, -2.882677], [-79.842561, -2.880623], [-79.83776, -2.877778], [-79.833178, -2.871315], [-79.830121, -2.869603], [-79.830348, -2.867703], [-79.82388, -2.859438], [-79.815948, -2.845029], [-79.817456, -2.841739], [-79.816314, -2.838185], [-79.81775, -2.830528], [-79.819422, -2.827301], [-79.81781, -2.803064], [-79.818627, -2.795449], [-79.817047, -2.792372], [-79.812658, -2.791165], [-79.813289, -2.789817], [-79.807353, -2.789513], [-79.809613, -2.787462], [-79.808075, -2.787126], [-79.809694, -2.786784], [-79.807572, -2.786194], [-79.803528, -2.773228], [-79.800761, -2.769489], [-79.797721, -2.769712], [-79.802005, -2.767048], [-79.798694, -2.758769], [-79.794767, -2.755129], [-79.792022, -2.756247], [-79.797423, -2.752734], [-79.795834, -2.740079], [-79.793051, -2.735472], [-79.792614, -2.721985], [-79.79396, -2.716207], [-79.790841, -2.704852], [-79.791478, -2.697535], [-79.789896, -2.687946], [-79.791147, -2.687305], [-79.79041, -2.685947], [-79.794385, -2.668132], [-79.79035, -2.665325], [-79.790432, -2.663832], [-79.78937, -2.664338], [-79.7901, -2.663135], [-79.785182, -2.66105], [-79.786005, -2.652778], [-79.770284, -2.64652], [-79.753367, -2.643129], [-79.751226, -2.642373], [-79.748301, -2.640419], [-79.742921, -2.633937], [-79.738994, -2.630734], [-79.737104, -2.629687], [-79.734643, -2.627746], [-79.723486, -2.612766], [-79.721954, -2.609641], [-79.721314, -2.606697], [-79.721719, -2.600243], [-79.722094, -2.598931], [-79.723195, -2.595435], [-79.726162, -2.588991], [-79.728945, -2.578615], [-79.728164, -2.574109], [-79.721515, -2.563549], [-79.720545, -2.561854], [-79.720075, -2.560719], [-79.71992, -2.559484], [-79.720136, -2.557], [-79.720384, -2.555624], [-79.721288, -2.554033], [-79.722734, -2.552277], [-79.730228, -2.545951], [-79.722734, -2.552277], [-79.720136, -2.557], [-79.720075, -2.560719], [-79.728164, -2.574109], [-79.728945, -2.578615], [-79.726162, -2.588991], [-79.721719, -2.600243], [-79.721314, -2.606697], [-79.723486, -2.612766], [-79.734643, -2.627746], [-79.738994, -2.630734], [-79.742921, -2.633937], [-79.751226, -2.642373], [-79.770284, -2.64652], [-79.786005, -2.652778], [-79.786837, -2.644684], [-79.796354, -2.642568], [-79.801638, -2.638014], [-79.803672, -2.618686], [-79.803031, -2.611359], [-79.799482, -2.597797], [-79.794975, -2.589607], [-79.793239, -2.580054], [-79.793634, -2.571], [-79.78813, -2.551882], [-79.783697, -2.541929], [-79.779798, -2.537466], [-79.775493, -2.534685], [-79.768991, -2.53343], [-79.769649, -2.521075], [-79.773985, -2.518449], [-79.783799, -2.498069], [-79.796104, -2.483813], [-79.797648, -2.444634], [-79.801804, -2.434883], [-79.815996, -2.410746], [-79.830646, -2.399792], [-79.833259, -2.395412], [-79.859861, -2.396615], [-79.861063, -2.412488], [-79.859379, -2.425159], [-79.855822, -2.431551], [-79.866171, -2.455123], [-79.873684, -2.493708], [-79.87911, -2.510845], [-79.886895, -2.526166], [-79.893208, -2.5583], [-79.898313, -2.572289], [-79.904522, -2.580236], [-79.915336, -2.587247], [-79.917996, -2.589963], [-79.917545, -2.59141], [-79.927116, -2.589609], [-79.930323, -2.594777], [-79.929107, -2.596621], [-79.93004, -2.599435], [-79.933357, -2.601708], [-79.940939, -2.602429], [-79.944631, -2.608104], [-79.939625, -2.614151], [-79.93799, -2.622227], [-79.936534, -2.64238], [-79.937961, -2.656085], [-79.94538, -2.657756], [-79.969608, -2.652584], [-79.984603, -2.652406], [-79.994679, -2.64933], [-79.99532, -2.647304], [-79.99683, -2.648029], [-79.998927, -2.646548], [-80.001559, -2.639792], [-80.010083, -2.63192], [-80.01405, -2.631589], [-80.018595, -2.628671], [-80.030507, -2.613863], [-80.040119, -2.617353], [-80.04388, -2.616886], [-80.045564, -2.614155], [-80.053659, -2.614252], [-80.061091, -2.610956], [-80.062532, -2.608044], [-80.061684, -2.600436], [-80.058835, -2.597023], [-80.059987, -2.595504], [-80.064809, -2.595209], [-80.068374, -2.590146], [-80.06754, -2.586618], [-80.062614, -2.583249], [-80.061806, -2.580263], [-80.067252, -2.574297], [-80.06598, -2.568136], [-80.055318, -2.559896], [-80.051373, -2.554945], [-80.044521, -2.553058], [-80.042414, -2.556476], [-80.035515, -2.556878], [-80.02861, -2.552594], [-80.02268, -2.544195], [-80.017699, -2.530894], [-80.015694, -2.518165], [-80.016367, -2.507265], [-80.028691, -2.504389], [-80.035755, -2.499917], [-80.033994, -2.484845], [-80.031739, -2.481686], [-80.033063, -2.478847], [-80.032466, -2.471646], [-80.02242, -2.446319], [-80.022684, -2.442493], [-80.025935, -2.43525], [-80.025086, -2.42898], [-80.021328, -2.426608], [-80.014804, -2.431099], [-80.008508, -2.432071], [-80.007527, -2.424539], [-80.00845, -2.421006], [-80.011035, -2.418474], [-80.014543, -2.417959], [-80.015334, -2.413755], [-80.010332, -2.401126], [-80.011268, -2.385909], [-80.008432, -2.384636], [-80.006245, -2.387668], [-80.004019, -2.385812], [-80.00475, -2.376039], [-80.00333, -2.372828], [-80.005316, -2.36516], [-79.998118, -2.362595], [-79.992057, -2.363432], [-79.991175, -2.364994], [-79.984991, -2.367247], [-79.980562, -2.364894], [-79.978073, -2.360976], [-79.974162, -2.359806], [-79.967937, -2.350466], [-79.963605, -2.347577], [-79.952446, -2.333648], [-79.94831, -2.333545], [-79.944473, -2.329219], [-79.944449, -2.325754], [-79.941403, -2.322215], [-79.938513, -2.314569], [-79.935375, -2.313662], [-79.92603, -2.315899], [-79.923162, -2.315127], [-79.920067, -2.31726], [-79.912129, -2.314676], [-79.909183, -2.310467], [-79.908439, -2.306414], [-79.911737, -2.297959], [-79.917429, -2.29809], [-79.918251, -2.305707], [-79.926275, -2.30139], [-79.929745, -2.30284], [-79.936248, -2.300348], [-79.939916, -2.301472], [-79.940751, -2.303942], [-79.9492, -2.308499], [-79.95211, -2.314136], [-79.954916, -2.314003], [-79.960648, -2.321071], [-79.961382, -2.325504], [-79.966729, -2.330664], [-79.968252, -2.335284], [-79.97273, -2.337051], [-79.981447, -2.344683], [-79.989207, -2.345684], [-80.013519, -2.342349], [-80.020575, -2.345444], [-80.019832, -2.352336], [-80.026682, -2.356511], [-80.02951, -2.363533], [-80.03106, -2.371404], [-80.029696, -2.379825], [-80.032239, -2.383237], [-80.032819, -2.389976], [-80.034256, -2.392429], [-80.041476, -2.39532], [-80.047118, -2.403492], [-80.049672, -2.404606], [-80.048598, -2.410625], [-80.052613, -2.417738], [-80.054025, -2.431633], [-80.056263, -2.433706], [-80.056405, -2.436601], [-80.059308, -2.439154], [-80.066955, -2.461829], [-80.071914, -2.469051], [-80.078377, -2.474483], [-80.083814, -2.491462], [-80.096394, -2.509228], [-80.100874, -2.521055], [-80.104101, -2.522975], [-80.106095, -2.527608], [-80.116657, -2.536923], [-80.1247, -2.547675], [-80.127334, -2.549885], [-80.128935, -2.549171], [-80.127999, -2.550238], [-80.129652, -2.552338], [-80.147854, -2.571229], [-80.150148, -2.571466], [-80.154315, -2.566403], [-80.15928, -2.566741], [-80.165936, -2.580685], [-80.172093, -2.587827], [-80.173095, -2.596476], [-80.197523, -2.600047], [-80.209843, -2.605102], [-80.213655, -2.608217], [-80.215133, -2.618865], [-80.220255, -2.627173], [-80.230171, -2.63675], [-80.235513, -2.639304], [-80.23904, -2.638275], [-80.241593, -2.63986], [-80.243749, -2.644936], [-80.250828, -2.646261], [-80.254599, -2.642799], [-80.254798, -2.640908], [-80.258217, -2.639237], [-80.258818, -2.642105], [-80.255218, -2.653288], [-80.255906, -2.657591], [-80.2545, -2.658322], [-80.254929, -2.663316], [-80.253396, -2.668227], [-80.253306, -2.684465], [-80.245296, -2.698003], [-80.246297, -2.697245], [-80.246829, -2.698568], [-80.243367, -2.703067], [-80.243372, -2.705387], [-80.242135, -2.70524], [-80.24317, -2.706033], [-80.241991, -2.705647], [-80.241378, -2.706666], [-80.240947, -2.706514], [-80.240829, -2.706952], [-80.245405, -2.718685], [-80.243259, -2.721943], [-80.242707, -2.721216], [-80.243693, -2.723764], [-80.242637, -2.724227], [-80.242733, -2.724839], [-80.243609, -2.724419], [-80.246764, -2.730367], [-80.248149, -2.737426], [-80.251268, -2.741973], [-80.254057, -2.74357], [-80.257271, -2.743261], [-80.275551, -2.737209], [-80.292329, -2.726642], [-80.301689, -2.723382], [-80.30858, -2.716681], [-80.309492, -2.717524]], [[-79.84777, -2.002469], [-79.847686, -2.002583], [-79.847614, -2.003444], [-79.847587, -2.003623], [-79.847583, -2.003688], [-79.847581, -2.003895], [-79.847571, -2.004186], [-79.84756, -2.004318], [-79.847544, -2.004435], [-79.847536, -2.004486], [-79.847571, -2.004186], [-79.847583, -2.003688], [-79.847587, -2.003623], [-79.847686, -2.002583], [-79.84777, -2.002469]], [[-79.847523, -2.00458], [-79.848143, -2.006738], [-79.848148, -2.006764], [-79.848147, -2.006821], [-79.848119, -2.006962], [-79.848149, -2.007164], [-79.848172, -2.007512], [-79.84822, -2.008665], [-79.848221, -2.008887], [-79.848315, -2.008941], [-79.848221, -2.008887], [-79.848119, -2.006962], [-79.848143, -2.006738], [-79.847523, -2.00458]], [[-79.849015, -2.008917], [-79.849082, -2.00892], [-79.84912, -2.008927], [-79.849142, -2.008937], [-79.849167, -2.008957], [-79.849194, -2.008983], [-79.849216, -2.009038], [-79.84923, -2.009448], [-79.849234, -2.00971], [-79.849015, -2.008917]], [[-79.849227, -2.009778], [-79.849242, -2.00987], [-79.849249, -2.009952], [-79.849261, -2.010516], [-79.849298, -2.010646], [-79.849294, -2.010675], [-79.849283, -2.010725], [-79.849296, -2.010967], [-79.849292, -2.011014], [-79.849284, -2.011051], [-79.849273, -2.011066], [-79.849255, -2.011073], [-79.849217, -2.01108], [-79.848704, -2.011129], [-79.849227, -2.009778]], [[-79.848668, -2.011213], [-79.84867, -2.011345], [-79.848679, -2.01147], [-79.848679, -2.011549], [-79.848662, -2.012428], [-79.848629, -2.01309], [-79.848649, -2.013399], [-79.84866, -2.013625], [-79.848661, -2.013747], [-79.848659, -2.013819], [-79.848656, -2.013868], [-79.848648, -2.013899], [-79.848635, -2.013914], [-79.848603, -2.013923], [-79.848533, -2.013939], [-79.848434, -2.013948], [-79.848434, -2.013948], [-79.848668, -2.011213]], [[-79.848339, -2.013951], [-79.848306, -2.014025], [-79.848358, -2.014321], [-79.848393, -2.014528], [-79.848397, -2.014594], [-79.848391, -2.014666], [-79.848407, -2.014841], [-79.84845, -2.01508], [-79.848507, -2.015312], [-79.848568, -2.015592], [-79.848624, -2.015894], [-79.848654, -2.016172], [-79.848665, -2.016376], [-79.848995, -2.016401], [-79.849026, -2.016412], [-79.849033, -2.016432], [-79.849033, -2.016461], [-79.848998, -2.016602], [-79.848802, -2.017229], [-79.848531, -2.017894], [-79.847959, -2.019145], [-79.847579, -2.02161], [-79.847959, -2.019145], [-79.849033, -2.016461], [-79.848665, -2.016376], [-79.848407, -2.014841], [-79.848306, -2.014025], [-79.848339, -2.013951]], [[-79.852552, -2.019985], [-79.853996, -2.024326], [-79.854336, -2.024462], [-79.853996, -2.024326], [-79.852552, -2.019985]], [[-79.860846, -2.026124], [-79.862401, -2.027029], [-79.860893, -2.030262], [-79.860881, -2.031971], [-79.860815, -2.035109], [-79.86083, -2.035918], [-79.860815, -2.036156], [-79.860819, -2.036835], [-79.860815, -2.037003], [-79.860807, -2.037065], [-79.860782, -2.037134], [-79.860751, -2.037192], [-79.860716, -2.037254], [-79.860698, -2.037333], [-79.860701, -2.037358], [-79.860721, -2.037747], [-79.860749, -2.038064], [-79.86086, -2.039007], [-79.861014, -2.039284], [-79.861191, -2.039535], [-79.861357, -2.039785], [-79.86149, -2.039995], [-79.861502, -2.040018], [-79.86152, -2.040052], [-79.861539, -2.040092], [-79.861558, -2.040145], [-79.861566, -2.040182], [-79.861583, -2.040267], [-79.861607, -2.040439], [-79.861682, -2.04079], [-79.86183, -2.041314], [-79.861916, -2.041572], [-79.8622, -2.042281], [-79.862265, -2.042473], [-79.862287, -2.042541], [-79.862307, -2.04265], [-79.862293, -2.043044], [-79.862278, -2.043241], [-79.862256, -2.043422], [-79.862234, -2.0436], [-79.862227, -2.043737], [-79.862238, -2.044075], [-79.862227, -2.043737], [-79.862234, -2.0436], [-79.862293, -2.043044], [-79.862307, -2.04265], [-79.862287, -2.042541], [-79.86086, -2.039007], [-79.860749, -2.038064], [-79.860721, -2.037747], [-79.860698, -2.037333], [-79.860893, -2.030262], [-79.862401, -2.027029], [-79.860846, -2.026124]], [[-79.862255, -2.044119], [-79.862263, -2.044194], [-79.862267, -2.04429], [-79.862262, -2.044388], [-79.862257, -2.044443], [-79.862255, -2.044119]], [[-79.862229, -2.044591], [-79.863107, -2.046672], [-79.863094, -2.046645], [-79.86297, -2.046407], [-79.862921, -2.046342], [-79.862851, -2.046257], [-79.862262, -2.045687], [-79.862229, -2.044591]], [[-79.863152, -2.046779], [-79.863157, -2.046833], [-79.863157, -2.046961], [-79.863152, -2.047071], [-79.863132, -2.047235], [-79.863152, -2.046779]], [[-79.863106, -2.047358], [-79.863132, -2.047235], [-79.863132, -2.047235], [-79.863106, -2.047358]], [[-79.863052, -2.047603], [-79.865443, -2.054974], [-79.865438, -2.054966], [-79.865335, -2.054816], [-79.865141, -2.054465], [-79.864968, -2.054175], [-79.864922, -2.054106], [-79.864851, -2.054032], [-79.864067, -2.053411], [-79.863955, -2.053232], [-79.863928, -2.052847], [-79.863948, -2.052533], [-79.86398, -2.052043], [-79.86401, -2.051201], [-79.864015, -2.051049], [-79.86401, -2.051001], [-79.864018, -2.050907], [-79.864015, -2.050842], [-79.86388, -2.050385], [-79.863837, -2.05027], [-79.863788, -2.050175], [-79.863729, -2.05009], [-79.863567, -2.049866], [-79.863372, -2.049635], [-79.863235, -2.049432], [-79.863052, -2.047603]], [[-79.865535, -2.055167], [-79.865553, -2.055251], [-79.865588, -2.055494], [-79.865518, -2.055124], [-79.865535, -2.055167]], [[-79.865609, -2.055606], [-79.865652, -2.055837], [-79.865587, -2.055848], [-79.865578, -2.055849], [-79.865552, -2.055853], [-79.865518, -2.055859], [-79.865696, -2.05631], [-79.865518, -2.055859], [-79.865609, -2.055606]], [[-79.865726, -2.056376], [-79.865738, -2.056401], [-79.865776, -2.05649], [-79.865797, -2.056535], [-79.865852, -2.056661], [-79.865906, -2.056784], [-79.865916, -2.056807], [-79.866113, -2.057256], [-79.866177, -2.057416], [-79.86618, -2.057426], [-79.866191, -2.057456], [-79.866195, -2.057467], [-79.865398, -2.058155], [-79.86601, -2.058725], [-79.865398, -2.058155], [-79.865726, -2.056376]], [[-79.866523, -2.058629], [-79.866639, -2.058669], [-79.866824, -2.058744], [-79.866905, -2.058768], [-79.866824, -2.058744], [-79.866523, -2.058629]], [[-79.86738, -2.058728], [-79.867877, -2.059031], [-79.867861, -2.059022], [-79.867668, -2.058921], [-79.86738, -2.058728]], [[-79.868056, -2.059142], [-79.868072, -2.059157], [-79.868092, -2.059183], [-79.868117, -2.059235], [-79.868174, -2.059385], [-79.868056, -2.059142]], [[-79.868258, -2.059436], [-79.868258, -2.059436], [-79.868256, -2.059435], [-79.868258, -2.059436]], [[-79.868919, -2.059362], [-79.868938, -2.059367], [-79.86899, -2.059391], [-79.869084, -2.059471], [-79.869266, -2.059652], [-79.869451, -2.059838], [-79.869527, -2.059948], [-79.869698, -2.060259], [-79.869722, -2.060319], [-79.869767, -2.060625], [-79.869933, -2.060723], [-79.869767, -2.060625], [-79.869451, -2.059838], [-79.868919, -2.059362]], [[-79.870283, -2.060889], [-79.870377, -2.060926], [-79.870429, -2.060932], [-79.870377, -2.060926], [-79.870283, -2.060889]], [[-79.870557, -2.060868], [-79.870496, -2.060916], [-79.870615, -2.060808], [-79.870608, -2.060818], [-79.870557, -2.060868]], [[-79.870734, -2.060778], [-79.870803, -2.060811], [-79.870889, -2.060867], [-79.870908, -2.06088], [-79.870734, -2.060778]], [[-79.871257, -2.061176], [-79.87247, -2.061898], [-79.871854, -2.061771], [-79.871715, -2.061586], [-79.871674, -2.061537], [-79.8716, -2.061462], [-79.871257, -2.061176]], [[-79.872585, -2.061896], [-79.872637, -2.061898], [-79.87272, -2.061919], [-79.872781, -2.061944], [-79.872807, -2.061961], [-79.872885, -2.062025], [-79.872887, -2.062028], [-79.872585, -2.061896]], [[-79.872961, -2.062125], [-79.873013, -2.062209], [-79.873017, -2.062219], [-79.872956, -2.062118], [-79.872961, -2.062125]], [[-79.873061, -2.062318], [-79.873087, -2.062416], [-79.873108, -2.062484], [-79.873126, -2.062551], [-79.873167, -2.062839], [-79.873165, -2.062897], [-79.873152, -2.062948], [-79.873119, -2.063], [-79.872996, -2.063166], [-79.872911, -2.063303], [-79.872825, -2.063579], [-79.872951, -2.063663], [-79.873006, -2.06371], [-79.873084, -2.063801], [-79.873115, -2.063826], [-79.873129, -2.063833], [-79.873131, -2.063834], [-79.873115, -2.063826], [-79.873084, -2.063801], [-79.872951, -2.063663], [-79.872825, -2.063579], [-79.873061, -2.062318]], [[-79.873204, -2.063867], [-79.873179, -2.06386], [-79.873287, -2.063844], [-79.873204, -2.063867]], [[-79.873344, -2.063835], [-79.873423, -2.063832], [-79.873289, -2.063844], [-79.873344, -2.063835]], [[-79.873423, -2.063832], [-79.873439, -2.063836], [-79.87355, -2.063866], [-79.873834, -2.063993], [-79.873926, -2.064008], [-79.873834, -2.063993], [-79.873423, -2.063832]], [[-79.874085, -2.064004], [-79.874121, -2.064014], [-79.874161, -2.06403], [-79.874196, -2.064056], [-79.874235, -2.064086], [-79.87427, -2.064125], [-79.874295, -2.064159], [-79.87435, -2.064254], [-79.874742, -2.06447], [-79.87435, -2.064254], [-79.874085, -2.064004]], [[-79.874815, -2.064477], [-79.874815, -2.064477], [-79.874814, -2.064477], [-79.874815, -2.064477]], [[-79.875131, -2.064166], [-79.875105, -2.064242], [-79.875162, -2.064076], [-79.875131, -2.064166]], [[-79.875297, -2.063812], [-79.875343, -2.063761], [-79.875249, -2.063881], [-79.875297, -2.063812]], [[-79.876123, -2.063066], [-79.876023, -2.063123], [-79.876414, -2.062893], [-79.876123, -2.063066]], [[-79.876598, -2.062767], [-79.876533, -2.062817], [-79.876624, -2.062739], [-79.876598, -2.062767]], [[-79.877072, -2.062219], [-79.877147, -2.062227], [-79.877498, -2.062313], [-79.877631, -2.062349], [-79.877745, -2.062364], [-79.877631, -2.062349], [-79.877072, -2.062219]], [[-79.878003, -2.062339], [-79.878158, -2.062376], [-79.878087, -2.062363], [-79.878078, -2.062357], [-79.878003, -2.062339]], [[-79.878726, -2.061954], [-79.878782, -2.061906], [-79.878652, -2.062051], [-79.878726, -2.061954]], [[-79.880561, -2.061774], [-79.881081, -2.061959], [-79.880959, -2.061935], [-79.880823, -2.061884], [-79.880665, -2.061812], [-79.880561, -2.061774]], [[-79.859781, -2.254562], [-79.854925, -2.258292], [-79.850069, -2.261447], [-79.845642, -2.264316], [-79.843641, -2.267042], [-79.841479, -2.293319], [-79.840905, -2.296908], [-79.836896, -2.311695], [-79.836321, -2.316864], [-79.836031, -2.322607], [-79.83645, -2.333952], [-79.836468, -2.339353], [-79.824196, -2.339583], [-79.836468, -2.339353], [-79.836031, -2.322607], [-79.836321, -2.316864], [-79.836896, -2.311695], [-79.841479, -2.293319], [-79.843641, -2.267042], [-79.845642, -2.264316], [-79.859781, -2.254562]], [[-79.824043, -2.339636], [-79.824018, -2.339639], [-79.824018, -2.339639], [-79.824045, -2.339636], [-79.824043, -2.339636]], [[-79.823806, -2.339244], [-79.823866, -2.339172], [-79.823797, -2.339263], [-79.823806, -2.339244]], [[-79.823934, -2.338883], [-79.823841, -2.3389], [-79.823713, -2.339015], [-79.823841, -2.3389], [-79.823934, -2.338883]], [[-79.823602, -2.339116], [-79.823539, -2.339141], [-79.823454, -2.339149], [-79.823633, -2.339092], [-79.823602, -2.339116]], [[-79.82322, -2.339124], [-79.823206, -2.339116], [-79.823184, -2.339087], [-79.823269, -2.339137], [-79.82322, -2.339124]], [[-79.822803, -2.337996], [-79.822827, -2.338007], [-79.822738, -2.33798], [-79.822803, -2.337996]], [[-79.822641, -2.337981], [-79.822714, -2.337978], [-79.822639, -2.337981], [-79.822641, -2.337981]], [[-79.822383, -2.338025], [-79.822308, -2.338028], [-79.82228, -2.33803], [-79.822308, -2.338028], [-79.822383, -2.338025], [-79.822383, -2.338025]], [[-79.821814, -2.337644], [-79.821762, -2.337555], [-79.82185, -2.337704], [-79.821814, -2.337644]], [[-79.82159, -2.337341], [-79.821674, -2.337437], [-79.821573, -2.337325], [-79.82159, -2.337341]], [[-79.821273, -2.337178], [-79.821342, -2.337196], [-79.821215, -2.337172], [-79.821273, -2.337178]], [[-79.821155, -2.337174], [-79.821214, -2.337172], [-79.821118, -2.33718], [-79.821155, -2.337174]], [[-79.821075, -2.3372], [-79.821024, -2.337251], [-79.821014, -2.337266], [-79.821024, -2.337251], [-79.821075, -2.3372]], [[-79.820968, -2.337351], [-79.820928, -2.337408], [-79.820897, -2.337433], [-79.820844, -2.337469], [-79.820773, -2.337509], [-79.820709, -2.33753], [-79.820968, -2.337351]], [[-79.820362, -2.337484], [-79.820425, -2.337475], [-79.820287, -2.337518], [-79.82029, -2.337517], [-79.820362, -2.337484]], [[-79.820153, -2.337622], [-79.820164, -2.337611], [-79.82011, -2.337677], [-79.820113, -2.337673], [-79.820153, -2.337622]], [[-79.820072, -2.337749], [-79.820053, -2.337863], [-79.820047, -2.337879], [-79.820035, -2.337889], [-79.820015, -2.337898], [-79.819966, -2.337905], [-79.820072, -2.337749]], [[-79.819865, -2.337895], [-79.819805, -2.337866], [-79.819929, -2.337903], [-79.819865, -2.337895]], [[-79.81953, -2.337819], [-79.81892, -2.337852], [-79.818859, -2.337847], [-79.819603, -2.337813], [-79.81953, -2.337819]], [[-79.818163, -2.337492], [-79.81815, -2.33747], [-79.818222, -2.337572], [-79.818163, -2.337492]], [[-79.817693, -2.336527], [-79.817681, -2.336495], [-79.817707, -2.336554], [-79.817693, -2.336527]], [[-79.817545, -2.336391], [-79.817571, -2.336404], [-79.817517, -2.33638], [-79.817545, -2.336391]], [[-79.816647, -2.336049], [-79.816442, -2.336119], [-79.816424, -2.336124], [-79.81639, -2.336124], [-79.816647, -2.336049]], [[-79.816186, -2.335979], [-79.816223, -2.33602], [-79.816106, -2.335933], [-79.816186, -2.335979]], [[-79.814457, -2.334824], [-79.814499, -2.334831], [-79.814441, -2.334823], [-79.814457, -2.334824]], [[-79.814369, -2.33483], [-79.814366, -2.33483], [-79.814282, -2.334835], [-79.814441, -2.334823], [-79.814369, -2.33483]], [[-79.814247, -2.334834], [-79.814234, -2.334833], [-79.814282, -2.334835], [-79.814247, -2.334834]], [[-79.814212, -2.334829], [-79.814201, -2.334825], [-79.814216, -2.33483], [-79.814212, -2.334829]], [[-79.814013, -2.334198], [-79.814035, -2.334215], [-79.813951, -2.33417], [-79.814013, -2.334198]], [[-79.813829, -2.333806], [-79.813832, -2.333813], [-79.813832, -2.333813], [-79.813829, -2.333806]], [[-79.81375, -2.33377], [-79.813736, -2.333773], [-79.813698, -2.333794], [-79.813671, -2.333805], [-79.813616, -2.333818], [-79.813577, -2.33382], [-79.813671, -2.333805], [-79.813736, -2.333773], [-79.81375, -2.33377], [-79.81378, -2.333768], [-79.81375, -2.33377]], [[-79.81352, -2.333623], [-79.813511, -2.333639], [-79.813533, -2.333595], [-79.81352, -2.333623]], [[-79.812969, -2.332958], [-79.812934, -2.332933], [-79.812996, -2.332977], [-79.812969, -2.332958]], [[-79.809696, -2.331862], [-79.809819, -2.331876], [-79.809565, -2.33186], [-79.809696, -2.331862]], [[-79.809456, -2.331871], [-79.809318, -2.331902], [-79.809251, -2.331914], [-79.809203, -2.331919], [-79.809456, -2.331871]], [[-79.809101, -2.331866], [-79.809027, -2.331785], [-79.809161, -2.331901], [-79.809101, -2.331866]], [[-79.808347, -2.331638], [-79.80849, -2.331636], [-79.808078, -2.331684], [-79.808192, -2.331669], [-79.808347, -2.331638]], [[-79.806451, -2.331026], [-79.806316, -2.331153], [-79.806244, -2.331179], [-79.805799, -2.331225], [-79.805714, -2.331222], [-79.806451, -2.331026]], [[-79.804768, -2.329771], [-79.804687, -2.329689], [-79.804842, -2.329837], [-79.804768, -2.329771]], [[-79.804506, -2.329531], [-79.804562, -2.329564], [-79.804359, -2.329457], [-79.804506, -2.329531]], [[-79.800425, -2.328193], [-79.800296, -2.328197], [-79.800706, -2.328178], [-79.800425, -2.328193]], [[-79.799611, -2.328182], [-79.799611, -2.328182], [-79.799871, -2.328175], [-79.799611, -2.328182]], [[-79.799373, -2.328149], [-79.799336, -2.328125], [-79.799434, -2.328172], [-79.799373, -2.328149]], [[-79.798983, -2.328019], [-79.798983, -2.328019], [-79.799078, -2.328014], [-79.798983, -2.328019]], [[-79.798579, -2.327995], [-79.798435, -2.327976], [-79.798758, -2.328014], [-79.798579, -2.327995]], [[-79.798339, -2.328009], [-79.798205, -2.328057], [-79.79811, -2.32809], [-79.797958, -2.328133], [-79.797796, -2.328169], [-79.797648, -2.32819], [-79.797039, -2.328226], [-79.798339, -2.328009]], [[-79.795681, -2.32771], [-79.795839, -2.327736], [-79.795465, -2.327718], [-79.795472, -2.327717], [-79.795681, -2.32771]], [[-79.794523, -2.327771], [-79.794311, -2.327788], [-79.79419, -2.327778], [-79.794677, -2.327719], [-79.794523, -2.327771]], [[-79.793959, -2.327804], [-79.793955, -2.327804], [-79.794189, -2.327778], [-79.793959, -2.327804]], [[-79.793607, -2.327837], [-79.793607, -2.327837], [-79.793608, -2.327837], [-79.793607, -2.327837]], [[-79.793327, -2.327849], [-79.792998, -2.327914], [-79.792923, -2.327925], [-79.792852, -2.327927], [-79.792779, -2.327929], [-79.79269, -2.32793], [-79.793327, -2.327849]], [[-79.792427, -2.327923], [-79.792049, -2.327969], [-79.791798, -2.327989], [-79.792322, -2.327931], [-79.792427, -2.327923], [-79.792572, -2.327922], [-79.792427, -2.327923]], [[-79.789932, -2.327725], [-79.789632, -2.327603], [-79.790104, -2.327784], [-79.789932, -2.327725]], [[-79.788015, -2.326829], [-79.787957, -2.326772], [-79.788102, -2.326906], [-79.788015, -2.326829]], [[-79.787574, -2.32664], [-79.787734, -2.326658], [-79.787417, -2.326642], [-79.787574, -2.32664]], [[-79.786811, -2.326617], [-79.78701, -2.326631], [-79.78662, -2.326604], [-79.786811, -2.326617]], [[-79.786037, -2.326506], [-79.785749, -2.326568], [-79.785261, -2.326654], [-79.785171, -2.326667], [-79.785053, -2.32668], [-79.785053, -2.32668], [-79.786037, -2.326506]], [[-79.784816, -2.326714], [-79.784693, -2.326751], [-79.784613, -2.326768], [-79.78459, -2.326771], [-79.784816, -2.326714]], [[-79.78429, -2.326258], [-79.784292, -2.326257], [-79.784292, -2.326257], [-79.78429, -2.326258]], [[-79.784187, -2.326296], [-79.78411, -2.32639], [-79.784064, -2.326403], [-79.78411, -2.32639], [-79.784187, -2.326296]], [[-79.783112, -2.326275], [-79.783161, -2.326275], [-79.783031, -2.326275], [-79.783078, -2.326275], [-79.783112, -2.326275]], [[-79.782986, -2.32627], [-79.782984, -2.326269], [-79.783015, -2.326274], [-79.782986, -2.32627]], [[-79.782587, -2.326172], [-79.782587, -2.326172], [-79.782631, -2.326172], [-79.782587, -2.326172]], [[-79.782555, -2.326172], [-79.78254, -2.326172], [-79.782492, -2.326179], [-79.78254, -2.326172], [-79.782555, -2.326172]], [[-79.782375, -2.326179], [-79.782323, -2.326183], [-79.782276, -2.326192], [-79.782201, -2.326202], [-79.7821, -2.326214], [-79.782055, -2.326217], [-79.781918, -2.326219], [-79.7821, -2.326214], [-79.782323, -2.326183], [-79.782375, -2.326179], [-79.78241, -2.326178], [-79.782375, -2.326179]], [[-79.781843, -2.326217], [-79.781772, -2.326207], [-79.781917, -2.326219], [-79.781843, -2.326217]], [[-79.780562, -2.322134], [-79.779946, -2.322462], [-79.779711, -2.322577], [-79.779473, -2.322691], [-79.77909, -2.322858], [-79.778747, -2.323006], [-79.778123, -2.323317], [-79.777697, -2.323508], [-79.777033, -2.323821], [-79.776671, -2.323988], [-79.775993, -2.324335], [-79.775161, -2.324718], [-79.775383, -2.324968], [-79.775161, -2.324817], [-79.775161, -2.324718], [-79.775993, -2.324335], [-79.776671, -2.323988], [-79.778747, -2.323006], [-79.779473, -2.322691], [-79.780562, -2.322134], [-79.781771, -2.321584], [-79.780562, -2.322134]], [[-79.775545, -2.32489], [-79.775525, -2.324909], [-79.775564, -2.324856], [-79.775545, -2.32489]], [[-79.775777, -2.324776], [-79.77583, -2.324787], [-79.77602, -2.324948], [-79.77583, -2.324787], [-79.775777, -2.324776]], [[-79.77653, -2.324783], [-79.776562, -2.324805], [-79.776583, -2.324841], [-79.77659, -2.324916], [-79.776594, -2.325035], [-79.776569, -2.325142], [-79.776536, -2.325203], [-79.776469, -2.325282], [-79.7759, -2.325502], [-79.77653, -2.324783]], [[-79.775786, -2.325723], [-79.776467, -2.327141], [-79.776474, -2.327342], [-79.776459, -2.327508], [-79.776438, -2.327637], [-79.776356, -2.327744], [-79.776299, -2.327787], [-79.775786, -2.325723]], [[-79.775709, -2.327769], [-79.775517, -2.328791], [-79.775796, -2.328946], [-79.776076, -2.329009], [-79.776404, -2.329124], [-79.776519, -2.329206], [-79.776604, -2.32934], [-79.776652, -2.329478], [-79.776661, -2.329641], [-79.776599, -2.329766], [-79.776475, -2.32989], [-79.776309, -2.329986], [-79.776056, -2.330091], [-79.775656, -2.330196], [-79.775431, -2.330342], [-79.775378, -2.33061], [-79.77549, -2.331222], [-79.775494, -2.331253], [-79.775517, -2.331469], [-79.775522, -2.331617], [-79.775512, -2.331722], [-79.775398, -2.331856], [-79.775284, -2.331933], [-79.775136, -2.33198], [-79.775512, -2.331722], [-79.775378, -2.33061], [-79.775431, -2.330342], [-79.775656, -2.330196], [-79.776309, -2.329986], [-79.776661, -2.329641], [-79.775517, -2.328791], [-79.775709, -2.327769]], [[-79.774345, -2.331741], [-79.774351, -2.331739], [-79.774286, -2.331758], [-79.774288, -2.331757], [-79.774345, -2.331741]], [[-79.77421, -2.331798], [-79.774187, -2.331818], [-79.774175, -2.331825], [-79.774152, -2.331831], [-79.774106, -2.331839], [-79.774008, -2.331855], [-79.773851, -2.331893], [-79.773822, -2.331903], [-79.773785, -2.331916], [-79.773719, -2.33195], [-79.773622, -2.332001], [-79.773622, -2.332002], [-79.773719, -2.33195], [-79.773785, -2.331916], [-79.773851, -2.331893], [-79.77421, -2.331798]], [[-79.773587, -2.332022], [-79.773588, -2.332021], [-79.773584, -2.332024], [-79.773587, -2.332022]], [[-79.773501, -2.332114], [-79.772451, -2.333544], [-79.771837, -2.333115], [-79.772992, -2.332686], [-79.773501, -2.332114]], [[-79.772717, -2.333936], [-79.77275, -2.334068], [-79.772752, -2.334134], [-79.772734, -2.334332], [-79.771928, -2.336686], [-79.772717, -2.333936]], [[-79.771891, -2.336858], [-79.771906, -2.336756], [-79.771906, -2.336756], [-79.771891, -2.336858]], [[-79.771858, -2.337155], [-79.773009, -2.338406], [-79.772981, -2.338388], [-79.772737, -2.33828], [-79.772315, -2.338154], [-79.772017, -2.33792], [-79.771858, -2.337155]], [[-79.774224, -2.338934], [-79.775626, -2.339328], [-79.775662, -2.339342], [-79.776227, -2.339629], [-79.776548, -2.339873], [-79.776881, -2.340222], [-79.777493, -2.340931], [-79.778079, -2.341922], [-79.778524, -2.342721], [-79.77869, -2.343134], [-79.77885, -2.34375], [-79.77888, -2.344241], [-79.778831, -2.344815], [-79.777493, -2.340931], [-79.774224, -2.338934]], [[-79.778767, -2.345214], [-79.778422, -2.346375], [-79.777872, -2.347316], [-79.778422, -2.346375], [-79.778767, -2.345214]], [[-79.777689, -2.347731], [-79.77774, -2.347593], [-79.777669, -2.348018], [-79.777689, -2.347731]], [[-79.777707, -2.34828], [-79.780454, -2.35034], [-79.781633, -2.35065], [-79.780454, -2.35034], [-79.777707, -2.34828]], [[-79.783366, -2.350321], [-79.783619, -2.350347], [-79.783995, -2.350504], [-79.784304, -2.350702], [-79.784358, -2.350755], [-79.784604, -2.351024], [-79.784725, -2.351255], [-79.784739, -2.351313], [-79.784776, -2.351468], [-79.784782, -2.351677], [-79.78476, -2.352158], [-79.784715, -2.352328], [-79.784559, -2.35262], [-79.784384, -2.352814], [-79.782536, -2.354248], [-79.781095, -2.355192], [-79.77988, -2.355748], [-79.778935, -2.356111], [-79.778544, -2.35623], [-79.778296, -2.356266], [-79.784559, -2.35262], [-79.783366, -2.350321]], [[-79.777072, -2.356234], [-79.776122, -2.357372], [-79.777299, -2.360323], [-79.776122, -2.357372], [-79.777072, -2.356234]], [[-79.778176, -2.361446], [-79.778893, -2.361794], [-79.780818, -2.361903], [-79.781218, -2.361955], [-79.781371, -2.361998], [-79.781577, -2.362114], [-79.781787, -2.362279], [-79.781901, -2.362384], [-79.781986, -2.362533], [-79.782102, -2.362853], [-79.782173, -2.363255], [-79.782173, -2.363629], [-79.782091, -2.363918], [-79.781963, -2.364171], [-79.781804, -2.36438], [-79.781599, -2.364578], [-79.781299, -2.364796], [-79.780481, -2.365082], [-79.780008, -2.3652], [-79.77933, -2.365247], [-79.781599, -2.364578], [-79.782102, -2.362853], [-79.781371, -2.361998], [-79.779364, -2.361876], [-79.778893, -2.361794], [-79.778631, -2.361716], [-79.778176, -2.361446]], [[-79.777855, -2.365306], [-79.776527, -2.365975], [-79.777081, -2.365532], [-79.777331, -2.365461], [-79.777855, -2.365306]], [[-79.776347, -2.366361], [-79.776379, -2.366276], [-79.776243, -2.367155], [-79.776284, -2.366598], [-79.776347, -2.366361]], [[-79.776244, -2.367574], [-79.776972, -2.36987], [-79.777919, -2.370369], [-79.779252, -2.370721], [-79.779601, -2.370854], [-79.779981, -2.371102], [-79.780172, -2.371282], [-79.780502, -2.37171], [-79.780542, -2.371774], [-79.776972, -2.36987], [-79.776244, -2.367574]], [[-79.781381, -2.372847], [-79.782872, -2.374407], [-79.783026, -2.374654], [-79.783197, -2.375028], [-79.78327, -2.375199], [-79.781381, -2.372847]], [[-79.783426, -2.375913], [-79.783348, -2.376386], [-79.783268, -2.376631], [-79.783123, -2.376926], [-79.782615, -2.377324], [-79.782388, -2.377491], [-79.782373, -2.3775], [-79.783426, -2.375913]], [[-79.781586, -2.377868], [-79.781116, -2.377987], [-79.780391, -2.37804], [-79.781116, -2.377987], [-79.781586, -2.377868]], [[-79.77835, -2.378104], [-79.777473, -2.381077], [-79.778339, -2.381658], [-79.778686, -2.381745], [-79.779144, -2.381802], [-79.779744, -2.381934], [-79.780393, -2.38221], [-79.780714, -2.382426], [-79.781005, -2.382701], [-79.781106, -2.382995], [-79.781165, -2.383378], [-79.781153, -2.383832], [-79.781069, -2.384191], [-79.780818, -2.384857], [-79.78062, -2.385163], [-79.78014, -2.385668], [-79.779646, -2.385877], [-79.779216, -2.385975], [-79.781165, -2.383378], [-79.780393, -2.38221], [-79.778339, -2.381658], [-79.777473, -2.381077], [-79.77835, -2.378104]], [[-79.777677, -2.385977], [-79.778126, -2.385969], [-79.777666, -2.385979], [-79.777677, -2.385977]], [[-79.777058, -2.386149], [-79.775835, -2.388192], [-79.77592, -2.38878], [-79.776724, -2.390468], [-79.776991, -2.391276], [-79.7771, -2.39184], [-79.777108, -2.392303], [-79.777022, -2.393473], [-79.776852, -2.394983], [-79.777374, -2.399241], [-79.77738, -2.399459], [-79.77733, -2.399947], [-79.777209, -2.400599], [-79.777008, -2.401188], [-79.776858, -2.401489], [-79.776409, -2.402035], [-79.775851, -2.402536], [-79.775465, -2.402766], [-79.774986, -2.402941], [-79.772591, -2.403631], [-79.777209, -2.400599], [-79.775835, -2.388192], [-79.777058, -2.386149]], [[-79.771886, -2.404313], [-79.771909, -2.404286], [-79.771837, -2.404404], [-79.771886, -2.404313]], [[-79.771371, -2.405316], [-79.772144, -2.406989], [-79.772799, -2.407322], [-79.773691, -2.407554], [-79.774333, -2.407644], [-79.775767, -2.407972], [-79.775976, -2.408051], [-79.776386, -2.4083], [-79.77684, -2.408683], [-79.777305, -2.409088], [-79.777345, -2.409155], [-79.775976, -2.408051], [-79.775767, -2.407972], [-79.773691, -2.407554], [-79.772799, -2.407322], [-79.772144, -2.406989], [-79.771371, -2.405316]], [[-79.777743, -2.409646], [-79.777863, -2.410017], [-79.777916, -2.410464], [-79.777899, -2.410823], [-79.777813, -2.411728], [-79.777594, -2.412297], [-79.777391, -2.412654], [-79.777387, -2.41266], [-79.777743, -2.409646]], [[-79.777005, -2.413172], [-79.776348, -2.414043], [-79.776264, -2.414128], [-79.777033, -2.413133], [-79.777005, -2.413172]], [[-79.774087, -2.41611], [-79.774004, -2.416166], [-79.774209, -2.416016], [-79.774087, -2.41611]], [[-79.772898, -2.416997], [-79.772923, -2.416976], [-79.772482, -2.417512], [-79.772598, -2.417356], [-79.772898, -2.416997]], [[-79.771973, -2.418262], [-79.771767, -2.419405], [-79.771895, -2.420151], [-79.772049, -2.421152], [-79.772084, -2.421894], [-79.772007, -2.422506], [-79.771821, -2.423009], [-79.771364, -2.423554], [-79.771216, -2.423685], [-79.772007, -2.422506], [-79.771767, -2.419405], [-79.771973, -2.418262]], [[-79.769878, -2.424931], [-79.769146, -2.429166], [-79.772936, -2.432338], [-79.776469, -2.433532], [-79.777374, -2.433912], [-79.777642, -2.434105], [-79.778159, -2.43461], [-79.7783, -2.434857], [-79.778902, -2.43619], [-79.778996, -2.436824], [-79.778924, -2.437697], [-79.778757, -2.438678], [-79.77803, -2.440221], [-79.775221, -2.44476], [-79.774352, -2.447142], [-79.774032, -2.447892], [-79.772703, -2.450352], [-79.77155, -2.451794], [-79.768928, -2.454357], [-79.765761, -2.45713], [-79.765612, -2.457249], [-79.772703, -2.450352], [-79.775221, -2.44476], [-79.77803, -2.440221], [-79.778924, -2.437697], [-79.777642, -2.434105], [-79.772936, -2.432338], [-79.769146, -2.429166], [-79.769878, -2.424931]], [[-79.763004, -2.459342], [-79.7627, -2.459522], [-79.761849, -2.460177], [-79.7627, -2.459522], [-79.763004, -2.459342]], [[-79.757202, -2.462028], [-79.750797, -2.463308], [-79.747812, -2.466265], [-79.747998, -2.470958], [-79.748595, -2.472013], [-79.749874, -2.474645], [-79.751161, -2.477441], [-79.751975, -2.479586], [-79.752259, -2.481346], [-79.752185, -2.483715], [-79.75197, -2.485204], [-79.751158, -2.487741], [-79.749025, -2.491671], [-79.747058, -2.49432], [-79.745606, -2.496189], [-79.7442, -2.499251], [-79.743481, -2.502713], [-79.745493, -2.508054], [-79.743481, -2.502713], [-79.7442, -2.499251], [-79.745606, -2.496189], [-79.751158, -2.487741], [-79.752185, -2.483715], [-79.751975, -2.479586], [-79.747998, -2.470958], [-79.747812, -2.466265], [-79.750797, -2.463308], [-79.757202, -2.462028]], [[-79.748089, -2.51142], [-79.750872, -2.514236], [-79.753094, -2.516684], [-79.754924, -2.518791], [-79.756196, -2.520372], [-79.757633, -2.521747], [-79.756196, -2.520372], [-79.750872, -2.514236], [-79.748089, -2.51142]], [[-79.745828, -2.514615], [-79.747408, -2.516139], [-79.744309, -2.513247], [-79.745828, -2.514615]], [[-79.735757, -2.51324], [-79.734266, -2.514264], [-79.734353, -2.520683], [-79.733894, -2.522722], [-79.734266, -2.514264], [-79.735757, -2.51324], [-79.7398, -2.512625], [-79.735757, -2.51324]], [[-79.73301, -2.525797], [-79.732073, -2.541447], [-79.73216, -2.539595], [-79.732144, -2.533384], [-79.732245, -2.530969], [-79.73301, -2.525797]], [[-79.997718, -1.977994], [-79.99718, -1.977726], [-79.997031, -1.977647], [-79.996841, -1.977471], [-79.996642, -1.97728], [-79.996047, -1.976513], [-79.99561, -1.975694], [-79.995051, -1.973799], [-79.994782, -1.972842], [-79.994231, -1.970848], [-79.993208, -1.966566], [-79.99232, -1.964258], [-79.989809, -1.962213], [-79.99232, -1.964258], [-79.993208, -1.966566], [-79.99561, -1.975694], [-79.996047, -1.976513], [-79.99916, -1.978224], [-79.997718, -1.977994]], [[-79.98883, -1.962457], [-79.989309, -1.962283], [-79.989804, -1.962213], [-79.989309, -1.962283], [-79.98883, -1.962457]], [[-79.936062, -2.034082], [-79.936286, -2.03384], [-79.936866, -2.033037], [-79.936286, -2.03384], [-79.936062, -2.034082]], [[-79.930269, -2.043842], [-79.930149, -2.043588], [-79.930051, -2.043373], [-79.930149, -2.043588], [-79.930269, -2.043842]], [[-79.935226, -2.046697], [-79.933781, -2.046563], [-79.933432, -2.046483], [-79.936673, -2.04683], [-79.935226, -2.046697]], [[-79.938603, -2.061698], [-79.938731, -2.060929], [-79.938731, -2.060929], [-79.938603, -2.061698]], [[-79.938287, -2.062874], [-79.938405, -2.06263], [-79.938469, -2.062379], [-79.938405, -2.06263], [-79.938287, -2.062874]], [[-79.937208, -2.06427], [-79.937358, -2.064168], [-79.937495, -2.063975], [-79.937358, -2.064168], [-79.937208, -2.06427]], [[-79.932333, -2.064923], [-79.929997, -2.064366], [-79.929789, -2.064287], [-79.935416, -2.065072], [-79.932333, -2.064923]], [[-79.925112, -2.06249], [-79.925258, -2.062585], [-79.926081, -2.062896], [-79.925258, -2.062585], [-79.925112, -2.06249]], [[-79.917655, -2.058314], [-79.916881, -2.057862], [-79.912585, -2.0549], [-79.910178, -2.053007], [-79.924759, -2.062305], [-79.917655, -2.058314]], [[-79.894757, -2.056788], [-79.890906, -2.055997], [-79.887529, -2.055101], [-79.895277, -2.056893], [-79.894757, -2.056788]], [[-80.049128, -1.881025], [-80.049127, -1.881018], [-80.049131, -1.881037], [-80.049128, -1.881025]], [[-80.049063, -1.880798], [-80.049036, -1.880704], [-80.0491, -1.880918], [-80.049063, -1.880798]], [[-80.048855, -1.880161], [-80.048876, -1.880215], [-80.048816, -1.880081], [-80.048855, -1.880161]], [[-80.048757, -1.879994], [-80.048735, -1.879966], [-80.048771, -1.880008], [-80.048757, -1.879994]], [[-80.048262, -1.878741], [-80.048267, -1.87871], [-80.048259, -1.878759], [-80.048262, -1.878741]], [[-80.048327, -1.878394], [-80.048336, -1.878365], [-80.04832, -1.878422], [-80.048327, -1.878394]], [[-80.049131, -1.877446], [-80.049076, -1.877487], [-80.049194, -1.877389], [-80.049131, -1.877446]], [[-80.049358, -1.877235], [-80.049341, -1.87725], [-80.049369, -1.877217], [-80.049358, -1.877235]], [[-80.049771, -1.876679], [-80.049833, -1.876625], [-80.049728, -1.876725], [-80.049771, -1.876679]], [[-80.050072, -1.876471], [-80.049989, -1.876518], [-80.050142, -1.87643], [-80.050072, -1.876471]], [[-80.05106, -1.876204], [-80.050999, -1.876198], [-80.050907, -1.876191], [-80.050999, -1.876198], [-80.05106, -1.876204]], [[-80.05125, -1.876225], [-80.051298, -1.876241], [-80.051348, -1.876266], [-80.051395, -1.876294], [-80.051442, -1.876318], [-80.051575, -1.876356], [-80.051442, -1.876318], [-80.051395, -1.876294], [-80.051298, -1.876241], [-80.051135, -1.876204], [-80.05125, -1.876225]], [[-80.051817, -1.876408], [-80.051906, -1.876422], [-80.051933, -1.87643], [-80.051984, -1.876453], [-80.052081, -1.876466], [-80.051984, -1.876453], [-80.051674, -1.876376], [-80.051817, -1.876408]], [[-80.052198, -1.876482], [-80.052241, -1.876506], [-80.0523, -1.876529], [-80.052306, -1.876532], [-80.052241, -1.876506], [-80.052173, -1.876468], [-80.052146, -1.876461], [-80.052173, -1.876468], [-80.052198, -1.876482]], [[-80.052588, -1.876639], [-80.052665, -1.876665], [-80.05274, -1.876693], [-80.05289, -1.876776], [-80.053009, -1.876811], [-80.053062, -1.876822], [-80.053123, -1.876841], [-80.053124, -1.876842], [-80.053009, -1.876811], [-80.05289, -1.876776], [-80.05274, -1.876693], [-80.052665, -1.876665], [-80.05251, -1.876612], [-80.052428, -1.876587], [-80.052424, -1.876585], [-80.05251, -1.876612], [-80.052588, -1.876639]], [[-80.053289, -1.876909], [-80.053288, -1.876909], [-80.053251, -1.876893], [-80.053288, -1.876909], [-80.053289, -1.876909]], [[-80.053498, -1.87693], [-80.053444, -1.876926], [-80.053376, -1.876919], [-80.053444, -1.876926], [-80.053498, -1.87693]], [[-80.053728, -1.87693], [-80.053826, -1.87694], [-80.05392, -1.876943], [-80.053826, -1.87694], [-80.053625, -1.876925], [-80.053728, -1.87693]], [[-80.054167, -1.876915], [-80.054123, -1.876925], [-80.0542, -1.876897], [-80.054167, -1.876915]], [[-80.054258, -1.876868], [-80.054324, -1.876852], [-80.054235, -1.876877], [-80.054258, -1.876868]], [[-80.054839, -1.876828], [-80.054893, -1.876846], [-80.054919, -1.876861], [-80.054957, -1.876885], [-80.055009, -1.876915], [-80.05509, -1.876932], [-80.055009, -1.876915], [-80.054839, -1.876828], [-80.054651, -1.876806], [-80.054839, -1.876828]], [[-80.05514, -1.876937], [-80.055186, -1.876952], [-80.05519, -1.876954], [-80.055104, -1.876932], [-80.05514, -1.876937]], [[-80.055364, -1.877011], [-80.055366, -1.877012], [-80.055326, -1.877001], [-80.05529, -1.876992], [-80.055289, -1.876991], [-80.055326, -1.877001], [-80.055364, -1.877011]], [[-80.055504, -1.877119], [-80.055408, -1.877041], [-80.055933, -1.877445], [-80.055768, -1.877343], [-80.055504, -1.877119]], [[-80.05607, -1.87751], [-80.056096, -1.877511], [-80.056136, -1.877512], [-80.056167, -1.877513], [-80.056191, -1.877517], [-80.056291, -1.877544], [-80.056334, -1.877556], [-80.056355, -1.877559], [-80.056334, -1.877556], [-80.056167, -1.877513], [-80.056096, -1.877511], [-80.05607, -1.87751], [-80.05605, -1.877506], [-80.056035, -1.8775], [-80.056006, -1.877486], [-80.05607, -1.87751]], [[-80.056381, -1.877559], [-80.056381, -1.877559], [-80.056381, -1.877559], [-80.056381, -1.877559]], [[-80.056504, -1.877605], [-80.056595, -1.877684], [-80.056716, -1.877721], [-80.056907, -1.877793], [-80.057045, -1.877859], [-80.056595, -1.877684], [-80.056446, -1.877572], [-80.056504, -1.877605]], [[-80.057105, -1.877863], [-80.057106, -1.877863], [-80.057105, -1.877863], [-80.057105, -1.877863]], [[-80.057206, -1.877911], [-80.057265, -1.877917], [-80.05729, -1.877924], [-80.057317, -1.877936], [-80.057337, -1.877951], [-80.057354, -1.877967], [-80.05737, -1.877978], [-80.057389, -1.877984], [-80.05737, -1.877978], [-80.057354, -1.877967], [-80.057317, -1.877936], [-80.05729, -1.877924], [-80.057206, -1.877911], [-80.057176, -1.877899], [-80.057154, -1.877885], [-80.057151, -1.877884], [-80.057206, -1.877911]], [[-80.057427, -1.877984], [-80.057427, -1.877984], [-80.057427, -1.877984], [-80.057427, -1.877984]], [[-80.057533, -1.877993], [-80.057515, -1.877994], [-80.057495, -1.877991], [-80.057495, -1.877991], [-80.057533, -1.877993]], [[-80.057617, -1.877942], [-80.05763, -1.877936], [-80.057582, -1.877966], [-80.057605, -1.87795], [-80.057617, -1.877942]], [[-80.057672, -1.877915], [-80.057659, -1.877921], [-80.057687, -1.877907], [-80.057672, -1.877915]], [[-80.057734, -1.877791], [-80.057734, -1.877791], [-80.057745, -1.877755], [-80.057734, -1.877791]], [[-80.05782, -1.87767], [-80.057797, -1.877698], [-80.05783, -1.877645], [-80.05782, -1.87767]], [[-80.057531, -1.877079], [-80.057525, -1.877066], [-80.057537, -1.877091], [-80.057531, -1.877079]], [[-80.057451, -1.876906], [-80.057459, -1.876926], [-80.057443, -1.876891], [-80.057451, -1.876906]], [[-80.057397, -1.876801], [-80.057394, -1.876794], [-80.057406, -1.876819], [-80.057397, -1.876801]], [[-80.057336, -1.876651], [-80.057346, -1.876669], [-80.057327, -1.876635], [-80.057336, -1.876651]], [[-80.057202, -1.876389], [-80.057192, -1.876369], [-80.05721, -1.876404], [-80.057202, -1.876389]], [[-80.057083, -1.876118], [-80.057085, -1.876128], [-80.057081, -1.876111], [-80.057083, -1.876118]], [[-80.057579, -1.874926], [-80.057614, -1.874925], [-80.057553, -1.87493], [-80.057579, -1.874926]], [[-80.057686, -1.874926], [-80.057686, -1.874926], [-80.05765, -1.874924], [-80.057686, -1.874926], [-80.057686, -1.874926]], [[-80.057792, -1.874965], [-80.05791, -1.875008], [-80.057928, -1.875012], [-80.05791, -1.875008], [-80.057829, -1.87498], [-80.057792, -1.874965], [-80.057732, -1.874938], [-80.057792, -1.874965]], [[-80.058166, -1.875016], [-80.058195, -1.875025], [-80.058229, -1.875038], [-80.058245, -1.875045], [-80.058372, -1.875078], [-80.058389, -1.875085], [-80.058642, -1.875207], [-80.058166, -1.875016]], [[-80.058777, -1.875257], [-80.058697, -1.87523], [-80.058693, -1.875228], [-80.058858, -1.875278], [-80.058777, -1.875257]], [[-80.059001, -1.875274], [-80.059064, -1.875296], [-80.059141, -1.875333], [-80.059174, -1.875352], [-80.05919, -1.875364], [-80.059196, -1.875372], [-80.0592, -1.87538], [-80.059207, -1.875391], [-80.05921, -1.875397], [-80.059001, -1.875274]], [[-80.059301, -1.875482], [-80.060005, -1.875719], [-80.059936, -1.875715], [-80.059867, -1.875688], [-80.059828, -1.875678], [-80.059705, -1.875659], [-80.059301, -1.875482]], [[-80.060656, -1.875369], [-80.06065, -1.875381], [-80.060665, -1.87535], [-80.060656, -1.875369]], [[-80.060754, -1.875226], [-80.060739, -1.875253], [-80.060716, -1.875274], [-80.060765, -1.875198], [-80.060754, -1.875226]], [[-80.060787, -1.874677], [-80.060777, -1.874713], [-80.060772, -1.87476], [-80.060767, -1.874788], [-80.060777, -1.874713], [-80.060787, -1.874677]], [[-80.060707, -1.872942], [-80.060653, -1.873029], [-80.060627, -1.873089], [-80.060653, -1.873029], [-80.060707, -1.872942]], [[-80.0608, -1.872814], [-80.06082, -1.872799], [-80.060773, -1.872843], [-80.0608, -1.872814]], [[-80.061055, -1.872817], [-80.061117, -1.872839], [-80.061182, -1.872864], [-80.061221, -1.872884], [-80.061261, -1.872918], [-80.061288, -1.872953], [-80.061474, -1.87339], [-80.061055, -1.872817]], [[-80.061583, -1.873553], [-80.061531, -1.873473], [-80.061789, -1.873678], [-80.061698, -1.873658], [-80.061583, -1.873553]], [[-80.061877, -1.873687], [-80.062146, -1.873796], [-80.062139, -1.873793], [-80.06209, -1.873776], [-80.061966, -1.873728], [-80.061877, -1.873687]], [[-80.062376, -1.873872], [-80.062822, -1.873945], [-80.062822, -1.873945], [-80.062751, -1.873938], [-80.062706, -1.873928], [-80.062631, -1.873918], [-80.062564, -1.873913], [-80.062376, -1.873872]], [[-80.06294, -1.873972], [-80.062937, -1.873971], [-80.062905, -1.87396], [-80.062937, -1.873971], [-80.06294, -1.873972]], [[-80.063071, -1.874013], [-80.063028, -1.874008], [-80.062994, -1.874002], [-80.062991, -1.874001], [-80.063071, -1.874013]], [[-80.063414, -1.874006], [-80.063325, -1.874014], [-80.063136, -1.874013], [-80.063325, -1.874014], [-80.063414, -1.874006]], [[-80.063556, -1.87396], [-80.063516, -1.87398], [-80.063561, -1.873956], [-80.063556, -1.87396]], [[-80.063606, -1.873893], [-80.063574, -1.873939], [-80.063626, -1.873862], [-80.063606, -1.873893]], [[-80.063723, -1.873582], [-80.063714, -1.873614], [-80.063738, -1.873527], [-80.063723, -1.873582]], [[-80.063752, -1.873012], [-80.063752, -1.873012], [-80.063761, -1.872981], [-80.063752, -1.873012]], [[-80.06381, -1.870548], [-80.06384, -1.870593], [-80.063755, -1.870503], [-80.06381, -1.870548]], [[-80.063418, -1.870117], [-80.063401, -1.870078], [-80.063436, -1.870155], [-80.063418, -1.870117]], [[-80.063091, -1.869267], [-80.063121, -1.869332], [-80.063063, -1.86921], [-80.063091, -1.869267]], [[-80.062725, -1.868707], [-80.062715, -1.868692], [-80.062739, -1.868721], [-80.062725, -1.868707]], [[-80.062104, -1.868247], [-80.062055, -1.868248], [-80.062104, -1.868247], [-80.062154, -1.868236], [-80.062203, -1.86823], [-80.062225, -1.86823], [-80.062104, -1.868247]], [[-80.061905, -1.868239], [-80.061949, -1.868242], [-80.061841, -1.868238], [-80.061905, -1.868239]], [[-80.059788, -1.866609], [-80.059781, -1.866628], [-80.059794, -1.86659], [-80.059788, -1.866609]], [[-80.060412, -1.865842], [-80.060218, -1.865953], [-80.06028, -1.865913], [-80.06034, -1.865873], [-80.060412, -1.865842]], [[-80.060676, -1.865804], [-80.060755, -1.865798], [-80.060566, -1.865815], [-80.060676, -1.865804]], [[-80.055362, -1.855104], [-80.055362, -1.855104], [-80.055356, -1.855107], [-80.055362, -1.855104]], [[-80.055442, -1.855057], [-80.055452, -1.85505], [-80.055437, -1.855061], [-80.055442, -1.855057]], [[-80.055711, -1.854855], [-80.055685, -1.854875], [-80.055712, -1.854855], [-80.055711, -1.854855]], [[-80.055884, -1.854709], [-80.055851, -1.854737], [-80.055891, -1.854703], [-80.055884, -1.854709]], [[-80.056126, -1.854498], [-80.056127, -1.854497], [-80.056107, -1.854513], [-80.056126, -1.854498]], [[-80.057488, -1.853345], [-80.057537, -1.853307], [-80.057468, -1.853361], [-80.057488, -1.853345]], [[-80.057832, -1.853049], [-80.057877, -1.853009], [-80.057818, -1.853061], [-80.057832, -1.853049]], [[-80.058022, -1.852887], [-80.058031, -1.85288], [-80.057995, -1.852909], [-80.058022, -1.852887]], [[-80.058229, -1.852716], [-80.058207, -1.852736], [-80.058238, -1.852706], [-80.058229, -1.852716]], [[-80.057169, -1.851571], [-80.057345, -1.851647], [-80.056737, -1.851415], [-80.057169, -1.851571]], [[-80.053512, -1.849353], [-80.053291, -1.849919], [-80.053739, -1.84876], [-80.053512, -1.849353]], [[-80.057906, -1.841339], [-80.057823, -1.841388], [-80.057354, -1.841633], [-80.057823, -1.841388], [-80.057906, -1.841339]], [[-80.061179, -1.839536], [-80.061564, -1.839326], [-80.060845, -1.839723], [-80.061179, -1.839536]], [[-80.063022, -1.838526], [-80.062976, -1.838559], [-80.062525, -1.838798], [-80.062247, -1.838939], [-80.063022, -1.838526]], [[-80.063606, -1.836505], [-80.063588, -1.836696], [-80.063615, -1.8364], [-80.063606, -1.836505]], [[-80.063864, -1.833249], [-80.063867, -1.833224], [-80.063862, -1.833281], [-80.063864, -1.833249]], [[-80.063925, -1.83258], [-80.06392, -1.832627], [-80.063926, -1.832574], [-80.063925, -1.83258]], [[-80.046478, -1.878546], [-80.046488, -1.878546], [-80.04647, -1.87855], [-80.046478, -1.878546]], [[-80.04644, -1.878596], [-80.046438, -1.878602], [-80.046433, -1.878609], [-80.046438, -1.878602], [-80.04644, -1.878596]], [[-80.04625, -1.878654], [-80.046263, -1.878655], [-80.046299, -1.878664], [-80.046321, -1.878665], [-80.046299, -1.878664], [-80.04625, -1.878654]], [[-80.046218, -1.878658], [-80.046186, -1.878668], [-80.046161, -1.878677], [-80.046186, -1.878668], [-80.046218, -1.878658]], [[-80.046076, -1.878679], [-80.046042, -1.878675], [-80.046128, -1.878684], [-80.046087, -1.878682], [-80.046076, -1.878679]], [[-80.045612, -1.878727], [-80.045603, -1.878731], [-80.045593, -1.878734], [-80.045603, -1.878731], [-80.045612, -1.878727]], [[-80.04551, -1.878772], [-80.045498, -1.878777], [-80.045488, -1.878781], [-80.045498, -1.878777], [-80.04551, -1.878772]], [[-80.045372, -1.878825], [-80.045362, -1.878829], [-80.045352, -1.878832], [-80.045362, -1.878829], [-80.045372, -1.878825]], [[-80.045351, -1.878833], [-80.045341, -1.878837], [-80.04533, -1.87884], [-80.045341, -1.878837], [-80.045351, -1.878833]], [[-80.045282, -1.878857], [-80.045277, -1.878859], [-80.045268, -1.878862], [-80.045277, -1.878859], [-80.045282, -1.878857]], [[-80.045093, -1.878951], [-80.045085, -1.878957], [-80.045076, -1.878964], [-80.045085, -1.878957], [-80.045093, -1.878951]], [[-80.045017, -1.879035], [-80.045019, -1.879032], [-80.045024, -1.879021], [-80.045027, -1.879015], [-80.045034, -1.879006], [-80.045017, -1.879035]], [[-80.044998, -1.879139], [-80.044993, -1.879147], [-80.044986, -1.879164], [-80.044993, -1.879147], [-80.044998, -1.879139]], [[-80.045105, -1.879593], [-80.045116, -1.87961], [-80.04512, -1.879618], [-80.045116, -1.87961], [-80.045105, -1.879593]], [[-80.045206, -1.879739], [-80.045209, -1.879743], [-80.045215, -1.87975], [-80.045209, -1.879743], [-80.045206, -1.879739]], [[-80.045254, -1.879799], [-80.045259, -1.879807], [-80.045264, -1.879816], [-80.045259, -1.879807], [-80.045254, -1.879799]], [[-80.045109, -1.880903], [-80.045109, -1.8809], [-80.045109, -1.8809], [-80.045109, -1.880903]], [[-80.045039, -1.88217], [-80.045031, -1.882191], [-80.045027, -1.882199], [-80.045031, -1.882191], [-80.045039, -1.88217]], [[-80.044929, -1.882385], [-80.044923, -1.882392], [-80.044918, -1.882398], [-80.044923, -1.882392], [-80.044929, -1.882385]], [[-80.044866, -1.882445], [-80.044862, -1.882448], [-80.044853, -1.882455], [-80.044862, -1.882448], [-80.044866, -1.882445]], [[-80.044779, -1.882497], [-80.044751, -1.882511], [-80.044742, -1.882516], [-80.044751, -1.882511], [-80.044779, -1.882497]], [[-80.044692, -1.882545], [-80.044681, -1.882551], [-80.04471, -1.882533], [-80.0447, -1.88254], [-80.044692, -1.882545]], [[-80.044406, -1.882632], [-80.044394, -1.882632], [-80.044394, -1.882632], [-80.044394, -1.882632], [-80.044406, -1.882632]], [[-80.044341, -1.88263], [-80.044331, -1.882629], [-80.044312, -1.882624], [-80.044283, -1.882615], [-80.044272, -1.88261], [-80.044261, -1.882607], [-80.04425, -1.882602], [-80.04424, -1.882598], [-80.044229, -1.882594], [-80.044219, -1.88259], [-80.044209, -1.882586], [-80.044208, -1.882586], [-80.044378, -1.882632], [-80.044341, -1.88263]], [[-80.044161, -1.88257], [-80.044076, -1.882548], [-80.044063, -1.882544], [-80.044045, -1.882536], [-80.044038, -1.882531], [-80.044028, -1.882525], [-80.044012, -1.882511], [-80.043989, -1.882485], [-80.043974, -1.882467], [-80.043967, -1.882457], [-80.04396, -1.882448], [-80.043946, -1.88243], [-80.043922, -1.882405], [-80.044161, -1.88257]], [[-80.04388, -1.882367], [-80.043871, -1.88236], [-80.043838, -1.88233], [-80.043823, -1.882315], [-80.043815, -1.882307], [-80.043808, -1.882299], [-80.0438, -1.882292], [-80.043787, -1.882277], [-80.043773, -1.882261], [-80.043767, -1.882253], [-80.043753, -1.882238], [-80.043748, -1.882231], [-80.04374, -1.882224], [-80.043733, -1.882216], [-80.043668, -1.882186], [-80.043733, -1.882216], [-80.043905, -1.882389], [-80.04388, -1.882367]], [[-80.04361, -1.882174], [-80.043374, -1.8821], [-80.043374, -1.8821], [-80.043386, -1.882102], [-80.043394, -1.882104], [-80.043396, -1.882104], [-80.043408, -1.882107], [-80.043481, -1.882115], [-80.04349, -1.882118], [-80.043499, -1.882121], [-80.043508, -1.882125], [-80.043517, -1.882129], [-80.043527, -1.882134], [-80.043537, -1.882138], [-80.043547, -1.882143], [-80.043558, -1.882147], [-80.043567, -1.882152], [-80.043578, -1.882157], [-80.043588, -1.882163], [-80.04361, -1.882174]], [[-80.043309, -1.882083], [-80.043299, -1.882078], [-80.043342, -1.882092], [-80.04333, -1.882089], [-80.043309, -1.882083]], [[-80.043253, -1.882056], [-80.043245, -1.882051], [-80.043218, -1.882036], [-80.04321, -1.88203], [-80.0432, -1.882025], [-80.043191, -1.882018], [-80.043181, -1.882013], [-80.043153, -1.881998], [-80.043144, -1.881992], [-80.043134, -1.881987], [-80.043125, -1.881981], [-80.043107, -1.88197], [-80.043098, -1.881964], [-80.04309, -1.88196], [-80.043082, -1.881953], [-80.043074, -1.881949], [-80.043065, -1.881943], [-80.043057, -1.881939], [-80.043047, -1.881935], [-80.043039, -1.88193], [-80.043057, -1.881939], [-80.043065, -1.881943], [-80.043282, -1.882071], [-80.043253, -1.882056]], [[-80.04301, -1.881919], [-80.04302, -1.881922], [-80.043021, -1.881922], [-80.04301, -1.881919], [-80.043005, -1.881917], [-80.04301, -1.881919]], [[-80.042991, -1.881912], [-80.04299, -1.881912], [-80.04299, -1.881911], [-80.04299, -1.881912], [-80.042991, -1.881912]], [[-80.042941, -1.881895], [-80.04293, -1.881892], [-80.042911, -1.881885], [-80.042892, -1.881877], [-80.042874, -1.88187], [-80.042864, -1.881865], [-80.042855, -1.881862], [-80.042846, -1.881858], [-80.042971, -1.881905], [-80.042941, -1.881895]], [[-80.042804, -1.881844], [-80.042805, -1.881844], [-80.042814, -1.881848], [-80.042825, -1.881851], [-80.042825, -1.881851], [-80.042814, -1.881848], [-80.042804, -1.881844]], [[-80.042753, -1.881825], [-80.042649, -1.881802], [-80.042683, -1.881808], [-80.042694, -1.881809], [-80.042703, -1.881812], [-80.042714, -1.881813], [-80.042723, -1.881817], [-80.042733, -1.881819], [-80.042742, -1.881822], [-80.042753, -1.881825]], [[-80.042606, -1.881796], [-80.04263, -1.8818], [-80.04263, -1.8818], [-80.04263, -1.8818], [-80.042606, -1.881796], [-80.042606, -1.881796]], [[-80.042553, -1.881794], [-80.042544, -1.881794], [-80.042534, -1.881794], [-80.042553, -1.881794], [-80.042564, -1.881794], [-80.042573, -1.881794], [-80.042583, -1.881794], [-80.042584, -1.881794], [-80.042573, -1.881794], [-80.042564, -1.881794], [-80.042553, -1.881794]], [[-80.042523, -1.881794], [-80.042512, -1.881794], [-80.042523, -1.881794], [-80.042523, -1.881794]], [[-80.042491, -1.881795], [-80.042483, -1.881797], [-80.042473, -1.881797], [-80.042483, -1.881797], [-80.042491, -1.881795]], [[-80.042437, -1.881809], [-80.042432, -1.881811], [-80.042412, -1.881819], [-80.042432, -1.881811], [-80.042437, -1.881809]], [[-80.042095, -1.88195], [-80.042086, -1.881955], [-80.042082, -1.881957], [-80.042086, -1.881955], [-80.042095, -1.88195]], [[-80.042072, -1.881962], [-80.042068, -1.881964], [-80.042059, -1.881969], [-80.042068, -1.881964], [-80.042072, -1.881962]], [[-80.041853, -1.882046], [-80.041831, -1.882053], [-80.041754, -1.882083], [-80.041831, -1.882053], [-80.041853, -1.882046]], [[-80.041676, -1.882112], [-80.041667, -1.882115], [-80.041632, -1.882129], [-80.041667, -1.882115], [-80.041676, -1.882112]], [[-80.041276, -1.882274], [-80.041259, -1.882284], [-80.041247, -1.882291], [-80.041259, -1.882284], [-80.041276, -1.882274]], [[-80.041246, -1.882292], [-80.041229, -1.882302], [-80.041223, -1.882306], [-80.041229, -1.882302], [-80.041246, -1.882292]], [[-80.041018, -1.882637], [-80.041013, -1.882652], [-80.041009, -1.882662], [-80.041013, -1.882652], [-80.041018, -1.882637]], [[-80.040654, -1.883384], [-80.04064, -1.883403], [-80.040631, -1.883414], [-80.04064, -1.883403], [-80.040654, -1.883384]], [[-80.040611, -1.88344], [-80.040602, -1.883451], [-80.040594, -1.883462], [-80.040602, -1.883451], [-80.040611, -1.88344]], [[-80.040449, -1.883524], [-80.040467, -1.883527], [-80.040483, -1.883526], [-80.040467, -1.883527], [-80.040449, -1.883524]], [[-80.04019, -1.88348], [-80.039945, -1.883473], [-80.040085, -1.883474], [-80.040108, -1.883475], [-80.040135, -1.883476], [-80.040161, -1.883478], [-80.040177, -1.883479], [-80.04019, -1.88348]], [[-80.0399, -1.883481], [-80.039896, -1.883481], [-80.039847, -1.883501], [-80.039896, -1.883481], [-80.0399, -1.883481]], [[-80.039718, -1.883604], [-80.03971, -1.883618], [-80.039702, -1.883632], [-80.03971, -1.883618], [-80.039718, -1.883604]], [[-80.039604, -1.883775], [-80.039616, -1.883759], [-80.039626, -1.883748], [-80.039604, -1.883775], [-80.039594, -1.883787], [-80.039604, -1.883775]], [[-80.039371, -1.884108], [-80.039344, -1.884152], [-80.039336, -1.884165], [-80.039344, -1.884152], [-80.039371, -1.884108]], [[-80.039187, -1.884353], [-80.039174, -1.884366], [-80.039147, -1.884398], [-80.039174, -1.884366], [-80.039187, -1.884353]], [[-80.039094, -1.884454], [-80.03911, -1.884437], [-80.03913, -1.884417], [-80.039144, -1.884402], [-80.03913, -1.884417], [-80.039094, -1.884454]], [[-80.038629, -1.884947], [-80.038618, -1.884963], [-80.038605, -1.884979], [-80.038618, -1.884963], [-80.038629, -1.884947]], [[-80.038499, -1.885114], [-80.038487, -1.885128], [-80.038474, -1.885143], [-80.038487, -1.885128], [-80.038499, -1.885114]], [[-80.038465, -1.885155], [-80.038438, -1.885187], [-80.038426, -1.885202], [-80.038438, -1.885187], [-80.038465, -1.885155]], [[-80.038273, -1.885349], [-80.038258, -1.885361], [-80.038301, -1.885325], [-80.038287, -1.885337], [-80.038273, -1.885349]], [[-80.03772, -1.885663], [-80.037696, -1.885669], [-80.037673, -1.885673], [-80.037696, -1.885669], [-80.03772, -1.885663]], [[-80.037603, -1.885685], [-80.037582, -1.885689], [-80.037565, -1.885692], [-80.037582, -1.885689], [-80.037603, -1.885685]], [[-80.037387, -1.885698], [-80.03735, -1.885692], [-80.037456, -1.885698], [-80.037411, -1.885698], [-80.037387, -1.885698]], [[-80.037251, -1.885657], [-80.037141, -1.885592], [-80.037124, -1.885582], [-80.037105, -1.885572], [-80.037092, -1.885564], [-80.03707, -1.885553], [-80.037001, -1.885516], [-80.036976, -1.885501], [-80.037001, -1.885516], [-80.037092, -1.885564], [-80.037124, -1.885582], [-80.037251, -1.885657], [-80.03727, -1.885666], [-80.037291, -1.885678], [-80.037313, -1.885686], [-80.037291, -1.885678], [-80.037251, -1.885657]], [[-80.036869, -1.885448], [-80.036834, -1.885428], [-80.036801, -1.885405], [-80.036786, -1.885395], [-80.036786, -1.885394], [-80.036869, -1.885448]], [[-80.036732, -1.885342], [-80.036719, -1.885325], [-80.036693, -1.885292], [-80.036646, -1.885226], [-80.036619, -1.885193], [-80.036606, -1.885176], [-80.036591, -1.885159], [-80.036576, -1.88514], [-80.036606, -1.885176], [-80.036646, -1.885226], [-80.036732, -1.885342], [-80.036776, -1.885385], [-80.036732, -1.885342]], [[-80.036506, -1.885065], [-80.036489, -1.885052], [-80.036474, -1.885039], [-80.036457, -1.885024], [-80.03644, -1.885011], [-80.036424, -1.884998], [-80.036409, -1.884986], [-80.036332, -1.884925], [-80.0363, -1.884899], [-80.036124, -1.884728], [-80.036051, -1.884644], [-80.035967, -1.884539], [-80.036506, -1.885065]], [[-80.035889, -1.884457], [-80.035689, -1.884273], [-80.035673, -1.884258], [-80.03566, -1.884244], [-80.035645, -1.884228], [-80.035633, -1.884212], [-80.035608, -1.88418], [-80.035596, -1.884164], [-80.035583, -1.884146], [-80.035571, -1.88413], [-80.035557, -1.884112], [-80.035545, -1.884095], [-80.035519, -1.884057], [-80.035507, -1.884038], [-80.035495, -1.88402], [-80.035471, -1.883983], [-80.03546, -1.883966], [-80.035432, -1.883911], [-80.035423, -1.883891], [-80.035416, -1.883873], [-80.035401, -1.883834], [-80.035388, -1.883798], [-80.035381, -1.883778], [-80.035375, -1.883758], [-80.035321, -1.883514], [-80.035316, -1.883487], [-80.035295, -1.883314], [-80.035291, -1.883273], [-80.035288, -1.88323], [-80.035284, -1.883132], [-80.035284, -1.883113], [-80.035285, -1.883062], [-80.035285, -1.883043], [-80.035285, -1.882998], [-80.035289, -1.88295], [-80.035889, -1.884457]], [[-80.035316, -1.882854], [-80.035324, -1.882824], [-80.035322, -1.882837], [-80.035295, -1.882921], [-80.035316, -1.882854]], [[-80.035333, -1.88273], [-80.035253, -1.882362], [-80.035164, -1.882251], [-80.035058, -1.882177], [-80.034991, -1.882117], [-80.034944, -1.88207], [-80.034928, -1.882052], [-80.034915, -1.882037], [-80.034901, -1.882021], [-80.03481, -1.881908], [-80.034781, -1.881871], [-80.034769, -1.881854], [-80.034745, -1.881818], [-80.034735, -1.8818], [-80.034726, -1.881782], [-80.034709, -1.881742], [-80.034683, -1.881673], [-80.034673, -1.881652], [-80.034901, -1.882021], [-80.035164, -1.882251], [-80.035253, -1.882362], [-80.035333, -1.88273]], [[-80.034618, -1.881526], [-80.03461, -1.881504], [-80.034604, -1.881484], [-80.034597, -1.881463], [-80.034583, -1.881417], [-80.034575, -1.881387], [-80.034543, -1.881286], [-80.034533, -1.881266], [-80.03453, -1.881257], [-80.034543, -1.881286], [-80.034556, -1.881325], [-80.034575, -1.881387], [-80.034583, -1.881417], [-80.03461, -1.881504], [-80.034646, -1.881593], [-80.034618, -1.881526]], [[-80.034469, -1.881156], [-80.03423, -1.880947], [-80.034296, -1.881004], [-80.034429, -1.881113], [-80.034469, -1.881156]], [[-80.03411, -1.880866], [-80.034168, -1.8809], [-80.034004, -1.88083], [-80.034038, -1.880832], [-80.03411, -1.880866]], [[-80.033961, -1.880833], [-80.03397, -1.880832], [-80.03398, -1.880831], [-80.033872, -1.880851], [-80.033961, -1.880833]], [[-80.033424, -1.881213], [-80.033411, -1.881223], [-80.033399, -1.881233], [-80.033411, -1.881223], [-80.033424, -1.881213]], [[-80.03302, -1.88218], [-80.033017, -1.882211], [-80.033015, -1.882228], [-80.033017, -1.882211], [-80.03302, -1.88218]], [[-80.032951, -1.882736], [-80.032946, -1.882752], [-80.032956, -1.882717], [-80.032951, -1.882736]], [[-80.032801, -1.883136], [-80.032796, -1.883148], [-80.03278, -1.883195], [-80.032796, -1.883148], [-80.032801, -1.883136]], [[-80.032731, -1.883847], [-80.032728, -1.883819], [-80.032728, -1.883819], [-80.032731, -1.883847]], [[-80.033085, -1.884819], [-80.0331, -1.88484], [-80.033115, -1.884862], [-80.0331, -1.88484], [-80.033085, -1.884819]], [[-80.033681, -1.885426], [-80.033696, -1.885435], [-80.03372, -1.885449], [-80.033696, -1.885435], [-80.033681, -1.885426]], [[-80.033725, -1.885451], [-80.033739, -1.885459], [-80.033753, -1.885465], [-80.033739, -1.885459], [-80.033725, -1.885451]], [[-80.0349, -1.8861], [-80.034921, -1.886135], [-80.034945, -1.886177], [-80.034921, -1.886135], [-80.0349, -1.8861]], [[-80.035, -1.886274], [-80.035004, -1.886283], [-80.035009, -1.886296], [-80.035004, -1.886283], [-80.035, -1.886274]], [[-80.035046, -1.886426], [-80.03505, -1.886436], [-80.035053, -1.886445], [-80.03505, -1.886436], [-80.035046, -1.886426]], [[-80.035081, -1.886536], [-80.035085, -1.886552], [-80.035096, -1.886596], [-80.035085, -1.886552], [-80.035081, -1.886536]], [[-80.035101, -1.886616], [-80.035105, -1.886631], [-80.035107, -1.886639], [-80.035105, -1.886631], [-80.035101, -1.886616]], [[-80.035044, -1.88716], [-80.03503, -1.887164], [-80.035015, -1.887168], [-80.03503, -1.887164], [-80.035044, -1.88716]], [[-80.034588, -1.887337], [-80.034575, -1.887347], [-80.034563, -1.887356], [-80.034575, -1.887347], [-80.034588, -1.887337]], [[-80.034559, -1.887359], [-80.034548, -1.88737], [-80.034535, -1.887382], [-80.034548, -1.88737], [-80.034559, -1.887359]], [[-80.034533, -1.887383], [-80.034524, -1.887394], [-80.034514, -1.887403], [-80.034524, -1.887394], [-80.034533, -1.887383]], [[-80.034422, -1.887514], [-80.034434, -1.887498], [-80.034456, -1.887468], [-80.034414, -1.887526], [-80.034422, -1.887514]], [[-80.034399, -1.887548], [-80.034363, -1.887605], [-80.034355, -1.887617], [-80.034363, -1.887605], [-80.034399, -1.887548]], [[-80.034261, -1.887753], [-80.034243, -1.887774], [-80.034235, -1.887786], [-80.034243, -1.887774], [-80.034261, -1.887753]], [[-80.033888, -1.887998], [-80.033872, -1.888004], [-80.033853, -1.888013], [-80.033872, -1.888004], [-80.033888, -1.887998]], [[-80.033772, -1.888041], [-80.033756, -1.888045], [-80.033739, -1.888052], [-80.033756, -1.888045], [-80.033772, -1.888041]], [[-80.03372, -1.888058], [-80.033705, -1.888065], [-80.03369, -1.88807], [-80.033705, -1.888065], [-80.03372, -1.888058]], [[-80.033359, -1.888196], [-80.033338, -1.8882], [-80.033316, -1.888202], [-80.033338, -1.8882], [-80.033359, -1.888196]], [[-80.033109, -1.88821], [-80.033096, -1.88821], [-80.033083, -1.888209], [-80.03307, -1.888205], [-80.03307, -1.888204], [-80.033173, -1.888211], [-80.033109, -1.88821]], [[-80.033016, -1.888162], [-80.032955, -1.888113], [-80.032902, -1.888079], [-80.032936, -1.8881], [-80.032955, -1.888113], [-80.032969, -1.888124], [-80.033016, -1.888162], [-80.033049, -1.888195], [-80.033016, -1.888162]], [[-80.032715, -1.887985], [-80.032283, -1.887815], [-80.032426, -1.887858], [-80.032456, -1.887872], [-80.032481, -1.887881], [-80.032498, -1.887889], [-80.032522, -1.887898], [-80.032555, -1.887915], [-80.03258, -1.887925], [-80.032632, -1.887947], [-80.032657, -1.887956], [-80.03268, -1.887968], [-80.032715, -1.887985]], [[-80.03218, -1.887811], [-80.032135, -1.88781], [-80.032201, -1.887811], [-80.032225, -1.887811], [-80.032245, -1.887811], [-80.032245, -1.887811], [-80.032225, -1.887811], [-80.032201, -1.887811], [-80.03218, -1.887811]], [[-80.031775, -1.888044], [-80.031763, -1.888056], [-80.031753, -1.888065], [-80.031763, -1.888056], [-80.031775, -1.888044]], [[-80.031651, -1.888126], [-80.031641, -1.888133], [-80.031624, -1.88814], [-80.031641, -1.888133], [-80.031651, -1.888126]], [[-80.03138, -1.888173], [-80.031362, -1.888174], [-80.031338, -1.888177], [-80.031362, -1.888174], [-80.03138, -1.888173]], [[-80.031251, -1.888179], [-80.031237, -1.888179], [-80.031222, -1.888178], [-80.031237, -1.888179], [-80.031251, -1.888179]], [[-80.031135, -1.888178], [-80.031135, -1.888178], [-80.031147, -1.88818], [-80.031161, -1.88818], [-80.031173, -1.88818], [-80.031147, -1.88818], [-80.031135, -1.888178]], [[-80.031068, -1.888144], [-80.030939, -1.888064], [-80.030946, -1.888068], [-80.030977, -1.888068], [-80.030991, -1.888073], [-80.031068, -1.888144]], [[-80.030915, -1.888043], [-80.03091, -1.888036], [-80.030897, -1.888], [-80.030892, -1.887983], [-80.030915, -1.888043]], [[-80.030859, -1.887865], [-80.030852, -1.887846], [-80.030847, -1.887831], [-80.030842, -1.887814], [-80.030828, -1.887724], [-80.030826, -1.887707], [-80.030821, -1.887649], [-80.030821, -1.88763], [-80.030821, -1.887613], [-80.030821, -1.887595], [-80.030826, -1.887548], [-80.030828, -1.887531], [-80.030834, -1.887518], [-80.030846, -1.887495], [-80.030855, -1.887482], [-80.030914, -1.887392], [-80.030939, -1.887359], [-80.030949, -1.887346], [-80.030986, -1.887311], [-80.031009, -1.88729], [-80.031036, -1.887263], [-80.031063, -1.887236], [-80.03109, -1.887212], [-80.031114, -1.88719], [-80.031131, -1.887179], [-80.031144, -1.88717], [-80.031158, -1.887162], [-80.031182, -1.887151], [-80.031208, -1.88714], [-80.031224, -1.887134], [-80.031272, -1.887121], [-80.03129, -1.887115], [-80.031291, -1.887115], [-80.030859, -1.887865]], [[-80.031438, -1.887082], [-80.031472, -1.887073], [-80.03149, -1.88707], [-80.031562, -1.887056], [-80.031562, -1.887056], [-80.031438, -1.887082]], [[-80.031694, -1.887028], [-80.0319, -1.886958], [-80.031835, -1.886982], [-80.031766, -1.887009], [-80.031694, -1.887028]], [[-80.032144, -1.886848], [-80.032165, -1.886835], [-80.032186, -1.88682], [-80.03221, -1.886804], [-80.032279, -1.886757], [-80.032308, -1.886738], [-80.032335, -1.886723], [-80.032362, -1.886709], [-80.03237, -1.886705], [-80.032308, -1.886738], [-80.032165, -1.886835], [-80.032144, -1.886848], [-80.032079, -1.886889], [-80.032055, -1.886901], [-80.032027, -1.886913], [-80.031991, -1.886925], [-80.032144, -1.886848]], [[-80.032472, -1.886654], [-80.032474, -1.886653], [-80.032476, -1.886651], [-80.032474, -1.886653], [-80.032472, -1.886654]], [[-80.032631, -1.886557], [-80.032859, -1.886382], [-80.032887, -1.886362], [-80.032914, -1.886344], [-80.032631, -1.886557]], [[-80.032982, -1.886292], [-80.032985, -1.88629], [-80.032988, -1.886288], [-80.032985, -1.88629], [-80.032982, -1.886292]], [[-80.033061, -1.886207], [-80.033114, -1.88613], [-80.033109, -1.886139], [-80.033081, -1.886179], [-80.033061, -1.886207]], [[-80.033141, -1.886044], [-80.032912, -1.885738], [-80.032537, -1.885694], [-80.032912, -1.885738], [-80.033141, -1.886044]], [[-80.032492, -1.885693], [-80.032492, -1.885693], [-80.032474, -1.885693], [-80.032492, -1.885693], [-80.032492, -1.885693]], [[-80.032399, -1.885697], [-80.032381, -1.885697], [-80.032364, -1.885697], [-80.032381, -1.885697], [-80.032399, -1.885697]], [[-80.032272, -1.885698], [-80.032252, -1.885698], [-80.032364, -1.885697], [-80.032338, -1.885698], [-80.032272, -1.885698]], [[-80.032151, -1.885692], [-80.032133, -1.885689], [-80.032078, -1.885673], [-80.03206, -1.885665], [-80.032039, -1.885652], [-80.032037, -1.885651], [-80.032151, -1.885692]], [[-80.031875, -1.885536], [-80.03201, -1.885634], [-80.031841, -1.885515], [-80.031859, -1.885527], [-80.031875, -1.885536]], [[-80.031744, -1.885439], [-80.03173, -1.885427], [-80.031712, -1.885408], [-80.031664, -1.885354], [-80.031635, -1.885317], [-80.031625, -1.885298], [-80.031615, -1.885278], [-80.031608, -1.885261], [-80.031606, -1.885253], [-80.031744, -1.885439]], [[-80.031589, -1.885138], [-80.031589, -1.885122], [-80.031589, -1.885101], [-80.031589, -1.885087], [-80.031591, -1.885071], [-80.031601, -1.885037], [-80.031606, -1.885023], [-80.031635, -1.884971], [-80.031645, -1.884955], [-80.031654, -1.884943], [-80.031664, -1.88493], [-80.031714, -1.884874], [-80.03178, -1.884803], [-80.031829, -1.884715], [-80.031774, -1.884547], [-80.031829, -1.884715], [-80.031596, -1.885215], [-80.031589, -1.885138]], [[-80.031677, -1.884506], [-80.031564, -1.884457], [-80.031544, -1.884448], [-80.031504, -1.884427], [-80.031471, -1.884405], [-80.03144, -1.884382], [-80.031425, -1.884368], [-80.031407, -1.884354], [-80.031404, -1.884351], [-80.031677, -1.884506]], [[-80.031291, -1.88424], [-80.031274, -1.884222], [-80.031235, -1.884176], [-80.031214, -1.884146], [-80.031186, -1.884106], [-80.031012, -1.88381], [-80.031291, -1.88424]], [[-80.03093, -1.883714], [-80.030832, -1.883617], [-80.030837, -1.883622], [-80.030851, -1.883634], [-80.030865, -1.883647], [-80.030886, -1.883666], [-80.03091, -1.883694], [-80.03093, -1.883714]], [[-80.030732, -1.883538], [-80.030709, -1.883521], [-80.030688, -1.883503], [-80.03067, -1.883485], [-80.030524, -1.883362], [-80.030442, -1.883289], [-80.030394, -1.883251], [-80.030442, -1.883289], [-80.03067, -1.883485], [-80.030709, -1.883521], [-80.030756, -1.883555], [-80.030796, -1.883586], [-80.030732, -1.883538]], [[-80.030114, -1.883054], [-80.030257, -1.883155], [-80.030323, -1.8832], [-80.030019, -1.883004], [-80.030114, -1.883054]], [[-80.029854, -1.88293], [-80.029764, -1.882911], [-80.029782, -1.882914], [-80.029806, -1.882917], [-80.029854, -1.88293]], [[-80.029737, -1.88291], [-80.029728, -1.88291], [-80.029711, -1.88291], [-80.029728, -1.88291], [-80.029737, -1.88291]], [[-80.029711, -1.88291], [-80.029696, -1.88291], [-80.029687, -1.882911], [-80.029696, -1.88291], [-80.029711, -1.88291]], [[-80.029545, -1.882972], [-80.029533, -1.882982], [-80.029522, -1.882998], [-80.029533, -1.882982], [-80.029545, -1.882972]], [[-80.029364, -1.884139], [-80.029364, -1.884139], [-80.029367, -1.884126], [-80.029364, -1.884139]], [[-80.028913, -1.885735], [-80.028908, -1.885749], [-80.028906, -1.885754], [-80.028908, -1.885749], [-80.028913, -1.885735]], [[-80.028782, -1.886296], [-80.028781, -1.886301], [-80.02878, -1.886305], [-80.028781, -1.886301], [-80.028782, -1.886296]], [[-80.02873, -1.886415], [-80.028723, -1.886427], [-80.028718, -1.886438], [-80.028723, -1.886427], [-80.02873, -1.886415]], [[-80.028697, -1.886501], [-80.028695, -1.886515], [-80.028694, -1.886523], [-80.028695, -1.886515], [-80.028697, -1.886501]], [[-80.028672, -1.886608], [-80.028671, -1.886612], [-80.028669, -1.886617], [-80.028671, -1.886612], [-80.028672, -1.886608]], [[-80.02863, -1.886718], [-80.028611, -1.886759], [-80.028608, -1.886766], [-80.028611, -1.886759], [-80.02863, -1.886718]], [[-80.028419, -1.887421], [-80.028417, -1.887428], [-80.028407, -1.887473], [-80.028417, -1.887428], [-80.028419, -1.887421]], [[-80.028288, -1.887946], [-80.028275, -1.887992], [-80.028262, -1.88804], [-80.028275, -1.887992], [-80.028288, -1.887946]], [[-80.028145, -1.888724], [-80.028142, -1.888737], [-80.028142, -1.888739], [-80.028142, -1.888737], [-80.028145, -1.888724]], [[-80.0281, -1.888882], [-80.028094, -1.8889], [-80.02809, -1.888914], [-80.028094, -1.8889], [-80.0281, -1.888882]], [[-80.028034, -1.88909], [-80.028027, -1.889106], [-80.028019, -1.889128], [-80.028027, -1.889106], [-80.028034, -1.88909]], [[-80.027599, -1.891254], [-80.027615, -1.89127], [-80.02763, -1.891285], [-80.027615, -1.89127], [-80.027599, -1.891254]], [[-80.028049, -1.891762], [-80.028057, -1.891776], [-80.028067, -1.891794], [-80.028057, -1.891776], [-80.028049, -1.891762]], [[-80.02809, -1.891841], [-80.028107, -1.891876], [-80.028112, -1.891888], [-80.028107, -1.891876], [-80.02809, -1.891841]], [[-80.028509, -1.89312], [-80.028524, -1.893138], [-80.02854, -1.893157], [-80.028524, -1.893138], [-80.028509, -1.89312]], [[-80.028693, -1.893348], [-80.02871, -1.893368], [-80.028728, -1.893388], [-80.02871, -1.893368], [-80.028693, -1.893348]], [[-80.028897, -1.893578], [-80.028907, -1.893592], [-80.028922, -1.893611], [-80.028907, -1.893592], [-80.028897, -1.893578]], [[-80.029483, -1.894327], [-80.029498, -1.894345], [-80.029505, -1.894356], [-80.029498, -1.894345], [-80.029483, -1.894327]], [[-80.029528, -1.894979], [-80.029507, -1.895035], [-80.029497, -1.895062], [-80.029507, -1.895035], [-80.029528, -1.894979]], [[-80.029296, -1.895453], [-80.029347, -1.895378], [-80.029324, -1.895414], [-80.02931, -1.895433], [-80.029296, -1.895453]], [[-80.029063, -1.895708], [-80.029047, -1.895721], [-80.029026, -1.895736], [-80.029047, -1.895721], [-80.029063, -1.895708]], [[-80.028884, -1.895768], [-80.028864, -1.895768], [-80.028854, -1.895768], [-80.028864, -1.895768], [-80.028884, -1.895768]], [[-80.028804, -1.895767], [-80.028803, -1.895767], [-80.028825, -1.895767], [-80.028825, -1.895767], [-80.028804, -1.895767]], [[-80.028702, -1.895746], [-80.028701, -1.895746], [-80.028702, -1.895746], [-80.02872, -1.895752], [-80.028745, -1.89576], [-80.028761, -1.895764], [-80.028745, -1.89576], [-80.02872, -1.895752], [-80.028702, -1.895746]], [[-80.028662, -1.895733], [-80.028661, -1.895733], [-80.02866, -1.895732], [-80.028661, -1.895733], [-80.028662, -1.895733]], [[-80.028548, -1.895694], [-80.028524, -1.895681], [-80.028503, -1.895674], [-80.028458, -1.895651], [-80.028437, -1.895641], [-80.028408, -1.895625], [-80.028389, -1.895614], [-80.028358, -1.895597], [-80.02834, -1.895586], [-80.028288, -1.89556], [-80.028202, -1.895525], [-80.028158, -1.895505], [-80.028133, -1.89549], [-80.028115, -1.895478], [-80.028076, -1.895448], [-80.028061, -1.895433], [-80.028041, -1.895416], [-80.027994, -1.895373], [-80.028548, -1.895694]], [[-80.027899, -1.895302], [-80.027966, -1.895349], [-80.027249, -1.895092], [-80.027249, -1.895092], [-80.027267, -1.895098], [-80.027372, -1.895123], [-80.027533, -1.895152], [-80.027658, -1.89517], [-80.027899, -1.895302]], [[-80.027198, -1.89507], [-80.027197, -1.895069], [-80.027218, -1.89508], [-80.027217, -1.89508], [-80.027198, -1.89507]], [[-80.027122, -1.895011], [-80.027092, -1.894983], [-80.026978, -1.894846], [-80.02695, -1.89481], [-80.026941, -1.894796], [-80.02694, -1.894794], [-80.027122, -1.895011]], [[-80.02692, -1.89476], [-80.026919, -1.894756], [-80.026917, -1.894754], [-80.026919, -1.894756], [-80.02692, -1.89476]], [[-80.026855, -1.894638], [-80.02685, -1.894627], [-80.026897, -1.894718], [-80.026894, -1.894711], [-80.026855, -1.894638]], [[-80.026726, -1.894363], [-80.026739, -1.894389], [-80.026802, -1.894526], [-80.026724, -1.89436], [-80.026726, -1.894363]], [[-80.026616, -1.894124], [-80.026598, -1.894085], [-80.026579, -1.894051], [-80.026566, -1.894023], [-80.02656, -1.89401], [-80.026547, -1.893989], [-80.026535, -1.893966], [-80.026512, -1.893917], [-80.026503, -1.893897], [-80.026469, -1.893812], [-80.026457, -1.893783], [-80.026453, -1.893772], [-80.026512, -1.893917], [-80.026535, -1.893966], [-80.02656, -1.89401], [-80.026598, -1.894085], [-80.02663, -1.894152], [-80.026692, -1.894292], [-80.026694, -1.894296], [-80.026616, -1.894124]], [[-80.026425, -1.89369], [-80.026423, -1.893684], [-80.02642, -1.893675], [-80.026423, -1.893684], [-80.026425, -1.89369]], [[-80.026352, -1.893462], [-80.026344, -1.893436], [-80.026342, -1.893428], [-80.026409, -1.893642], [-80.026352, -1.893462]], [[-80.026327, -1.893307], [-80.02632, -1.893205], [-80.02625, -1.893041], [-80.026245, -1.893014], [-80.026241, -1.892995], [-80.026236, -1.892941], [-80.026234, -1.892915], [-80.026235, -1.892888], [-80.026237, -1.892867], [-80.026248, -1.892803], [-80.026253, -1.892784], [-80.026253, -1.892763], [-80.026263, -1.892715], [-80.026263, -1.892693], [-80.026265, -1.892666], [-80.026265, -1.89257], [-80.026265, -1.892542], [-80.026265, -1.892519], [-80.026262, -1.892487], [-80.026261, -1.892463], [-80.026256, -1.892428], [-80.026253, -1.892402], [-80.026248, -1.892367], [-80.02623, -1.892251], [-80.026225, -1.892216], [-80.026221, -1.892188], [-80.026204, -1.892046], [-80.026253, -1.892402], [-80.026261, -1.892463], [-80.026265, -1.892519], [-80.026265, -1.89257], [-80.026265, -1.892666], [-80.026263, -1.892715], [-80.026236, -1.892941], [-80.02632, -1.893205], [-80.026337, -1.893396], [-80.026327, -1.893307]], [[-80.026167, -1.891854], [-80.026151, -1.891791], [-80.02614, -1.891768], [-80.026117, -1.891712], [-80.026087, -1.891639], [-80.02607, -1.89159], [-80.026065, -1.891572], [-80.026058, -1.891547], [-80.026057, -1.891529], [-80.026151, -1.891791], [-80.02618, -1.891902], [-80.026187, -1.891935], [-80.026192, -1.891964], [-80.026196, -1.891989], [-80.026167, -1.891854]], [[-80.026041, -1.891432], [-80.02604, -1.891412], [-80.026041, -1.891333], [-80.026057, -1.891529], [-80.026041, -1.891432]], [[-80.026103, -1.890855], [-80.026046, -1.891297], [-80.026126, -1.89061], [-80.026112, -1.890749], [-80.026103, -1.890855]], [[-80.026173, -1.890323], [-80.026177, -1.8903], [-80.026181, -1.890281], [-80.02621, -1.890199], [-80.026231, -1.89014], [-80.026282, -1.890017], [-80.026363, -1.88985], [-80.026393, -1.889794], [-80.026454, -1.889681], [-80.026474, -1.889651], [-80.026494, -1.889625], [-80.026173, -1.890323]], [[-80.026592, -1.889483], [-80.026575, -1.88951], [-80.026534, -1.889563], [-80.026575, -1.88951], [-80.026592, -1.889483]], [[-80.026724, -1.889307], [-80.02677, -1.88925], [-80.026847, -1.889158], [-80.026863, -1.889137], [-80.026879, -1.889118], [-80.026898, -1.889099], [-80.026917, -1.88908], [-80.026973, -1.889023], [-80.026974, -1.889022], [-80.026724, -1.889307]], [[-80.027028, -1.888973], [-80.027009, -1.888991], [-80.027006, -1.888993], [-80.027067, -1.888931], [-80.027028, -1.888973]], [[-80.027228, -1.88874], [-80.027149, -1.888842], [-80.02723, -1.888486], [-80.027266, -1.888619], [-80.027228, -1.88874]], [[-80.027207, -1.888448], [-80.027203, -1.888442], [-80.027193, -1.888428], [-80.027203, -1.888442], [-80.027207, -1.888448]], [[-80.027094, -1.888302], [-80.027095, -1.888303], [-80.027124, -1.888336], [-80.027147, -1.888362], [-80.027149, -1.888365], [-80.027094, -1.888302]], [[-80.027007, -1.888218], [-80.027061, -1.888269], [-80.026579, -1.888034], [-80.026889, -1.888119], [-80.027007, -1.888218]], [[-80.025962, -1.888081], [-80.026042, -1.888092], [-80.026077, -1.888096], [-80.026042, -1.888092], [-80.025962, -1.888081]], [[-80.025551, -1.888006], [-80.0251, -1.887961], [-80.025312, -1.887973], [-80.025374, -1.887982], [-80.025473, -1.887995], [-80.025551, -1.888006]], [[-80.024939, -1.887953], [-80.024939, -1.887953], [-80.024939, -1.887953], [-80.024939, -1.887953]], [[-80.024892, -1.887953], [-80.024915, -1.887954], [-80.024872, -1.887953], [-80.024892, -1.887953]], [[-80.024803, -1.887954], [-80.024792, -1.887954], [-80.02478, -1.887954], [-80.024747, -1.887953], [-80.024616, -1.887948], [-80.024803, -1.887954]], [[-80.024127, -1.888022], [-80.024104, -1.888029], [-80.024087, -1.888035], [-80.024104, -1.888029], [-80.024127, -1.888022]], [[-80.023776, -1.888379], [-80.023765, -1.888399], [-80.023743, -1.888442], [-80.023765, -1.888399], [-80.023776, -1.888379]], [[-80.02373, -1.888468], [-80.023724, -1.888481], [-80.023718, -1.888494], [-80.023724, -1.888481], [-80.02373, -1.888468]], [[-80.023697, -1.88854], [-80.023675, -1.888598], [-80.023666, -1.888618], [-80.023675, -1.888598], [-80.023697, -1.88854]], [[-80.023487, -1.88896], [-80.023467, -1.888991], [-80.023505, -1.888928], [-80.023487, -1.88896]], [[-80.023275, -1.88918], [-80.023261, -1.889193], [-80.023248, -1.889207], [-80.023261, -1.889193], [-80.023275, -1.88918]], [[-80.02317, -1.889275], [-80.023153, -1.889288], [-80.023135, -1.889305], [-80.023153, -1.889288], [-80.02317, -1.889275]], [[-80.023003, -1.889404], [-80.022989, -1.889418], [-80.022972, -1.889432], [-80.022989, -1.889418], [-80.023003, -1.889404]], [[-80.022924, -1.889487], [-80.022914, -1.889502], [-80.022905, -1.889517], [-80.022914, -1.889502], [-80.022924, -1.889487]], [[-80.022777, -1.889765], [-80.022765, -1.889786], [-80.022755, -1.889804], [-80.022765, -1.889786], [-80.022777, -1.889765]], [[-80.022501, -1.8904], [-80.022479, -1.890461], [-80.022473, -1.890474], [-80.022479, -1.890461], [-80.022501, -1.8904]], [[-80.022411, -1.891445], [-80.02242, -1.891486], [-80.02243, -1.891535], [-80.02242, -1.891486], [-80.022411, -1.891445]], [[-80.022484, -1.89218], [-80.022483, -1.892184], [-80.022483, -1.892186], [-80.022483, -1.892184], [-80.022484, -1.89218]], [[-80.021902, -1.89266], [-80.021958, -1.89266], [-80.021985, -1.89266], [-80.021958, -1.89266], [-80.021902, -1.89266], [-80.021867, -1.89266], [-80.021902, -1.89266]], [[-80.020916, -1.892777], [-80.020916, -1.892777], [-80.020938, -1.892779], [-80.020979, -1.892779], [-80.020938, -1.892779], [-80.020916, -1.892777]], [[-80.020817, -1.892767], [-80.020795, -1.892767], [-80.020756, -1.892759], [-80.020736, -1.892753], [-80.02071, -1.892748], [-80.02071, -1.892748], [-80.020817, -1.892767]], [[-80.020544, -1.892718], [-80.020569, -1.892721], [-80.020645, -1.892734], [-80.02067, -1.892737], [-80.020671, -1.892737], [-80.020645, -1.892734], [-80.020569, -1.892721], [-80.020544, -1.892718]], [[-80.020395, -1.892684], [-80.020371, -1.892678], [-80.02037, -1.892678], [-80.020395, -1.892684], [-80.020467, -1.892701], [-80.020489, -1.892706], [-80.02049, -1.892706], [-80.020395, -1.892684]], [[-80.020318, -1.892664], [-80.020317, -1.892664], [-80.020317, -1.892664], [-80.020317, -1.892664], [-80.020318, -1.892664]], [[-80.02021, -1.892622], [-80.020192, -1.892613], [-80.020174, -1.8926], [-80.020151, -1.892583], [-80.020133, -1.892568], [-80.020129, -1.892566], [-80.02021, -1.892622]], [[-80.020029, -1.892497], [-80.020007, -1.892482], [-80.019988, -1.892468], [-80.019968, -1.892453], [-80.019935, -1.892417], [-80.019921, -1.892397], [-80.019906, -1.892379], [-80.01989, -1.892356], [-80.019868, -1.892316], [-80.019858, -1.892281], [-80.019856, -1.892261], [-80.019856, -1.892245], [-80.019856, -1.892209], [-80.019856, -1.892167], [-80.019856, -1.892147], [-80.019856, -1.89209], [-80.019856, -1.892067], [-80.019856, -1.892051], [-80.019859, -1.892027], [-80.019861, -1.892012], [-80.019865, -1.891999], [-80.019889, -1.891947], [-80.019906, -1.891911], [-80.019924, -1.891877], [-80.019934, -1.89186], [-80.019945, -1.891844], [-80.019958, -1.891829], [-80.019985, -1.891801], [-80.019999, -1.89179], [-80.020019, -1.891776], [-80.020029, -1.892497]], [[-80.020082, -1.89172], [-80.02017, -1.890818], [-80.01975, -1.890224], [-80.02017, -1.890818], [-80.020082, -1.89172]], [[-80.019704, -1.890157], [-80.019722, -1.890184], [-80.019725, -1.890189], [-80.019704, -1.890157], [-80.019702, -1.890154], [-80.019704, -1.890157]], [[-80.01964, -1.890033], [-80.01963, -1.890009], [-80.01962, -1.889982], [-80.019613, -1.889964], [-80.01968, -1.890117], [-80.01964, -1.890033]], [[-80.01957, -1.889841], [-80.019565, -1.889825], [-80.019554, -1.889782], [-80.019551, -1.889762], [-80.019548, -1.889745], [-80.019547, -1.889737], [-80.019546, -1.88972], [-80.019546, -1.889693], [-80.019546, -1.889623], [-80.019549, -1.889419], [-80.019546, -1.889387], [-80.019546, -1.889363], [-80.019519, -1.88924], [-80.019537, -1.889308], [-80.019546, -1.889363], [-80.019549, -1.889419], [-80.019547, -1.889737], [-80.019597, -1.889918], [-80.01957, -1.889841]], [[-80.019416, -1.889069], [-80.019508, -1.889209], [-80.018758, -1.888864], [-80.018796, -1.888876], [-80.018815, -1.88888], [-80.01884, -1.88889], [-80.01886, -1.888896], [-80.018885, -1.888907], [-80.018922, -1.888924], [-80.018948, -1.888934], [-80.018967, -1.888941], [-80.018995, -1.888949], [-80.019279, -1.888996], [-80.019416, -1.889069]], [[-80.018658, -1.888824], [-80.018597, -1.888794], [-80.018578, -1.888784], [-80.018575, -1.888783], [-80.018658, -1.888824]], [[-80.018478, -1.888718], [-80.018546, -1.888765], [-80.018239, -1.888655], [-80.018367, -1.888662], [-80.018478, -1.888718]], [[-80.017699, -1.889186], [-80.017682, -1.889206], [-80.017656, -1.889245], [-80.017682, -1.889206], [-80.017699, -1.889186]], [[-80.01765, -1.889252], [-80.017621, -1.889289], [-80.017603, -1.889316], [-80.017621, -1.889289], [-80.01765, -1.889252]], [[-80.017598, -1.889325], [-80.017566, -1.889378], [-80.017552, -1.889404], [-80.017566, -1.889378], [-80.017598, -1.889325]], [[-80.017515, -1.889986], [-80.017538, -1.889999], [-80.017555, -1.890007], [-80.017538, -1.889999], [-80.017515, -1.889986]], [[-80.017943, -1.890087], [-80.017972, -1.890078], [-80.017974, -1.890077], [-80.017972, -1.890078], [-80.017943, -1.890087], [-80.017915, -1.890095], [-80.017887, -1.8901], [-80.017857, -1.890103], [-80.017832, -1.890103], [-80.017943, -1.890087]], [[-80.018111, -1.890064], [-80.018092, -1.890064], [-80.018091, -1.890064], [-80.018092, -1.890064], [-80.018111, -1.890064]], [[-80.018187, -1.890063], [-80.018187, -1.890063], [-80.018187, -1.890063], [-80.018187, -1.890063]], [[-80.018465, -1.890072], [-80.018479, -1.890073], [-80.0185, -1.890074], [-80.018479, -1.890073], [-80.018465, -1.890072]], [[-80.018693, -1.890131], [-80.018705, -1.890139], [-80.018715, -1.890147], [-80.018705, -1.890139], [-80.018693, -1.890131]], [[-80.018775, -1.891525], [-80.018773, -1.891534], [-80.018772, -1.891542], [-80.018773, -1.891534], [-80.018775, -1.891525]], [[-80.018758, -1.891657], [-80.018758, -1.891661], [-80.018751, -1.891683], [-80.018758, -1.891661], [-80.018758, -1.891657]], [[-80.018628, -1.891853], [-80.018639, -1.891854], [-80.018651, -1.891854], [-80.018639, -1.891854], [-80.018628, -1.891853]], [[-80.018581, -1.891831], [-80.018556, -1.891814], [-80.018545, -1.891806], [-80.018533, -1.891795], [-80.018507, -1.891766], [-80.018454, -1.891692], [-80.018441, -1.89167], [-80.018424, -1.891653], [-80.018386, -1.891614], [-80.018202, -1.891457], [-80.018068, -1.891418], [-80.018202, -1.891457], [-80.018386, -1.891614], [-80.018441, -1.89167], [-80.018533, -1.891795], [-80.018556, -1.891814], [-80.018596, -1.891839], [-80.018607, -1.891848], [-80.018581, -1.891831]], [[-80.018052, -1.891418], [-80.018043, -1.891418], [-80.018052, -1.891418], [-80.018052, -1.891418]], [[-80.018024, -1.891423], [-80.018019, -1.891425], [-80.018009, -1.891431], [-80.018019, -1.891425], [-80.018024, -1.891423]], [[-80.017929, -1.891513], [-80.017925, -1.891524], [-80.017921, -1.891537], [-80.017925, -1.891524], [-80.017929, -1.891513]], [[-80.017912, -1.891583], [-80.017908, -1.8916], [-80.017906, -1.891609], [-80.017908, -1.8916], [-80.017912, -1.891583]], [[-80.017874, -1.89187], [-80.017871, -1.89188], [-80.017874, -1.89187], [-80.017874, -1.89187]], [[-80.017817, -1.892893], [-80.017815, -1.892907], [-80.017817, -1.892893], [-80.017817, -1.892893]], [[-80.017652, -1.893112], [-80.017613, -1.893115], [-80.017562, -1.893123], [-80.017613, -1.893115], [-80.017652, -1.893112]], [[-80.017015, -1.893176], [-80.017015, -1.893176], [-80.017094, -1.893176], [-80.017015, -1.893176]], [[-80.017015, -1.893176], [-80.016883, -1.893176], [-80.016787, -1.893181], [-80.016883, -1.893176], [-80.017015, -1.893176]], [[-80.016736, -1.893181], [-80.016736, -1.893181], [-80.016787, -1.893181], [-80.016736, -1.893181]], [[-80.016463, -1.893191], [-80.016463, -1.893191], [-80.016483, -1.893191], [-80.016463, -1.893191]], [[-80.016463, -1.893191], [-80.016429, -1.893191], [-80.016349, -1.893196], [-80.016429, -1.893191], [-80.016463, -1.893191]], [[-80.016348, -1.893196], [-80.016321, -1.893196], [-80.016299, -1.893197], [-80.016321, -1.893196], [-80.016348, -1.893196]], [[-80.01619, -1.893196], [-80.016125, -1.893189], [-80.016102, -1.893188], [-80.016084, -1.893187], [-80.016029, -1.893173], [-80.016011, -1.893167], [-80.015994, -1.89316], [-80.015977, -1.893153], [-80.015942, -1.893133], [-80.015907, -1.893113], [-80.015892, -1.893102], [-80.015872, -1.893085], [-80.015858, -1.893073], [-80.015844, -1.893061], [-80.015826, -1.893045], [-80.015794, -1.893015], [-80.015791, -1.893013], [-80.01619, -1.893196]], [[-80.015722, -1.892933], [-80.01571, -1.892915], [-80.015697, -1.892891], [-80.015688, -1.892872], [-80.015674, -1.892846], [-80.015666, -1.892827], [-80.015658, -1.892805], [-80.015644, -1.892783], [-80.015635, -1.892764], [-80.015621, -1.892743], [-80.015612, -1.892723], [-80.015589, -1.892684], [-80.015578, -1.892663], [-80.015573, -1.892655], [-80.015567, -1.892647], [-80.015558, -1.892629], [-80.015555, -1.892626], [-80.015558, -1.892629], [-80.015578, -1.892663], [-80.015612, -1.892723], [-80.015621, -1.892743], [-80.015635, -1.892764], [-80.015658, -1.892805], [-80.01571, -1.892915], [-80.015764, -1.892985], [-80.015722, -1.892933]], [[-80.015518, -1.892582], [-80.015523, -1.892586], [-80.015524, -1.892588], [-80.015517, -1.89258], [-80.015518, -1.892582]], [[-80.015368, -1.892454], [-80.015353, -1.89244], [-80.015338, -1.892426], [-80.015312, -1.892399], [-80.015287, -1.892371], [-80.015278, -1.892357], [-80.015267, -1.892338], [-80.015254, -1.892295], [-80.015252, -1.892275], [-80.015242, -1.892151], [-80.015242, -1.892093], [-80.015268, -1.891853], [-80.015286, -1.891722], [-80.015289, -1.891711], [-80.015368, -1.892454]], [[-80.01533, -1.891611], [-80.015341, -1.891595], [-80.015355, -1.891579], [-80.015366, -1.891567], [-80.01543, -1.89151], [-80.015459, -1.891489], [-80.015492, -1.891459], [-80.015508, -1.891445], [-80.015557, -1.891382], [-80.015508, -1.891445], [-80.015459, -1.891489], [-80.015366, -1.891567], [-80.015355, -1.891579], [-80.015299, -1.891682], [-80.01533, -1.891611]], [[-80.015589, -1.891319], [-80.015569, -1.89136], [-80.015597, -1.891249], [-80.015597, -1.891264], [-80.015589, -1.891319]], [[-80.015596, -1.891246], [-80.015596, -1.891246], [-80.015596, -1.891214], [-80.015596, -1.891214], [-80.015596, -1.891246]], [[-80.015563, -1.891153], [-80.015543, -1.891125], [-80.015504, -1.891048], [-80.015493, -1.891024], [-80.015462, -1.890967], [-80.01545, -1.890942], [-80.015563, -1.891153]], [[-80.015421, -1.89086], [-80.015418, -1.890845], [-80.015438, -1.890915], [-80.015423, -1.890878], [-80.015421, -1.89086]], [[-80.015417, -1.890789], [-80.015418, -1.890666], [-80.015441, -1.890502], [-80.015473, -1.890387], [-80.015573, -1.890138], [-80.015576, -1.890118], [-80.015583, -1.8901], [-80.015586, -1.890078], [-80.015592, -1.890059], [-80.015594, -1.890037], [-80.015604, -1.889997], [-80.015592, -1.890059], [-80.015586, -1.890078], [-80.015583, -1.8901], [-80.015573, -1.890138], [-80.015441, -1.890502], [-80.015418, -1.890844], [-80.015417, -1.890789]], [[-80.015606, -1.889988], [-80.015609, -1.889969], [-80.015613, -1.88995], [-80.015609, -1.889969], [-80.015606, -1.889988]], [[-80.015629, -1.889864], [-80.015636, -1.889799], [-80.015641, -1.889777], [-80.015642, -1.889752], [-80.015651, -1.889705], [-80.015662, -1.889661], [-80.015669, -1.889637], [-80.015684, -1.889591], [-80.015695, -1.889567], [-80.015704, -1.889545], [-80.015728, -1.889499], [-80.015744, -1.889473], [-80.015629, -1.889864]], [[-80.015805, -1.889374], [-80.015934, -1.889131], [-80.015946, -1.889112], [-80.015961, -1.88909], [-80.015962, -1.889088], [-80.015805, -1.889374]], [[-80.016032, -1.888938], [-80.015981, -1.889059], [-80.015923, -1.888836], [-80.01599, -1.888845], [-80.016032, -1.888938]], [[-80.015855, -1.888839], [-80.015855, -1.888839], [-80.01587, -1.888839], [-80.015855, -1.888839]], [[-80.015821, -1.888839], [-80.015837, -1.888839], [-80.015801, -1.88884], [-80.015821, -1.888839]], [[-80.015759, -1.888842], [-80.015743, -1.888842], [-80.015725, -1.888842], [-80.015743, -1.888842], [-80.015759, -1.888842]], [[-80.015571, -1.88886], [-80.015571, -1.88886], [-80.015589, -1.88886], [-80.015571, -1.88886]], [[-80.015497, -1.888856], [-80.015483, -1.88885], [-80.015468, -1.888842], [-80.015454, -1.888829], [-80.015441, -1.888815], [-80.015391, -1.888754], [-80.015358, -1.888726], [-80.015342, -1.88871], [-80.015326, -1.888699], [-80.015308, -1.888686], [-80.01529, -1.888675], [-80.015271, -1.888663], [-80.015213, -1.888625], [-80.015198, -1.888614], [-80.015179, -1.888602], [-80.015141, -1.888574], [-80.015109, -1.888549], [-80.015093, -1.888538], [-80.015074, -1.888521], [-80.015041, -1.888504], [-80.014996, -1.888463], [-80.014983, -1.88845], [-80.014968, -1.888434], [-80.014938, -1.888398], [-80.014924, -1.888378], [-80.014885, -1.88833], [-80.014778, -1.888194], [-80.014593, -1.887983], [-80.014433, -1.887969], [-80.014593, -1.887983], [-80.015497, -1.888856]], [[-80.014239, -1.88807], [-80.014177, -1.888103], [-80.014152, -1.888119], [-80.014177, -1.888103], [-80.014239, -1.88807]], [[-80.013472, -1.888497], [-80.013457, -1.888502], [-80.013437, -1.888511], [-80.013457, -1.888502], [-80.013472, -1.888497]], [[-80.013364, -1.888551], [-80.013342, -1.888565], [-80.013328, -1.888574], [-80.013342, -1.888565], [-80.013364, -1.888551]], [[-80.01319, -1.888624], [-80.01319, -1.888624], [-80.013212, -1.888624], [-80.01319, -1.888624]], [[-80.013103, -1.888595], [-80.013094, -1.88858], [-80.013076, -1.888545], [-80.013035, -1.88845], [-80.013025, -1.888438], [-80.013016, -1.888426], [-80.013014, -1.888423], [-80.012963, -1.888344], [-80.012956, -1.888324], [-80.01295, -1.888308], [-80.012944, -1.888289], [-80.012937, -1.88825], [-80.012934, -1.888198], [-80.01293, -1.888081], [-80.012932, -1.887993], [-80.012925, -1.887913], [-80.012925, -1.887863], [-80.012916, -1.887818], [-80.012903, -1.88773], [-80.012889, -1.88768], [-80.012883, -1.887653], [-80.012874, -1.88761], [-80.012868, -1.887567], [-80.012867, -1.88755], [-80.012868, -1.887524], [-80.012868, -1.88751], [-80.01287, -1.88749], [-80.012872, -1.887476], [-80.012876, -1.887463], [-80.012876, -1.887442], [-80.01288, -1.887426], [-80.012882, -1.887385], [-80.012858, -1.887058], [-80.012707, -1.886773], [-80.012858, -1.887058], [-80.012882, -1.887385], [-80.01288, -1.887426], [-80.012876, -1.887442], [-80.012876, -1.887463], [-80.012868, -1.88751], [-80.012868, -1.887567], [-80.012903, -1.88773], [-80.012925, -1.887863], [-80.012932, -1.887993], [-80.012934, -1.888198], [-80.012944, -1.888289], [-80.013177, -1.888624], [-80.013103, -1.888595]], [[-80.012572, -1.886717], [-80.012615, -1.886729], [-80.012641, -1.88674], [-80.012645, -1.886742], [-80.012572, -1.886717]], [[-80.012487, -1.8867], [-80.012507, -1.886702], [-80.012508, -1.886702], [-80.012507, -1.886702], [-80.012487, -1.8867], [-80.012487, -1.8867], [-80.012487, -1.8867]], [[-80.012376, -1.886693], [-80.012428, -1.886694], [-80.012429, -1.886694], [-80.012376, -1.886693], [-80.012375, -1.886693], [-80.012376, -1.886693]], [[-80.012163, -1.886664], [-80.012151, -1.886662], [-80.012131, -1.886657], [-80.012111, -1.886651], [-80.012093, -1.886646], [-80.012074, -1.886638], [-80.012038, -1.886621], [-80.012023, -1.886612], [-80.012004, -1.886601], [-80.012163, -1.886664]], [[-80.011929, -1.886531], [-80.011533, -1.886185], [-80.011586, -1.886227], [-80.011602, -1.886239], [-80.011629, -1.886259], [-80.011646, -1.886272], [-80.011742, -1.88634], [-80.011929, -1.886531]], [[-80.01144, -1.886101], [-80.011425, -1.886087], [-80.011388, -1.886039], [-80.011373, -1.886016], [-80.011228, -1.885774], [-80.011154, -1.885677], [-80.011118, -1.885629], [-80.011079, -1.88558], [-80.011037, -1.885525], [-80.010598, -1.885143], [-80.011037, -1.885525], [-80.011118, -1.885629], [-80.011228, -1.885774], [-80.011388, -1.886039], [-80.011505, -1.88616], [-80.01144, -1.886101]], [[-80.010482, -1.885102], [-80.010041, -1.884937], [-80.010231, -1.884989], [-80.010382, -1.88506], [-80.010445, -1.885086], [-80.010465, -1.885096], [-80.010482, -1.885102]], [[-80.009874, -1.88503], [-80.00986, -1.885049], [-80.009841, -1.885067], [-80.00986, -1.885049], [-80.009874, -1.88503]], [[-80.00981, -1.885101], [-80.009798, -1.885115], [-80.009787, -1.885126], [-80.009798, -1.885115], [-80.00981, -1.885101]], [[-80.009896, -1.886099], [-80.009898, -1.886106], [-80.009903, -1.886121], [-80.009898, -1.886106], [-80.009896, -1.886099]], [[-80.00994, -1.88663], [-80.00994, -1.88663], [-80.009938, -1.886619], [-80.00994, -1.88663]], [[-80.009956, -1.886802], [-80.009957, -1.886807], [-80.009958, -1.886813], [-80.009957, -1.886807], [-80.009956, -1.886802]], [[-80.010152, -1.887379], [-80.010163, -1.887399], [-80.010173, -1.887413], [-80.010163, -1.887399], [-80.010152, -1.887379]], [[-80.010039, -1.887977], [-80.010108, -1.887984], [-80.010039, -1.887977], [-80.010039, -1.887977]], [[-80.009926, -1.887963], [-80.009874, -1.887949], [-80.009843, -1.887943], [-80.009874, -1.887949], [-80.009926, -1.887963]], [[-80.009757, -1.887914], [-80.009752, -1.887913], [-80.009748, -1.887911], [-80.009752, -1.887913], [-80.009757, -1.887914]], [[-80.009599, -1.887865], [-80.009594, -1.887863], [-80.00959, -1.887862], [-80.009594, -1.887863], [-80.009599, -1.887865]], [[-80.009399, -1.887808], [-80.009066, -1.887785], [-80.009299, -1.887789], [-80.009351, -1.8878], [-80.009375, -1.887802], [-80.009399, -1.887808]], [[-80.008627, -1.887811], [-80.008652, -1.887811], [-80.008725, -1.887814], [-80.008752, -1.887814], [-80.008725, -1.887814], [-80.008627, -1.887811]], [[-80.00852, -1.887813], [-80.00852, -1.887813], [-80.008506, -1.887812], [-80.008506, -1.887812], [-80.00852, -1.887813]], [[-80.008407, -1.887798], [-80.008211, -1.887656], [-80.008216, -1.887659], [-80.008241, -1.887674], [-80.008266, -1.887689], [-80.008315, -1.887722], [-80.008356, -1.88776], [-80.008407, -1.887798]], [[-80.008074, -1.887584], [-80.007952, -1.887532], [-80.007887, -1.887513], [-80.007852, -1.8875], [-80.00782, -1.887488], [-80.007631, -1.887433], [-80.007597, -1.887421], [-80.007475, -1.887379], [-80.007441, -1.887366], [-80.007258, -1.887286], [-80.007196, -1.887252], [-80.007166, -1.88723], [-80.007141, -1.887208], [-80.00709, -1.88716], [-80.007067, -1.887135], [-80.007065, -1.887133], [-80.008074, -1.887584]], [[-80.007006, -1.887071], [-80.006998, -1.887063], [-80.006993, -1.887058], [-80.006998, -1.887063], [-80.007006, -1.887071]], [[-80.006888, -1.886917], [-80.006865, -1.886901], [-80.006856, -1.886894], [-80.006851, -1.886887], [-80.006844, -1.886873], [-80.006726, -1.886573], [-80.006527, -1.886357], [-80.006457, -1.886295], [-80.006437, -1.88628], [-80.006419, -1.886266], [-80.006396, -1.886249], [-80.00638, -1.886236], [-80.006349, -1.886211], [-80.006336, -1.886199], [-80.006322, -1.886184], [-80.00631, -1.88617], [-80.006297, -1.886154], [-80.006278, -1.886128], [-80.006265, -1.886106], [-80.00625, -1.886073], [-80.006232, -1.886032], [-80.006197, -1.885939], [-80.006185, -1.885904], [-80.006175, -1.885874], [-80.006726, -1.886573], [-80.00694, -1.886998], [-80.006888, -1.886917]], [[-80.006092, -1.885611], [-80.006151, -1.885798], [-80.005865, -1.885381], [-80.005988, -1.885435], [-80.006092, -1.885611]], [[-80.005765, -1.88538], [-80.005745, -1.885377], [-80.005726, -1.88537], [-80.005705, -1.885357], [-80.005679, -1.885346], [-80.00566, -1.885336], [-80.005637, -1.885323], [-80.005592, -1.885311], [-80.00557, -1.885299], [-80.005513, -1.885288], [-80.00557, -1.885299], [-80.005637, -1.885323], [-80.005745, -1.885377], [-80.005827, -1.885381], [-80.005765, -1.88538]], [[-80.005393, -1.885256], [-80.005201, -1.885188], [-80.00503, -1.885179], [-80.005201, -1.885188], [-80.005475, -1.885282], [-80.005393, -1.885256]], [[-80.004735, -1.885217], [-80.004676, -1.885224], [-80.004656, -1.885226], [-80.004676, -1.885224], [-80.004735, -1.885217]], [[-80.004575, -1.885231], [-80.004558, -1.885232], [-80.004412, -1.885245], [-80.004558, -1.885232], [-80.004575, -1.885231]], [[-80.004157, -1.885285], [-80.004149, -1.885288], [-80.004131, -1.885293], [-80.004149, -1.885288], [-80.004157, -1.885285]], [[-80.004108, -1.885304], [-80.004099, -1.885308], [-80.004087, -1.885316], [-80.004099, -1.885308], [-80.004108, -1.885304]], [[-80.004034, -1.885452], [-80.004039, -1.885463], [-80.004096, -1.885569], [-80.004039, -1.885463], [-80.004034, -1.885452]], [[-80.004142, -1.885669], [-80.004145, -1.88568], [-80.00415, -1.885694], [-80.004145, -1.88568], [-80.004142, -1.885669]], [[-80.004171, -1.885785], [-80.004171, -1.885788], [-80.004172, -1.885791], [-80.004171, -1.885788], [-80.004171, -1.885785]], [[-80.004173, -1.885942], [-80.004171, -1.885948], [-80.004173, -1.885942], [-80.004173, -1.885942]], [[-80.004088, -1.886138], [-80.004078, -1.886156], [-80.004074, -1.886167], [-80.004078, -1.886156], [-80.004088, -1.886138]], [[-80.00406, -1.886194], [-80.004055, -1.886207], [-80.004044, -1.886225], [-80.004055, -1.886207], [-80.00406, -1.886194]], [[-80.003963, -1.886324], [-80.003945, -1.886332], [-80.003985, -1.886303], [-80.003976, -1.886314], [-80.003963, -1.886324]], [[-80.003849, -1.88635], [-80.003715, -1.886369], [-80.003696, -1.886371], [-80.003715, -1.886369], [-80.003849, -1.88635]], [[-80.003632, -1.886374], [-80.003612, -1.886375], [-80.003592, -1.886376], [-80.003612, -1.886375], [-80.003632, -1.886374]], [[-80.003118, -1.886403], [-80.003093, -1.886401], [-80.002843, -1.886336], [-80.003186, -1.886406], [-80.003118, -1.886403]], [[-80.002759, -1.88632], [-80.00274, -1.886314], [-80.002706, -1.886299], [-80.002689, -1.88629], [-80.002656, -1.886269], [-80.002572, -1.886206], [-80.002554, -1.886194], [-80.002519, -1.886168], [-80.002487, -1.886141], [-80.002458, -1.886114], [-80.002444, -1.8861], [-80.002442, -1.886097], [-80.002759, -1.88632]], [[-80.002419, -1.88607], [-80.002416, -1.886066], [-80.002413, -1.886063], [-80.002416, -1.886066], [-80.002419, -1.88607]], [[-80.002342, -1.885974], [-80.002323, -1.885954], [-80.002306, -1.885936], [-80.002245, -1.885856], [-80.00223, -1.885834], [-80.002214, -1.88581], [-80.002159, -1.88572], [-80.002133, -1.885672], [-80.002112, -1.885631], [-80.002097, -1.885593], [-80.002094, -1.885576], [-80.002093, -1.885543], [-80.002093, -1.885527], [-80.002094, -1.885512], [-80.002096, -1.885498], [-80.002099, -1.885481], [-80.002342, -1.885974]], [[-80.002129, -1.885431], [-80.002141, -1.885416], [-80.002153, -1.885403], [-80.002295, -1.88526], [-80.002355, -1.885143], [-80.002295, -1.88526], [-80.002103, -1.885473], [-80.002129, -1.885431]], [[-80.002369, -1.884987], [-80.002365, -1.885076], [-80.002228, -1.884796], [-80.00233, -1.884855], [-80.002369, -1.884987]], [[-80.002113, -1.884858], [-80.002101, -1.884868], [-80.002094, -1.884879], [-80.002101, -1.884868], [-80.002113, -1.884858]], [[-80.002077, -1.884903], [-80.002069, -1.884917], [-80.002065, -1.884926], [-80.002069, -1.884917], [-80.002077, -1.884903]], [[-80.002029, -1.885071], [-80.002029, -1.885071], [-80.002032, -1.885047], [-80.002029, -1.885071]], [[-80.001629, -1.885779], [-80.001594, -1.885825], [-80.001581, -1.885843], [-80.001594, -1.885825], [-80.001629, -1.885779]], [[-80.001578, -1.885847], [-80.001565, -1.885866], [-80.001554, -1.885882], [-80.001565, -1.885866], [-80.001578, -1.885847]], [[-80.001403, -1.886073], [-80.001372, -1.886113], [-80.001355, -1.886132], [-80.001372, -1.886113], [-80.001403, -1.886073]], [[-80.000946, -1.886457], [-80.001041, -1.886405], [-80.001011, -1.886423], [-80.000987, -1.886435], [-80.000946, -1.886457]], [[-80.0008, -1.886508], [-80.000776, -1.886509], [-80.000766, -1.886509], [-80.000776, -1.886509], [-80.0008, -1.886508]], [[-80.00065, -1.886471], [-80.000513, -1.886427], [-80.000586, -1.886437], [-80.000601, -1.886444], [-80.000634, -1.886463], [-80.00065, -1.886471]], [[-80.000325, -1.88645], [-80.000344, -1.88645], [-80.000369, -1.88645], [-80.000325, -1.88645], [-80.000304, -1.88645], [-80.000325, -1.88645]], [[-80.000247, -1.88645], [-80.000268, -1.886451], [-80.000247, -1.88645], [-80.000247, -1.88645]], [[-80.000105, -1.886451], [-80.000082, -1.88645], [-80.000065, -1.886448], [-80.000043, -1.886445], [-80.0, -1.886434], [-79.999926, -1.886428], [-79.999799, -1.886405], [-79.999508, -1.886353], [-79.999358, -1.886343], [-79.999508, -1.886353], [-79.999926, -1.886428], [-80.0, -1.886434], [-80.000065, -1.886448], [-80.000197, -1.886451], [-80.000105, -1.886451]], [[-79.998547, -1.8869], [-79.998518, -1.886934], [-79.998481, -1.886984], [-79.998518, -1.886934], [-79.998547, -1.8869]], [[-79.998079, -1.887642], [-79.998112, -1.88757], [-79.998155, -1.887502], [-79.998064, -1.887674], [-79.998079, -1.887642]], [[-79.998402, -1.889078], [-79.998387, -1.889114], [-79.998361, -1.889163], [-79.998387, -1.889114], [-79.998402, -1.889078]], [[-79.99813, -1.889487], [-79.998043, -1.889592], [-79.997937, -1.889718], [-79.998043, -1.889592], [-79.99813, -1.889487]], [[-79.997705, -1.889976], [-79.997682, -1.890002], [-79.997635, -1.890033], [-79.997682, -1.890002], [-79.997705, -1.889976]], [[-79.997601, -1.890064], [-79.997563, -1.890091], [-79.997508, -1.890127], [-79.997563, -1.890091], [-79.997601, -1.890064]], [[-79.995745, -1.891123], [-79.995744, -1.891123], [-79.995745, -1.891123], [-79.995745, -1.891123]], [[-79.995672, -1.891119], [-79.995632, -1.891126], [-79.995617, -1.891129], [-79.995632, -1.891126], [-79.995672, -1.891119]], [[-79.995418, -1.891213], [-79.995401, -1.891227], [-79.995383, -1.89124], [-79.995401, -1.891227], [-79.995418, -1.891213]], [[-79.995257, -1.891322], [-79.995234, -1.891332], [-79.995353, -1.891259], [-79.995283, -1.891306], [-79.995257, -1.891322]], [[-80.00221, -1.90151], [-80.002934, -1.901701], [-80.003414, -1.901887], [-80.002934, -1.901701], [-80.00221, -1.90151]], [[-79.997809, -1.907178], [-79.99696, -1.906777], [-79.994207, -1.905183], [-79.993243, -1.9046], [-79.990631, -1.903692], [-79.993243, -1.9046], [-79.998129, -1.907326], [-80.000997, -1.908021], [-79.999761, -1.907934], [-79.998129, -1.907326], [-79.997809, -1.907178]], [[-79.98876, -1.907269], [-79.989011, -1.90825], [-79.989226, -1.908574], [-79.989011, -1.90825], [-79.98876, -1.907269]], [[-80.002805, -1.915269], [-80.003497, -1.91544], [-80.004325, -1.915671], [-80.003497, -1.91544], [-80.002805, -1.915269]], [[-80.009184, -1.918303], [-80.009416, -1.91869], [-80.009456, -1.918825], [-80.009416, -1.91869], [-80.009184, -1.918303]], [[-80.005804, -1.92113], [-80.006813, -1.921169], [-80.007622, -1.921208], [-80.007902, -1.921241], [-80.005804, -1.92113]], [[-80.00907, -1.938766], [-80.009255, -1.939149], [-80.0093, -1.939451], [-80.009255, -1.939149], [-80.00907, -1.938766]], [[-80.00931, -1.94019], [-80.009298, -1.940277], [-80.00931, -1.94019], [-80.00931, -1.94019]], [[-80.005144, -1.941441], [-80.004376, -1.941398], [-80.005144, -1.941441], [-80.005479, -1.941463], [-80.007667, -1.941743], [-80.005144, -1.941441]], [[-80.003994, -1.941418], [-80.003537, -1.941529], [-80.003229, -1.941668], [-80.003537, -1.941529], [-80.003994, -1.941418]], [[-80.000772, -1.967712], [-80.000069, -1.967373], [-79.999615, -1.967029], [-80.001318, -1.967867], [-80.000772, -1.967712]], [[-80.004929, -1.967705], [-80.00558, -1.967695], [-80.004929, -1.967705], [-80.003889, -1.967816], [-80.002937, -1.967905], [-80.001999, -1.967954], [-80.004929, -1.967705]], [[-80.007822, -1.9687], [-80.007915, -1.968851], [-80.008011, -1.969126], [-80.007915, -1.968851], [-80.007822, -1.9687]], [[-80.049267, -1.881392], [-80.049304, -1.881468], [-80.049308, -1.881476], [-80.049304, -1.881468], [-80.049267, -1.881392]], [[-80.049356, -1.881552], [-80.049362, -1.881561], [-80.049366, -1.881568], [-80.049362, -1.881561], [-80.049356, -1.881552]], [[-80.049465, -1.8817], [-80.049471, -1.881709], [-80.049477, -1.881718], [-80.049471, -1.881709], [-80.049465, -1.8817]], [[-80.049637, -1.881905], [-80.049637, -1.881905], [-80.049636, -1.881901], [-80.049637, -1.881905]], [[-80.049646, -1.881994], [-80.049647, -1.881995], [-80.049649, -1.882002], [-80.049647, -1.881995], [-80.049646, -1.881994]], [[-80.049683, -1.882159], [-80.049678, -1.882167], [-80.049671, -1.882175], [-80.049678, -1.882167], [-80.049683, -1.882159]], [[-80.049655, -1.882191], [-80.049648, -1.882198], [-80.049642, -1.882205], [-80.049648, -1.882198], [-80.049655, -1.882191]], [[-80.049627, -1.882226], [-80.04962, -1.882235], [-80.049613, -1.882244], [-80.04962, -1.882235], [-80.049627, -1.882226]], [[-80.049473, -1.882407], [-80.049469, -1.88241], [-80.049459, -1.882417], [-80.049469, -1.88241], [-80.049473, -1.882407]], [[-80.049325, -1.88249], [-80.049316, -1.882495], [-80.049305, -1.8825], [-80.049316, -1.882495], [-80.049325, -1.88249]], [[-80.049292, -1.882505], [-80.04924, -1.882526], [-80.049228, -1.88253], [-80.04924, -1.882526], [-80.049292, -1.882505]], [[-80.049217, -1.882535], [-80.049206, -1.88254], [-80.049197, -1.882545], [-80.049206, -1.88254], [-80.049217, -1.882535]], [[-80.049123, -1.882587], [-80.049119, -1.88259], [-80.049143, -1.882576], [-80.049134, -1.882581], [-80.049123, -1.882587]], [[-80.049108, -1.882596], [-80.049103, -1.882598], [-80.049092, -1.882602], [-80.049103, -1.882598], [-80.049108, -1.882596]], [[-80.048982, -1.882612], [-80.048969, -1.882612], [-80.049033, -1.882612], [-80.049007, -1.882612], [-80.048982, -1.882612]], [[-80.048932, -1.882613], [-80.048932, -1.882613], [-80.048945, -1.882613], [-80.048932, -1.882613]], [[-80.048919, -1.882613], [-80.048919, -1.882613], [-80.048919, -1.882613], [-80.048919, -1.882613]], [[-80.048781, -1.88258], [-80.04877, -1.882578], [-80.048758, -1.882575], [-80.048746, -1.882573], [-80.048722, -1.882569], [-80.048711, -1.882566], [-80.048688, -1.882561], [-80.048676, -1.882558], [-80.048664, -1.882555], [-80.048639, -1.88255], [-80.048664, -1.882555], [-80.048722, -1.882569], [-80.048758, -1.882575], [-80.04877, -1.882578], [-80.048781, -1.88258], [-80.048792, -1.882584], [-80.048804, -1.882586], [-80.048879, -1.882608], [-80.048792, -1.882584], [-80.048781, -1.88258]], [[-80.048603, -1.882545], [-80.048615, -1.882546], [-80.048615, -1.882547], [-80.048615, -1.882546], [-80.048603, -1.882545], [-80.048603, -1.882545], [-80.048603, -1.882545]], [[-80.048472, -1.882491], [-80.048381, -1.882464], [-80.048344, -1.882451], [-80.048333, -1.882446], [-80.048325, -1.882442], [-80.048307, -1.882429], [-80.048291, -1.882413], [-80.048284, -1.882404], [-80.048276, -1.882392], [-80.048472, -1.882491]], [[-80.048245, -1.88234], [-80.048239, -1.88233], [-80.048216, -1.882299], [-80.048201, -1.882278], [-80.048195, -1.882268], [-80.048239, -1.88233], [-80.048252, -1.88235], [-80.048258, -1.882362], [-80.048265, -1.882373], [-80.048265, -1.882374], [-80.048258, -1.882362], [-80.048245, -1.88234]], [[-80.048152, -1.882206], [-80.048148, -1.882201], [-80.048144, -1.882194], [-80.048148, -1.882201], [-80.048152, -1.882206]], [[-80.0481, -1.882107], [-80.048098, -1.882096], [-80.048097, -1.882085], [-80.048097, -1.882063], [-80.048097, -1.882052], [-80.048105, -1.882031], [-80.0481, -1.882107]], [[-80.04814, -1.881957], [-80.048123, -1.881989], [-80.048144, -1.881945], [-80.048143, -1.881947], [-80.04814, -1.881957]], [[-80.048161, -1.881889], [-80.048164, -1.881877], [-80.048168, -1.881866], [-80.04817, -1.881855], [-80.048174, -1.881844], [-80.048176, -1.881833], [-80.048181, -1.881818], [-80.048176, -1.881833], [-80.048174, -1.881844], [-80.04817, -1.881855], [-80.048168, -1.881866], [-80.048164, -1.881877], [-80.048161, -1.881889], [-80.048158, -1.881902], [-80.048154, -1.881912], [-80.048152, -1.881921], [-80.04815, -1.881928], [-80.048152, -1.881921], [-80.048161, -1.881889]], [[-80.048198, -1.881768], [-80.0482, -1.881765], [-80.048186, -1.881801], [-80.048189, -1.881788], [-80.048198, -1.881768]], [[-80.048229, -1.881721], [-80.048268, -1.881629], [-80.048237, -1.881442], [-80.048268, -1.881629], [-80.048229, -1.881721]], [[-80.048221, -1.881424], [-80.048227, -1.88143], [-80.048229, -1.881432], [-80.048227, -1.88143], [-80.048221, -1.881424], [-80.048219, -1.881422], [-80.048221, -1.881424]], [[-80.048183, -1.881384], [-80.048177, -1.881378], [-80.04817, -1.881372], [-80.048164, -1.881364], [-80.048157, -1.881358], [-80.04815, -1.881349], [-80.048145, -1.881343], [-80.048143, -1.881341], [-80.048183, -1.881384]], [[-80.048116, -1.881273], [-80.048074, -1.881161], [-80.04806, -1.881141], [-80.048015, -1.881103], [-80.047973, -1.881056], [-80.047949, -1.881013], [-80.047928, -1.880949], [-80.047925, -1.880935], [-80.047922, -1.880921], [-80.047915, -1.880896], [-80.047912, -1.880884], [-80.047902, -1.88084], [-80.047898, -1.880828], [-80.047894, -1.880811], [-80.047949, -1.881013], [-80.047973, -1.881056], [-80.04806, -1.881141], [-80.048074, -1.881161], [-80.048104, -1.881237], [-80.048118, -1.881281], [-80.048125, -1.881307], [-80.048129, -1.881317], [-80.048125, -1.881307], [-80.048116, -1.881273]], [[-80.047874, -1.880716], [-80.047871, -1.880692], [-80.04787, -1.88068], [-80.04787, -1.880641], [-80.047869, -1.880629], [-80.047869, -1.880616], [-80.047864, -1.88057], [-80.047863, -1.880547], [-80.047863, -1.880535], [-80.047862, -1.880524], [-80.047861, -1.880513], [-80.047861, -1.88049], [-80.047861, -1.880478], [-80.047861, -1.880466], [-80.047861, -1.880453], [-80.04786, -1.88044], [-80.04786, -1.880418], [-80.047859, -1.880406], [-80.047859, -1.880394], [-80.047857, -1.880382], [-80.047856, -1.880369], [-80.047853, -1.880358], [-80.047851, -1.880343], [-80.047856, -1.880369], [-80.047859, -1.880394], [-80.04786, -1.880418], [-80.047861, -1.880453], [-80.047861, -1.880478], [-80.047861, -1.880513], [-80.047863, -1.880535], [-80.047864, -1.88057], [-80.047869, -1.880616], [-80.04787, -1.880641], [-80.04787, -1.88068], [-80.047871, -1.880692], [-80.047881, -1.880757], [-80.047874, -1.880716]], [[-80.047847, -1.88033], [-80.047846, -1.880322], [-80.047844, -1.880312], [-80.047846, -1.880322], [-80.047847, -1.88033]], [[-80.047793, -1.880102], [-80.047791, -1.880095], [-80.047789, -1.880084], [-80.047787, -1.880075], [-80.047784, -1.880063], [-80.04778, -1.880053], [-80.047753, -1.879975], [-80.047753, -1.879971], [-80.047784, -1.880063], [-80.047789, -1.880084], [-80.047791, -1.880095], [-80.047793, -1.880102], [-80.047803, -1.880157], [-80.047842, -1.880303], [-80.047842, -1.880304], [-80.047803, -1.880157], [-80.047793, -1.880102]], [[-80.047736, -1.879829], [-80.047697, -1.879611], [-80.047703, -1.879628], [-80.047707, -1.879638], [-80.047712, -1.879649], [-80.047716, -1.87966], [-80.047724, -1.879683], [-80.047728, -1.879694], [-80.04773, -1.879699], [-80.047738, -1.879752], [-80.047735, -1.879796], [-80.047735, -1.879819], [-80.047736, -1.879829]], [[-80.047679, -1.879565], [-80.047676, -1.879555], [-80.047674, -1.879548], [-80.047693, -1.879601], [-80.047679, -1.879565]], [[-80.047658, -1.879502], [-80.047662, -1.879511], [-80.04767, -1.879536], [-80.04765, -1.879485], [-80.047658, -1.879502]], [[-80.04763, -1.879452], [-80.047637, -1.879462], [-80.047643, -1.879472], [-80.047646, -1.879477], [-80.04763, -1.879452]], [[-80.047597, -1.879408], [-80.047619, -1.879436], [-80.047562, -1.879378], [-80.047571, -1.879385], [-80.047597, -1.879408]], [[-80.047516, -1.879349], [-80.047482, -1.879329], [-80.047467, -1.879317], [-80.04746, -1.879309], [-80.047453, -1.879303], [-80.047446, -1.879295], [-80.047433, -1.879276], [-80.047427, -1.87926], [-80.047391, -1.879166], [-80.047369, -1.879126], [-80.04729, -1.879049], [-80.047369, -1.879126], [-80.047391, -1.879166], [-80.047446, -1.879295], [-80.047482, -1.879329], [-80.047499, -1.879337], [-80.047525, -1.879353], [-80.047536, -1.879362], [-80.047545, -1.879366], [-80.047546, -1.879367], [-80.047536, -1.879362], [-80.047525, -1.879353], [-80.047516, -1.879349]], [[-80.047225, -1.878998], [-80.047201, -1.878977], [-80.047191, -1.878968], [-80.047183, -1.878961], [-80.047182, -1.87896], [-80.047259, -1.879025], [-80.047225, -1.878998]], [[-80.047143, -1.878921], [-80.047142, -1.87892], [-80.047171, -1.878949], [-80.047167, -1.878945], [-80.047143, -1.878921]], [[-80.047102, -1.878877], [-80.047094, -1.87887], [-80.047085, -1.878859], [-80.047076, -1.878852], [-80.047068, -1.878843], [-80.047052, -1.878831], [-80.047044, -1.878822], [-80.047035, -1.878815], [-80.047025, -1.878806], [-80.047044, -1.878822], [-80.047052, -1.878831], [-80.047068, -1.878843], [-80.047085, -1.878859], [-80.047094, -1.87887], [-80.047102, -1.878877], [-80.047111, -1.878887], [-80.047119, -1.878895], [-80.047128, -1.878905], [-80.047111, -1.878887], [-80.047102, -1.878877]], [[-80.046982, -1.878766], [-80.046723, -1.878618], [-80.046734, -1.87862], [-80.046767, -1.878623], [-80.046789, -1.878629], [-80.046982, -1.878766]], [[-80.046702, -1.878614], [-80.046702, -1.878614], [-80.046701, -1.878614], [-80.046702, -1.878614], [-80.046702, -1.878614]], [[-80.046652, -1.878597], [-80.046642, -1.878594], [-80.046633, -1.87859], [-80.046622, -1.878587], [-80.046602, -1.878578], [-80.046652, -1.878597]], [[-80.046559, -1.878558], [-80.046575, -1.878566], [-80.046584, -1.87857], [-80.046534, -1.878549], [-80.046559, -1.878558]], [[-80.046492, -1.878545], [-80.046497, -1.878545], [-80.046506, -1.878545], [-80.046514, -1.878545], [-80.046492, -1.878545]]], [[[-79.832502, -2.60444], [-79.835896, -2.620209], [-79.835445, -2.650619], [-79.836754, -2.655939], [-79.839646, -2.659496], [-79.847404, -2.664949], [-79.854221, -2.665064], [-79.865381, -2.658019], [-79.880647, -2.655826], [-79.887621, -2.652106], [-79.889172, -2.647756], [-79.887847, -2.631247], [-79.885688, -2.620581], [-79.883081, -2.619647], [-79.880744, -2.597917], [-79.863526, -2.539831], [-79.861651, -2.524497], [-79.861808, -2.508786], [-79.859741, -2.496971], [-79.853427, -2.477156], [-79.84819, -2.469553], [-79.838545, -2.48522], [-79.825627, -2.519427], [-79.822611, -2.533209], [-79.816488, -2.550805], [-79.826599, -2.587855], [-79.832502, -2.60444]]], [[[-79.810279, -2.53536], [-79.815729, -2.525587], [-79.814387, -2.517418], [-79.806266, -2.527206], [-79.79948, -2.532157], [-79.805336, -2.540918], [-79.807621, -2.539871], [-79.810279, -2.53536]]], [[[-79.812558, -2.430184], [-79.807748, -2.43937], [-79.805015, -2.448422], [-79.802862, -2.47267], [-79.804285, -2.480387], [-79.802298, -2.490208], [-79.797541, -2.49905], [-79.786827, -2.51201], [-79.784051, -2.51871], [-79.784094, -2.520655], [-79.788109, -2.525977], [-79.795237, -2.530588], [-79.804136, -2.525576], [-79.813689, -2.513546], [-79.826661, -2.489597], [-79.832769, -2.466835], [-79.840972, -2.454857], [-79.842352, -2.450653], [-79.838575, -2.41928], [-79.836468, -2.411029], [-79.834654, -2.40911], [-79.826297, -2.411599], [-79.821941, -2.415385], [-79.812558, -2.430184]]]]}}, {"type": "Feature", "id": "SANTO DOMINGO DE LOS TSÁCHILAS", "properties": {"codigo": "23", "nombre": "SANTO DOMINGO DE LOS TSÁCHILAS", "centroide_lon": -79.19995, "centroide_lat": -0.28421}, "geometry": {"type": "MultiPolygon", "coordinates": [[[[-79.030376, -0.478417], [-79.031402, -0.48333], [-79.037884, -0.485839], [-79.039052, -0.48848], [-79.045878, -0.487602], [-79.0485, -0.491469], [-79.047644, -0.492454], [-79.048765, -0.496703], [-79.052842, -0.499968], [-79.054666, -0.503432], [-79.057128, -0.504179], [-79.056994, -0.506811], [-79.059948, -0.513204], [-79.064149, -0.515904], [-79.070149, -0.523613], [-79.080543, -0.528188], [-79.093069, -0.524418], [-79.10097, -0.525037], [-79.102144, -0.52827], [-79.10658, -0.531545], [-79.112965, -0.541821], [-79.120083, -0.541242], [-79.125239, -0.542744], [-79.136876, -0.549522], [-79.141496, -0.558054], [-79.146642, -0.562901], [-79.146271, -0.565072], [-79.152156, -0.57624], [-79.157934, -0.581904], [-79.160209, -0.586135], [-79.169926, -0.593014], [-79.186499, -0.60078], [-79.18785, -0.603015], [-79.196434, -0.608], [-79.194816, -0.612459], [-79.198408, -0.620062], [-79.201493, -0.621176], [-79.199885, -0.623328], [-79.201952, -0.628747], [-79.205108, -0.629368], [-79.21312, -0.635735], [-79.21569, -0.640298], [-79.223186, -0.640453], [-79.228945, -0.643344], [-79.235464, -0.643375], [-79.236949, -0.645492], [-79.243142, -0.647342], [-79.244136, -0.65113], [-79.249672, -0.652328], [-79.254817, -0.658423], [-79.259017, -0.659207], [-79.264545, -0.662527], [-79.266132, -0.668295], [-79.268469, -0.669995], [-79.270559, -0.674648], [-79.278216, -0.679401], [-79.284657, -0.687216], [-79.284412, -0.692928], [-79.285746, -0.696395], [-79.290379, -0.693713], [-79.293823, -0.699339], [-79.298717, -0.700133], [-79.302573, -0.699461], [-79.305763, -0.695086], [-79.307065, -0.694635], [-79.308358, -0.696213], [-79.310136, -0.693821], [-79.316368, -0.69803], [-79.323791, -0.69877], [-79.33216, -0.693287], [-79.340527, -0.69339], [-79.34391, -0.690388], [-79.34958, -0.690088], [-79.351117, -0.685166], [-79.362414, -0.676577], [-79.359531, -0.669462], [-79.364915, -0.663489], [-79.365757, -0.660038], [-79.369039, -0.658005], [-79.370378, -0.654447], [-79.369445, -0.651999], [-79.366935, -0.651747], [-79.364367, -0.655716], [-79.363097, -0.655665], [-79.362563, -0.652772], [-79.364371, -0.648245], [-79.359822, -0.646555], [-79.36068, -0.640889], [-79.357695, -0.63938], [-79.354619, -0.640695], [-79.355472, -0.634608], [-79.352938, -0.632961], [-79.34808, -0.632749], [-79.345585, -0.630528], [-79.346413, -0.628915], [-79.349075, -0.628366], [-79.348416, -0.621848], [-79.349545, -0.616632], [-79.348352, -0.614502], [-79.352137, -0.611838], [-79.353062, -0.603698], [-79.357249, -0.598684], [-79.358092, -0.595229], [-79.356809, -0.5933], [-79.356843, -0.588634], [-79.364973, -0.586205], [-79.366827, -0.580228], [-79.361984, -0.573293], [-79.350494, -0.572194], [-79.355817, -0.558676], [-79.34993, -0.555666], [-79.345325, -0.556047], [-79.346354, -0.551513], [-79.345547, -0.546829], [-79.34733, -0.544226], [-79.350286, -0.543799], [-79.351369, -0.541008], [-79.353329, -0.542054], [-79.362367, -0.540301], [-79.372774, -0.540252], [-79.373581, -0.544628], [-79.377643, -0.545848], [-79.390589, -0.546029], [-79.390934, -0.543641], [-79.406978, -0.542546], [-79.408676, -0.544469], [-79.416462, -0.546816], [-79.416684, -0.538571], [-79.427258, -0.542025], [-79.429972, -0.545208], [-79.439972, -0.544543], [-79.442756, -0.546241], [-79.442227, -0.548347], [-79.444599, -0.546457], [-79.445356, -0.548063], [-79.450535, -0.548883], [-79.450687, -0.550856], [-79.452237, -0.550027], [-79.454349, -0.555265], [-79.454255, -0.559289], [-79.457485, -0.564363], [-79.458617, -0.563562], [-79.457879, -0.553248], [-79.461661, -0.548489], [-79.483346, -0.543425], [-79.479631, -0.543035], [-79.478754, -0.538658], [-79.476477, -0.539491], [-79.474457, -0.538469], [-79.472009, -0.531564], [-79.46865, -0.532595], [-79.466419, -0.530033], [-79.465588, -0.522658], [-79.466658, -0.520923], [-79.464706, -0.519275], [-79.464819, -0.51663], [-79.461514, -0.514641], [-79.459065, -0.510075], [-79.461131, -0.496558], [-79.458972, -0.495678], [-79.457161, -0.487284], [-79.44951, -0.479938], [-79.452389, -0.479429], [-79.454744, -0.476993], [-79.45884, -0.478454], [-79.460075, -0.472752], [-79.464248, -0.472603], [-79.463317, -0.468202], [-79.459736, -0.469346], [-79.456273, -0.467565], [-79.459076, -0.460518], [-79.457784, -0.456545], [-79.45493, -0.457743], [-79.451578, -0.455711], [-79.44933, -0.455969], [-79.449178, -0.452467], [-79.442447, -0.449616], [-79.442137, -0.446142], [-79.438224, -0.44138], [-79.43303, -0.441115], [-79.429131, -0.438664], [-79.425804, -0.431108], [-79.421045, -0.428043], [-79.420791, -0.426921], [-79.422914, -0.425812], [-79.422202, -0.421608], [-79.41662, -0.414657], [-79.410756, -0.410686], [-79.409875, -0.25754], [-79.411788, -0.256952], [-79.410285, -0.243894], [-79.413595, -0.240171], [-79.413904, -0.232796], [-79.410492, -0.227209], [-79.412049, -0.22577], [-79.410662, -0.223286], [-79.411869, -0.221769], [-79.409913, -0.22004], [-79.412834, -0.21323], [-79.409556, -0.209092], [-79.40501, -0.209482], [-79.409728, -0.191358], [-79.412836, -0.189261], [-79.412325, -0.187169], [-79.415569, -0.186023], [-79.416566, -0.18438], [-79.415212, -0.183752], [-79.41771, -0.183523], [-79.417576, -0.182238], [-79.41883, -0.183139], [-79.421108, -0.181089], [-79.427162, -0.180971], [-79.429824, -0.175544], [-79.437186, -0.177621], [-79.441007, -0.175795], [-79.441736, -0.178638], [-79.4454, -0.177757], [-79.449586, -0.180148], [-79.450181, -0.176198], [-79.455253, -0.178768], [-79.462285, -0.171658], [-79.470625, -0.171491], [-79.469625, -0.17536], [-79.47298, -0.17541], [-79.474731, -0.174501], [-79.473563, -0.172536], [-79.477578, -0.171643], [-79.479261, -0.169611], [-79.4841, -0.169627], [-79.486538, -0.171342], [-79.492544, -0.167566], [-79.493979, -0.169962], [-79.496794, -0.167879], [-79.499147, -0.16983], [-79.506136, -0.169356], [-79.508709, -0.168759], [-79.51183, -0.164507], [-79.51937, -0.16389], [-79.519546, -0.159864], [-79.521573, -0.160823], [-79.522145, -0.158203], [-79.524422, -0.157644], [-79.524852, -0.145175], [-79.527516, -0.142948], [-79.529297, -0.143147], [-79.529141, -0.140949], [-79.527647, -0.140227], [-79.529516, -0.136443], [-79.532508, -0.13672], [-79.532846, -0.13503], [-79.539233, -0.134764], [-79.541103, -0.13335], [-79.539871, -0.131599], [-79.541364, -0.130598], [-79.539378, -0.129921], [-79.540234, -0.126406], [-79.54459, -0.12311], [-79.543391, -0.121094], [-79.544897, -0.118976], [-79.542898, -0.114803], [-79.543396, -0.110339], [-79.546639, -0.107597], [-79.546656, -0.103118], [-79.548408, -0.099434], [-79.550233, -0.100568], [-79.551617, -0.09696], [-79.55376, -0.097532], [-79.556303, -0.093307], [-79.558187, -0.095156], [-79.557415, -0.091712], [-79.558722, -0.089329], [-79.564423, -0.091057], [-79.571805, -0.082851], [-79.578881, -0.079337], [-79.58096, -0.076851], [-79.580651, -0.074276], [-79.582704, -0.073642], [-79.581544, -0.070326], [-79.585588, -0.070386], [-79.594893, -0.067038], [-79.596439, -0.062911], [-79.60137, -0.061675], [-79.603711, -0.054915], [-79.608983, -0.053461], [-79.609862, -0.050833], [-79.608327, -0.048287], [-79.608636, -0.042879], [-79.610241, -0.041138], [-79.615571, -0.040139], [-79.616225, -0.038183], [-79.615334, -0.034922], [-79.608791, -0.027714], [-79.607311, -0.02242], [-79.605762, -0.021465], [-79.605156, -0.023116], [-79.60305, -0.022645], [-79.600738, -0.030705], [-79.59822, -0.028625], [-79.59822, -0.020675], [-79.588928, -0.020949], [-79.579389, -0.018303], [-79.577358, -0.019463], [-79.575738, -0.023529], [-79.571101, -0.020913], [-79.564565, -0.022816], [-79.563673, -0.021492], [-79.561589, -0.023323], [-79.55284, -0.025211], [-79.551218, -0.023329], [-79.549492, -0.025059], [-79.540341, -0.024378], [-79.536035, -0.029106], [-79.535644, -0.025464], [-79.534008, -0.023945], [-79.532791, -0.026121], [-79.53043, -0.024331], [-79.528358, -0.026853], [-79.523325, -0.026852], [-79.522321, -0.028152], [-79.519931, -0.025885], [-79.515946, -0.026352], [-79.514897, -0.028391], [-79.516067, -0.031024], [-79.514641, -0.032724], [-79.512703, -0.031999], [-79.512844, -0.027417], [-79.49881, -0.027937], [-79.477405, -0.03107], [-79.475494, -0.029165], [-79.471282, -0.031159], [-79.468982, -0.034102], [-79.464596, -0.034673], [-79.461349, -0.038678], [-79.462468, -0.035323], [-79.459925, -0.036543], [-79.457744, -0.034717], [-79.448641, -0.039681], [-79.436021, -0.033166], [-79.432443, -0.027611], [-79.434806, -0.02854], [-79.436256, -0.03137], [-79.438526, -0.029164], [-79.442871, -0.030794], [-79.443589, -0.028327], [-79.445245, -0.030626], [-79.447175, -0.029913], [-79.444704, -0.028404], [-79.449125, -0.023159], [-79.447361, -0.020388], [-79.450225, -0.020627], [-79.449964, -0.017588], [-79.452773, -0.016846], [-79.453113, -0.013037], [-79.455327, -0.011438], [-79.453438, -0.00992], [-79.45638, -0.007404], [-79.459179, -0.008498], [-79.461106, -0.001854], [-79.463647, -0.002965], [-79.463622, 0.004503], [-79.461727, 0.000848], [-79.456066, -0.001915], [-79.446563, 0.004666], [-79.437775, 0.004272], [-79.43326, 0.006041], [-79.430784, 0.004752], [-79.424597, 0.004749], [-79.421698, 0.007137], [-79.423979, 0.011763], [-79.426924, 0.011816], [-79.424943, 0.013233], [-79.427926, 0.014449], [-79.426719, 0.016591], [-79.429049, 0.017895], [-79.427932, 0.019342], [-79.429645, 0.021328], [-79.42824, 0.021386], [-79.428908, 0.023387], [-79.427075, 0.022887], [-79.427543, 0.024265], [-79.424073, 0.020781], [-79.421415, 0.024709], [-79.421043, 0.022536], [-79.416813, 0.021235], [-79.415472, 0.019219], [-79.402045, 0.014121], [-79.403735, 0.018462], [-79.405568, 0.018709], [-79.40765, 0.022812], [-79.408117, 0.024951], [-79.406947, 0.025887], [-79.393584, 0.026237], [-79.39023, 0.024614], [-79.370832, 0.0238], [-79.367475, 0.022046], [-79.365159, 0.018644], [-79.360752, 0.020174], [-79.358952, 0.018197], [-79.354929, 0.019254], [-79.352058, 0.017767], [-79.348684, 0.017765], [-79.350952, 0.020615], [-79.348086, 0.021677], [-79.346786, 0.024221], [-79.344415, 0.022385], [-79.342674, 0.024527], [-79.340571, 0.018933], [-79.335996, 0.022792], [-79.333613, 0.020435], [-79.331141, 0.021362], [-79.330327, 0.023348], [-79.328045, 0.02147], [-79.324564, 0.023533], [-79.321782, 0.021862], [-79.324086, 0.022118], [-79.324134, 0.02116], [-79.318515, 0.018664], [-79.320375, 0.016911], [-79.317095, 0.015224], [-79.316905, 0.012927], [-79.316489, 0.014206], [-79.314011, 0.013914], [-79.314742, 0.01145], [-79.312859, 0.010471], [-79.309861, 0.018586], [-79.308885, 0.017598], [-79.308495, 0.019162], [-79.306438, 0.018481], [-79.303251, 0.020747], [-79.300837, 0.018538], [-79.298881, 0.018947], [-79.292688, 0.01634], [-79.291412, 0.017241], [-79.289376, 0.01582], [-79.284908, 0.018165], [-79.28225, 0.01451], [-79.271146, 0.013274], [-79.268181, 0.011455], [-79.265962, 0.012482], [-79.263371, 0.01079], [-79.261891, 0.011515], [-79.261277, 0.010094], [-79.259174, 0.011326], [-79.256471, 0.008083], [-79.249864, 0.007499], [-79.248821, 0.006265], [-79.24714, 0.007212], [-79.245379, 0.006264], [-79.244302, 0.011405], [-79.240184, 0.009897], [-79.238234, 0.010308], [-79.237799, 0.01216], [-79.234954, 0.01095], [-79.237849, 0.009045], [-79.237066, 0.006365], [-79.232074, 0.003015], [-79.230163, 0.004802], [-79.230449, 0.006238], [-79.226877, 0.006446], [-79.227081, 0.0036], [-79.226004, 0.002477], [-79.226259, 0.004084], [-79.223747, 0.00213], [-79.22229, 0.003914], [-79.221884, 0.002657], [-79.218714, 0.002072], [-79.216486, 0.004258], [-79.215085, 0.002587], [-79.211061, 0.002681], [-79.210421, -0.000374], [-79.202122, -0.003121], [-79.199199, -0.002297], [-79.199919, -2.2e-05], [-79.197813, 9.5e-05], [-79.196991, -0.001022], [-79.19828, -0.004761], [-79.195143, -0.00568], [-79.195428, -0.008321], [-79.19231, -0.009843], [-79.192386, -0.011087], [-79.189649, -0.010561], [-79.189534, -0.012254], [-79.187719, -0.012101], [-79.185399, -0.009364], [-79.183593, -0.014465], [-79.182279, -0.012818], [-79.177307, -0.0116], [-79.174562, -0.014121], [-79.172963, -0.011706], [-79.17109, -0.014659], [-79.168079, -0.01577], [-79.167229, -0.013944], [-79.164853, -0.014997], [-79.164292, -0.013179], [-79.162647, -0.013485], [-79.161326, -0.011944], [-79.160423, -0.01516], [-79.157172, -0.015485], [-79.157989, -0.017007], [-79.154149, -0.013647], [-79.153636, -0.015207], [-79.150099, -0.013064], [-79.148559, -0.014997], [-79.146706, -0.014116], [-79.145337, -0.01536], [-79.142523, -0.013724], [-79.139671, -0.015217], [-79.140652, -0.016727], [-79.135048, -0.017171], [-79.134573, -0.015405], [-79.131952, -0.01614], [-79.13118, -0.018458], [-79.127413, -0.016974], [-79.123178, -0.019809], [-79.119608, -0.019844], [-79.118307, -0.017642], [-79.110644, -0.021616], [-79.108693, -0.024601], [-79.102498, -0.024653], [-79.097611, -0.026568], [-79.09998, -0.034418], [-79.101902, -0.036259], [-79.109947, -0.03938], [-79.111165, -0.041863], [-79.113232, -0.041255], [-79.114579, -0.042968], [-79.120446, -0.043869], [-79.121507, -0.046596], [-79.12715, -0.049045], [-79.130145, -0.055847], [-79.131409, -0.056141], [-79.129247, -0.057881], [-79.132512, -0.060519], [-79.133053, -0.065856], [-79.141242, -0.07438], [-79.142948, -0.081539], [-79.147983, -0.084454], [-79.147706, -0.087901], [-79.149453, -0.0919], [-79.144316, -0.093041], [-79.140901, -0.090254], [-79.136345, -0.094132], [-79.133546, -0.089294], [-79.126595, -0.090616], [-79.125323, -0.087085], [-79.122611, -0.085076], [-79.116622, -0.087002], [-79.118001, -0.090501], [-79.116765, -0.09211], [-79.11225, -0.08614], [-79.104419, -0.088413], [-79.104087, -0.084393], [-79.102007, -0.083006], [-79.099155, -0.088221], [-79.095467, -0.089647], [-79.094944, -0.091549], [-79.090952, -0.089599], [-79.084737, -0.0929], [-79.08229, -0.089419], [-79.076146, -0.094443], [-79.07333, -0.094072], [-79.072727, -0.091456], [-79.070857, -0.093631], [-79.06338, -0.09643], [-79.060091, -0.095681], [-79.053518, -0.104252], [-79.050895, -0.10187], [-79.049602, -0.102999], [-79.0454, -0.101821], [-79.043452, -0.103951], [-79.043375, -0.106673], [-79.037853, -0.105658], [-79.040526, -0.108968], [-79.036627, -0.107993], [-79.033794, -0.110988], [-79.030686, -0.109715], [-79.030296, -0.113773], [-79.024411, -0.117772], [-79.023276, -0.11515], [-79.020082, -0.114307], [-79.017135, -0.11669], [-79.014013, -0.116376], [-79.013299, -0.109829], [-79.006642, -0.113828], [-79.004824, -0.110046], [-79.002628, -0.1111], [-79.000668, -0.110131], [-78.999834, -0.112004], [-78.990929, -0.11135], [-78.990591, -0.105986], [-78.988916, -0.106143], [-78.987611, -0.109847], [-78.985801, -0.109488], [-78.983355, -0.111561], [-78.979695, -0.107206], [-78.97773, -0.109176], [-78.977112, -0.107245], [-78.97492, -0.108979], [-78.972538, -0.108177], [-78.967837, -0.102019], [-78.964968, -0.101201], [-78.962985, -0.103487], [-78.963466, -0.105317], [-78.955839, -0.108092], [-78.953492, -0.111104], [-78.951989, -0.111124], [-78.951561, -0.113149], [-78.946052, -0.110496], [-78.942712, -0.11102], [-78.940958, -0.114138], [-78.937347, -0.114686], [-78.936852, -0.116625], [-78.928776, -0.121146], [-78.924746, -0.119328], [-78.922102, -0.120168], [-78.920846, -0.117339], [-78.91805, -0.116086], [-78.914145, -0.117428], [-78.913426, -0.114942], [-78.910295, -0.112758], [-78.909771, -0.10837], [-78.897472, -0.107473], [-78.894409, -0.108956], [-78.891874, -0.106735], [-78.891171, -0.108359], [-78.889489, -0.107707], [-78.886098, -0.110208], [-78.881071, -0.110413], [-78.877154, -0.116324], [-78.868301, -0.118365], [-78.861582, -0.126129], [-78.858931, -0.133814], [-78.853317, -0.134254], [-78.851129, -0.13579], [-78.848564, -0.1344], [-78.847541, -0.135843], [-78.846247, -0.134733], [-78.845326, -0.13583], [-78.842551, -0.135398], [-78.841182, -0.133772], [-78.837685, -0.135091], [-78.837528, -0.136971], [-78.834997, -0.137924], [-78.836649, -0.139602], [-78.833818, -0.14155], [-78.836087, -0.150428], [-78.835652, -0.155044], [-78.833634, -0.156192], [-78.833166, -0.160006], [-78.833721, -0.16131], [-78.837847, -0.162257], [-78.840056, -0.161113], [-78.842623, -0.166438], [-78.839614, -0.167126], [-78.838088, -0.171044], [-78.829443, -0.178718], [-78.834125, -0.184164], [-78.832364, -0.188504], [-78.813466, -0.200772], [-78.809965, -0.204388], [-78.805325, -0.204359], [-78.803871, -0.206469], [-78.802181, -0.206188], [-78.794736, -0.213746], [-78.790875, -0.215472], [-78.787931, -0.214072], [-78.786678, -0.211161], [-78.783926, -0.211874], [-78.77843, -0.224701], [-78.771659, -0.227492], [-78.771287, -0.230391], [-78.767641, -0.235847], [-78.75894, -0.240626], [-78.759577, -0.250603], [-78.752762, -0.257328], [-78.753339, -0.260883], [-78.749218, -0.267057], [-78.746125, -0.277417], [-78.753226, -0.277417], [-78.754378, -0.281565], [-78.759232, -0.282773], [-78.763005, -0.281433], [-78.766048, -0.281996], [-78.771473, -0.278661], [-78.77317, -0.279167], [-78.772721, -0.28698], [-78.775376, -0.294328], [-78.773813, -0.298301], [-78.787359, -0.30604], [-78.785778, -0.310148], [-78.787546, -0.314652], [-78.79498, -0.315644], [-78.796648, -0.318112], [-78.804471, -0.322071], [-78.807108, -0.324732], [-78.806401, -0.326923], [-78.808798, -0.332946], [-78.817156, -0.334544], [-78.817318, -0.337515], [-78.816015, -0.33855], [-78.818014, -0.344224], [-78.822286, -0.346273], [-78.824052, -0.343517], [-78.831248, -0.345493], [-78.832479, -0.342119], [-78.83525, -0.345003], [-78.841911, -0.34622], [-78.8454, -0.348343], [-78.849084, -0.348315], [-78.851865, -0.346113], [-78.856547, -0.349387], [-78.864163, -0.345562], [-78.866044, -0.34047], [-78.864711, -0.338848], [-78.865881, -0.337305], [-78.865221, -0.335436], [-78.867484, -0.33169], [-78.869732, -0.332235], [-78.871378, -0.330406], [-78.875296, -0.330339], [-78.884177, -0.337073], [-78.889436, -0.336746], [-78.889517, -0.333616], [-78.892981, -0.331992], [-78.899451, -0.335848], [-78.901954, -0.333325], [-78.913115, -0.329651], [-78.913109, -0.326879], [-78.914618, -0.32731], [-78.919679, -0.320878], [-78.927576, -0.316513], [-78.929256, -0.313731], [-78.938456, -0.312631], [-78.942562, -0.313888], [-78.94473, -0.311046], [-78.952841, -0.314363], [-78.954851, -0.316636], [-78.951119, -0.324451], [-78.948024, -0.327989], [-78.945288, -0.32838], [-78.941253, -0.331492], [-78.939141, -0.334653], [-78.938738, -0.339874], [-78.937268, -0.340175], [-78.937791, -0.344536], [-78.933732, -0.347388], [-78.935225, -0.349272], [-78.934202, -0.349988], [-78.935151, -0.35507], [-78.932921, -0.36089], [-78.946647, -0.360373], [-78.951629, -0.362147], [-78.955222, -0.361768], [-78.95714, -0.366726], [-78.962116, -0.369464], [-78.96863, -0.382363], [-78.964835, -0.391037], [-78.964513, -0.400357], [-78.973303, -0.408592], [-78.977428, -0.409854], [-78.985041, -0.409584], [-78.990659, -0.414868], [-78.999042, -0.418228], [-79.001579, -0.415745], [-79.003932, -0.415446], [-79.011516, -0.417978], [-79.014928, -0.42299], [-79.01665, -0.429897], [-79.014373, -0.438523], [-79.015853, -0.442411], [-79.014481, -0.445153], [-79.014848, -0.449923], [-79.020248, -0.458699], [-79.023641, -0.460459], [-79.02824, -0.468346], [-79.030561, -0.469505], [-79.032031, -0.474764], [-79.030376, -0.478417]]]]}}, {"type": "Feature", "id": "COTOPAXI", "properties": {"codigo": "05", "nombre": "COTOPAXI", "centroide_lon": -78.85649, "centroide_lat": -0.85861}, "geometry": {"type": "MultiPolygon", "coordinates": [[[[-78.947686, -1.205063], [-78.948184, -1.208272], [-78.94646, -1.210707], [-78.952078, -1.211263], [-78.95319, -1.213393], [-78.958463, -1.216342], [-78.961104, -1.215111], [-78.961903, -1.212017], [-78.963602, -1.211254], [-78.968802, -1.211606], [-78.969279, -1.212859], [-78.973571, -1.211687], [-78.975186, -1.21433], [-78.978493, -1.214143], [-78.979867, -1.21672], [-78.983131, -1.215114], [-78.982945, -1.217816], [-78.985879, -1.219994], [-78.987999, -1.219726], [-78.989315, -1.217277], [-78.992195, -1.218591], [-78.995864, -1.216479], [-79.013715, -1.213946], [-79.021518, -1.209282], [-79.027401, -1.207968], [-79.034407, -1.197751], [-79.040014, -1.196044], [-79.041741, -1.197543], [-79.04586, -1.197004], [-79.049207, -1.187779], [-79.057174, -1.187462], [-79.060744, -1.18493], [-79.060555, -1.181878], [-79.065125, -1.182046], [-79.067393, -1.179588], [-79.068777, -1.179845], [-79.069077, -1.177746], [-79.071916, -1.176379], [-79.072625, -1.172936], [-79.078566, -1.169492], [-79.080217, -1.164628], [-79.082245, -1.163635], [-79.082008, -1.161977], [-79.087953, -1.158362], [-79.088627, -1.155824], [-79.094925, -1.155075], [-79.096544, -1.152088], [-79.100853, -1.150627], [-79.105305, -1.151231], [-79.106796, -1.149886], [-79.112215, -1.156005], [-79.122115, -1.151762], [-79.126875, -1.15834], [-79.129499, -1.15841], [-79.133478, -1.162888], [-79.137942, -1.158286], [-79.139942, -1.158779], [-79.143412, -1.156725], [-79.14372, -1.155164], [-79.156354, -1.162158], [-79.167596, -1.160316], [-79.170246, -1.162137], [-79.174509, -1.162456], [-79.176854, -1.163677], [-79.179284, -1.168606], [-79.183464, -1.169916], [-79.192098, -1.168928], [-79.197178, -1.170686], [-79.208025, -1.171346], [-79.211314, -1.174423], [-79.220493, -1.174761], [-79.224423, -1.182034], [-79.22892, -1.186321], [-79.232787, -1.187489], [-79.238533, -1.195334], [-79.248364, -1.200872], [-79.253941, -1.201187], [-79.260614, -1.207696], [-79.267978, -1.209245], [-79.274942, -1.204293], [-79.279562, -1.2061], [-79.288805, -1.20557], [-79.286736, -1.178957], [-79.294323, -1.1782], [-79.295762, -1.176579], [-79.299493, -1.177202], [-79.29704, -1.168534], [-79.315032, -1.166657], [-79.337936, -1.134441], [-79.332608, -1.12908], [-79.334874, -1.128663], [-79.336658, -1.12587], [-79.339943, -1.125855], [-79.338527, -1.122984], [-79.3371, -1.124136], [-79.335226, -1.122307], [-79.332569, -1.123237], [-79.331205, -1.1187], [-79.333269, -1.114754], [-79.332489, -1.113199], [-79.326522, -1.115288], [-79.327696, -1.1103], [-79.325621, -1.102183], [-79.321279, -1.096192], [-79.320396, -1.081096], [-79.317614, -1.078096], [-79.314338, -1.077547], [-79.316166, -1.071944], [-79.311872, -1.07078], [-79.314675, -1.066972], [-79.31011, -1.064432], [-79.308432, -1.059613], [-79.30903, -1.052514], [-79.310492, -1.048765], [-79.313262, -1.046698], [-79.311657, -1.044964], [-79.312078, -1.034977], [-79.308065, -1.032506], [-79.308416, -1.030755], [-79.306039, -1.026987], [-79.306678, -1.023835], [-79.305015, -1.022595], [-79.304982, -1.020348], [-79.301775, -1.018151], [-79.30226, -1.015751], [-79.293709, -1.008895], [-79.293291, -0.987612], [-79.299273, -0.988542], [-79.301824, -0.992915], [-79.306656, -0.992858], [-79.314122, -0.996005], [-79.318809, -0.996145], [-79.319581, -0.998036], [-79.320514, -0.998248], [-79.315555, -0.958827], [-79.309928, -0.949292], [-79.306292, -0.948833], [-79.306292, -0.928761], [-79.301387, -0.927868], [-79.298928, -0.928854], [-79.298928, -0.922864], [-79.296741, -0.921253], [-79.295863, -0.91481], [-79.292667, -0.914334], [-79.287064, -0.908586], [-79.286741, -0.89047], [-79.280543, -0.888763], [-79.279287, -0.886778], [-79.271635, -0.885264], [-79.264994, -0.880666], [-79.249469, -0.881454], [-79.249129, -0.878512], [-79.243609, -0.878758], [-79.241211, -0.874665], [-79.238527, -0.852628], [-79.239342, -0.850062], [-79.236221, -0.842035], [-79.236015, -0.837388], [-79.234277, -0.833681], [-79.232839, -0.833308], [-79.229094, -0.835958], [-79.224308, -0.83548], [-79.224018, -0.832572], [-79.22691, -0.830334], [-79.223142, -0.82798], [-79.224649, -0.827298], [-79.224615, -0.824028], [-79.220421, -0.8115], [-79.21857, -0.80959], [-79.215858, -0.810347], [-79.208692, -0.808658], [-79.205547, -0.805577], [-79.202503, -0.807253], [-79.199715, -0.805943], [-79.195379, -0.806405], [-79.186834, -0.799198], [-79.186625, -0.763952], [-79.184531, -0.76237], [-79.180217, -0.762494], [-79.177926, -0.760042], [-79.176315, -0.760605], [-79.174205, -0.759016], [-79.171692, -0.750309], [-79.167522, -0.747722], [-79.162033, -0.739935], [-79.158703, -0.738321], [-79.151953, -0.721853], [-79.14676, -0.719269], [-79.146176, -0.717449], [-79.139238, -0.712772], [-79.139244, -0.706198], [-79.128916, -0.649381], [-79.121858, -0.641701], [-79.117667, -0.629715], [-79.111943, -0.624435], [-79.11103, -0.619822], [-79.108077, -0.618434], [-79.100332, -0.606574], [-79.096967, -0.603616], [-79.09657, -0.597013], [-79.09139, -0.587566], [-79.09292, -0.582018], [-79.08979, -0.578469], [-79.088008, -0.573646], [-79.084368, -0.570913], [-79.083487, -0.566796], [-79.087667, -0.563004], [-79.089527, -0.555658], [-79.095617, -0.551526], [-79.103182, -0.549385], [-79.107668, -0.543752], [-79.112829, -0.541418], [-79.10658, -0.531545], [-79.102144, -0.52827], [-79.10097, -0.525037], [-79.093069, -0.524418], [-79.080543, -0.528188], [-79.070149, -0.523613], [-79.064149, -0.515904], [-79.059948, -0.513204], [-79.056994, -0.506811], [-79.057128, -0.504179], [-79.054666, -0.503432], [-79.052842, -0.499968], [-79.048765, -0.496703], [-79.047644, -0.492454], [-79.0485, -0.491469], [-79.045488, -0.48719], [-79.039299, -0.488566], [-79.037884, -0.485839], [-79.031402, -0.48333], [-79.029979, -0.479292], [-79.032049, -0.473591], [-79.030561, -0.469505], [-79.02824, -0.468346], [-79.023641, -0.460459], [-79.020248, -0.458699], [-79.014718, -0.449505], [-79.014481, -0.445153], [-79.015853, -0.442411], [-79.014373, -0.438523], [-79.01665, -0.429897], [-79.014928, -0.42299], [-79.011516, -0.417978], [-79.003932, -0.415446], [-79.001579, -0.415745], [-78.999042, -0.418228], [-78.990659, -0.414868], [-78.985041, -0.409584], [-78.977428, -0.409854], [-78.973303, -0.408592], [-78.964513, -0.400357], [-78.964835, -0.391037], [-78.96863, -0.382363], [-78.962116, -0.369464], [-78.95714, -0.366726], [-78.955222, -0.361768], [-78.951629, -0.362147], [-78.946647, -0.360373], [-78.932921, -0.36089], [-78.935151, -0.35507], [-78.934202, -0.349988], [-78.935225, -0.349272], [-78.933732, -0.347388], [-78.937791, -0.344536], [-78.937268, -0.340175], [-78.938711, -0.339942], [-78.939141, -0.334653], [-78.941253, -0.331492], [-78.934621, -0.333997], [-78.933715, -0.336407], [-78.925566, -0.337124], [-78.923008, -0.340572], [-78.918333, -0.340317], [-78.918456, -0.34235], [-78.914816, -0.346404], [-78.915682, -0.34919], [-78.914029, -0.354311], [-78.906824, -0.359658], [-78.906779, -0.361223], [-78.916254, -0.36815], [-78.915805, -0.37215], [-78.90813, -0.377777], [-78.903654, -0.384654], [-78.899603, -0.385579], [-78.89869, -0.387519], [-78.899724, -0.39223], [-78.896102, -0.394878], [-78.88989, -0.404988], [-78.888944, -0.410699], [-78.893122, -0.410759], [-78.893089, -0.412795], [-78.890306, -0.414719], [-78.885222, -0.412877], [-78.8826, -0.416118], [-78.88011, -0.413474], [-78.876705, -0.417243], [-78.875095, -0.414269], [-78.873184, -0.41791], [-78.871033, -0.417944], [-78.87039, -0.421834], [-78.872563, -0.423835], [-78.871663, -0.426663], [-78.869783, -0.426303], [-78.868775, -0.42968], [-78.865241, -0.428768], [-78.864735, -0.4312], [-78.861558, -0.43376], [-78.863786, -0.440599], [-78.862101, -0.44218], [-78.862307, -0.448081], [-78.858639, -0.453258], [-78.856672, -0.464963], [-78.854946, -0.466926], [-78.845598, -0.470508], [-78.838445, -0.477788], [-78.836636, -0.494075], [-78.8328, -0.499777], [-78.835628, -0.504356], [-78.834303, -0.507061], [-78.835256, -0.509322], [-78.833882, -0.513123], [-78.834364, -0.520706], [-78.832304, -0.524699], [-78.82861, -0.525972], [-78.826574, -0.528509], [-78.821079, -0.529459], [-78.812296, -0.537069], [-78.808545, -0.536182], [-78.804217, -0.539971], [-78.796663, -0.541743], [-78.795383, -0.543574], [-78.790288, -0.542844], [-78.785839, -0.539865], [-78.78255, -0.540772], [-78.778332, -0.538493], [-78.774541, -0.542987], [-78.771901, -0.54268], [-78.770688, -0.545391], [-78.765459, -0.544525], [-78.758615, -0.547662], [-78.754772, -0.54776], [-78.748038, -0.55384], [-78.745132, -0.554316], [-78.743944, -0.557207], [-78.733421, -0.559656], [-78.732702, -0.56584], [-78.73011, -0.568914], [-78.73038, -0.581584], [-78.728329, -0.589025], [-78.730312, -0.596493], [-78.733105, -0.597786], [-78.735993, -0.603391], [-78.734875, -0.60858], [-78.739131, -0.621965], [-78.734316, -0.628803], [-78.734671, -0.639914], [-78.730738, -0.641061], [-78.720367, -0.649228], [-78.715858, -0.663064], [-78.713769, -0.660318], [-78.709903, -0.662801], [-78.707473, -0.660469], [-78.700306, -0.658413], [-78.691125, -0.659441], [-78.686483, -0.656165], [-78.671789, -0.651909], [-78.664248, -0.648035], [-78.661882, -0.640581], [-78.657527, -0.636545], [-78.64812, -0.642809], [-78.642351, -0.636257], [-78.639833, -0.620034], [-78.618103, -0.606537], [-78.617533, -0.601538], [-78.611549, -0.597488], [-78.607997, -0.602306], [-78.599773, -0.607798], [-78.594362, -0.607608], [-78.590596, -0.61076], [-78.588557, -0.609337], [-78.587172, -0.609988], [-78.579408, -0.617866], [-78.576067, -0.611476], [-78.574166, -0.612065], [-78.571379, -0.610228], [-78.56727, -0.610039], [-78.559665, -0.612754], [-78.556545, -0.624563], [-78.557225, -0.627353], [-78.556016, -0.627029], [-78.557786, -0.628666], [-78.557212, -0.630892], [-78.55525, -0.632273], [-78.55304, -0.630938], [-78.551365, -0.633831], [-78.548738, -0.631294], [-78.544405, -0.631448], [-78.537824, -0.619698], [-78.537861, -0.62659], [-78.534177, -0.624526], [-78.531882, -0.626009], [-78.53045, -0.625232], [-78.530198, -0.628104], [-78.528267, -0.627083], [-78.528419, -0.629101], [-78.526233, -0.630274], [-78.51826, -0.629673], [-78.515917, -0.634621], [-78.509575, -0.633472], [-78.507606, -0.629497], [-78.504642, -0.633278], [-78.502274, -0.633661], [-78.500084, -0.632123], [-78.49886, -0.633733], [-78.497762, -0.63107], [-78.49977, -0.625746], [-78.498622, -0.625297], [-78.495315, -0.629439], [-78.492944, -0.624636], [-78.491317, -0.626233], [-78.492099, -0.631751], [-78.490243, -0.63084], [-78.488849, -0.632381], [-78.487843, -0.636804], [-78.482804, -0.630991], [-78.481097, -0.633823], [-78.478943, -0.62806], [-78.479905, -0.622226], [-78.477233, -0.618561], [-78.475543, -0.618807], [-78.475652, -0.615338], [-78.473556, -0.613206], [-78.470449, -0.616135], [-78.464445, -0.609733], [-78.456628, -0.608906], [-78.457625, -0.615962], [-78.454345, -0.620574], [-78.450821, -0.620761], [-78.448405, -0.617918], [-78.445112, -0.618757], [-78.446197, -0.616831], [-78.442992, -0.615034], [-78.442188, -0.612494], [-78.437002, -0.611992], [-78.43436, -0.606278], [-78.430741, -0.604074], [-78.429896, -0.6009], [-78.421941, -0.609065], [-78.419895, -0.613452], [-78.419226, -0.609046], [-78.416283, -0.60763], [-78.414369, -0.610013], [-78.415492, -0.613136], [-78.41224, -0.611376], [-78.412321, -0.612726], [-78.410732, -0.612191], [-78.410201, -0.613853], [-78.408605, -0.612108], [-78.406906, -0.612384], [-78.40923, -0.617545], [-78.407632, -0.619814], [-78.409071, -0.623498], [-78.40297, -0.622069], [-78.401133, -0.623581], [-78.396732, -0.623242], [-78.39527, -0.625225], [-78.388834, -0.626471], [-78.385685, -0.62866], [-78.384924, -0.631296], [-78.380259, -0.633826], [-78.375035, -0.640003], [-78.370064, -0.650197], [-78.368459, -0.65681], [-78.3661, -0.657477], [-78.363522, -0.661791], [-78.371507, -0.672867], [-78.396375, -0.676349], [-78.395075, -0.676671], [-78.395067, -0.679236], [-78.397689, -0.681002], [-78.395826, -0.683296], [-78.399333, -0.684214], [-78.395648, -0.685529], [-78.396519, -0.686346], [-78.395531, -0.687251], [-78.398214, -0.688782], [-78.395586, -0.68959], [-78.397772, -0.690804], [-78.395159, -0.691383], [-78.395996, -0.691942], [-78.394757, -0.693721], [-78.396778, -0.693891], [-78.398402, -0.699291], [-78.395729, -0.700684], [-78.399375, -0.705021], [-78.396566, -0.704242], [-78.399759, -0.706893], [-78.399456, -0.711185], [-78.402225, -0.711066], [-78.403225, -0.708456], [-78.40375, -0.710818], [-78.406717, -0.709533], [-78.406633, -0.711406], [-78.402876, -0.713343], [-78.404787, -0.7169], [-78.407754, -0.715937], [-78.407047, -0.718625], [-78.40809, -0.720047], [-78.411223, -0.719429], [-78.409633, -0.722253], [-78.411263, -0.723825], [-78.410655, -0.725609], [-78.402002, -0.731755], [-78.400188, -0.73732], [-78.392919, -0.747425], [-78.391724, -0.758282], [-78.397255, -0.764565], [-78.397942, -0.769334], [-78.393375, -0.781939], [-78.39525, -0.784029], [-78.393378, -0.79535], [-78.394719, -0.799739], [-78.39034, -0.800579], [-78.389063, -0.802476], [-78.388971, -0.811293], [-78.390902, -0.815268], [-78.389949, -0.819921], [-78.393347, -0.825997], [-78.393095, -0.832826], [-78.396874, -0.837411], [-78.400982, -0.846912], [-78.40054, -0.854104], [-78.399027, -0.857021], [-78.403054, -0.870977], [-78.404327, -0.872771], [-78.412491, -0.874501], [-78.417049, -0.877436], [-78.420268, -0.877759], [-78.424125, -0.875513], [-78.427627, -0.878421], [-78.427255, -0.883053], [-78.424133, -0.886671], [-78.421119, -0.894836], [-78.421651, -0.89828], [-78.418216, -0.902754], [-78.418032, -0.904425], [-78.421332, -0.905358], [-78.407433, -0.913822], [-78.41054, -0.915161], [-78.415607, -0.921071], [-78.416253, -0.92583], [-78.420423, -0.926242], [-78.424351, -0.930118], [-78.426663, -0.935446], [-78.429923, -0.93788], [-78.429752, -0.944893], [-78.427719, -0.947104], [-78.421888, -0.948785], [-78.422159, -0.950223], [-78.419866, -0.951809], [-78.413537, -0.948538], [-78.404299, -0.963503], [-78.395594, -0.962988], [-78.393569, -0.972953], [-78.394266, -0.978], [-78.392106, -0.985939], [-78.393865, -0.987309], [-78.393955, -0.99084], [-78.397139, -0.995934], [-78.402619, -0.995902], [-78.403934, -0.994269], [-78.409528, -0.998235], [-78.407535, -1.001471], [-78.408591, -1.005739], [-78.407319, -1.012345], [-78.411887, -1.021608], [-78.415528, -1.024389], [-78.419559, -1.023392], [-78.421608, -1.024841], [-78.421129, -1.029178], [-78.424321, -1.030638], [-78.430341, -1.038369], [-78.432395, -1.039001], [-78.434889, -1.043062], [-78.434604, -1.046431], [-78.43975, -1.048716], [-78.445757, -1.047494], [-78.447239, -1.054751], [-78.445703, -1.056728], [-78.446362, -1.061291], [-78.449956, -1.064412], [-78.453175, -1.06488], [-78.453146, -1.067784], [-78.455409, -1.071612], [-78.459736, -1.073424], [-78.459954, -1.076335], [-78.456385, -1.080103], [-78.457819, -1.082783], [-78.462856, -1.084412], [-78.465882, -1.088052], [-78.469446, -1.086523], [-78.475542, -1.087789], [-78.483228, -1.092581], [-78.50203, -1.094207], [-78.505695, -1.086635], [-78.507897, -1.08675], [-78.509815, -1.084685], [-78.509631, -1.080283], [-78.51181, -1.078477], [-78.516329, -1.078867], [-78.515654, -1.073707], [-78.522068, -1.069055], [-78.521101, -1.066546], [-78.523194, -1.062994], [-78.523397, -1.059294], [-78.526511, -1.058254], [-78.528799, -1.060928], [-78.534063, -1.059605], [-78.536652, -1.060738], [-78.547509, -1.060669], [-78.559253, -1.058861], [-78.572037, -1.065482], [-78.571394, -1.067027], [-78.576527, -1.07392], [-78.575191, -1.076239], [-78.574084, -1.074654], [-78.56975, -1.076186], [-78.567313, -1.07437], [-78.565258, -1.076457], [-78.564987, -1.080779], [-78.56247, -1.084109], [-78.563987, -1.088667], [-78.570376, -1.096333], [-78.570221, -1.100166], [-78.566218, -1.10544], [-78.567939, -1.109896], [-78.567708, -1.115657], [-78.57544, -1.117398], [-78.576681, -1.118373], [-78.576131, -1.120054], [-78.582763, -1.11937], [-78.585732, -1.120956], [-78.587769, -1.118405], [-78.590006, -1.119433], [-78.590902, -1.114325], [-78.607806, -1.115468], [-78.609371, -1.115066], [-78.611465, -1.110446], [-78.613473, -1.110125], [-78.61799, -1.119374], [-78.625938, -1.126424], [-78.627968, -1.126844], [-78.627791, -1.125924], [-78.642839, -1.131948], [-78.646422, -1.136008], [-78.65968, -1.142357], [-78.665236, -1.154622], [-78.668374, -1.155164], [-78.671042, -1.15363], [-78.673657, -1.148558], [-78.673813, -1.145054], [-78.682902, -1.147796], [-78.686504, -1.146416], [-78.690189, -1.15128], [-78.695224, -1.149853], [-78.702519, -1.151155], [-78.70853, -1.148168], [-78.711988, -1.148144], [-78.715133, -1.150126], [-78.721045, -1.148389], [-78.725006, -1.149906], [-78.733386, -1.139049], [-78.736012, -1.138495], [-78.738595, -1.133754], [-78.745162, -1.132278], [-78.752277, -1.136828], [-78.760819, -1.135447], [-78.762239, -1.138209], [-78.765107, -1.137912], [-78.768909, -1.140722], [-78.771259, -1.139572], [-78.775129, -1.140794], [-78.78037, -1.146121], [-78.784336, -1.145579], [-78.789448, -1.141867], [-78.796819, -1.144477], [-78.806278, -1.155015], [-78.811238, -1.152608], [-78.823978, -1.162537], [-78.831934, -1.165952], [-78.830962, -1.172095], [-78.832997, -1.175151], [-78.836297, -1.174801], [-78.840343, -1.176841], [-78.84592, -1.183052], [-78.851172, -1.180177], [-78.855586, -1.174258], [-78.859286, -1.173583], [-78.861135, -1.177577], [-78.861339, -1.182575], [-78.86459, -1.183628], [-78.866068, -1.185981], [-78.869522, -1.186302], [-78.869045, -1.191964], [-78.873366, -1.194461], [-78.878709, -1.196886], [-78.881945, -1.19661], [-78.893824, -1.192605], [-78.892054, -1.197201], [-78.889059, -1.198176], [-78.891663, -1.202986], [-78.899432, -1.201425], [-78.901841, -1.204252], [-78.916975, -1.207447], [-78.921718, -1.211663], [-78.925618, -1.213102], [-78.932218, -1.211541], [-78.94223, -1.205547], [-78.947686, -1.205063]]]]}}, {"type": "Feature", "id": "PASTAZA", "properties": {"codigo": "16", "nombre": "PASTAZA", "centroide_lon": -76.87819, "centroide_lat": -1.71794}, "geometry": {"type": "MultiPolygon", "coordinates": [[[[-77.882045, -1.70996], [-77.889315, -1.690955], [-77.893438, -1.688839], [-77.900677, -1.689224], [-77.905154, -1.687725], [-77.909316, -1.678405], [-77.916633, -1.670062], [-77.916679, -1.661068], [-77.922751, -1.654557], [-77.937816, -1.656837], [-77.943622, -1.662602], [-77.95915, -1.660752], [-77.96331, -1.661695], [-77.96853, -1.665796], [-77.973157, -1.672018], [-77.980988, -1.671131], [-77.984406, -1.672929], [-77.98671, -1.676203], [-77.996543, -1.677265], [-78.003087, -1.67564], [-78.013954, -1.677855], [-78.021668, -1.675629], [-78.021289, -1.671828], [-78.022778, -1.667957], [-78.026323, -1.660763], [-78.031206, -1.655492], [-78.029235, -1.648159], [-78.031347, -1.643573], [-78.031794, -1.633275], [-78.039273, -1.626315], [-78.039686, -1.620019], [-78.042565, -1.616892], [-78.045149, -1.607166], [-78.044975, -1.599291], [-78.050321, -1.588326], [-78.058304, -1.57781], [-78.059457, -1.568789], [-78.05754, -1.553066], [-78.059305, -1.547618], [-78.058365, -1.543864], [-78.059435, -1.539849], [-78.064758, -1.531403], [-78.065134, -1.527301], [-78.07201, -1.522374], [-78.074017, -1.513336], [-78.079444, -1.505167], [-78.100043, -1.484228], [-78.103027, -1.475449], [-78.110659, -1.469564], [-78.114902, -1.462282], [-78.121022, -1.458231], [-78.123079, -1.454246], [-78.126931, -1.451769], [-78.130281, -1.450841], [-78.134992, -1.452755], [-78.139483, -1.451517], [-78.141311, -1.452846], [-78.145148, -1.452242], [-78.149503, -1.453505], [-78.153542, -1.452745], [-78.155968, -1.450615], [-78.15837, -1.452751], [-78.16048, -1.451587], [-78.160673, -1.449244], [-78.163725, -1.448378], [-78.17374, -1.452758], [-78.176019, -1.449229], [-78.177949, -1.448685], [-78.176598, -1.444501], [-78.173083, -1.442744], [-78.170942, -1.437188], [-78.168374, -1.435018], [-78.16144, -1.433514], [-78.158232, -1.434155], [-78.151169, -1.42942], [-78.150082, -1.42079], [-78.143179, -1.41272], [-78.149004, -1.406433], [-78.148295, -1.397255], [-78.146138, -1.395725], [-78.140719, -1.396597], [-78.13508, -1.390817], [-78.133951, -1.387458], [-78.128354, -1.384181], [-78.125747, -1.379203], [-78.129126, -1.367456], [-78.119771, -1.36314], [-78.118559, -1.359561], [-78.117717, -1.349782], [-78.118784, -1.342729], [-78.121702, -1.336935], [-78.114809, -1.321948], [-78.114386, -1.31907], [-78.115994, -1.318387], [-78.118366, -1.306887], [-78.113001, -1.297928], [-78.113414, -1.286137], [-78.110074, -1.27871], [-78.115168, -1.274895], [-78.115494, -1.270233], [-78.11834, -1.268754], [-78.119906, -1.259665], [-78.116279, -1.25029], [-78.11936, -1.247075], [-78.119829, -1.242851], [-78.118584, -1.239658], [-78.120231, -1.237011], [-78.120412, -1.232053], [-78.124668, -1.225736], [-78.123757, -1.223069], [-78.110704, -1.233494], [-78.104024, -1.230759], [-78.097392, -1.225812], [-78.094784, -1.226735], [-78.094908, -1.230442], [-78.091993, -1.232686], [-78.090346, -1.229366], [-78.088059, -1.229477], [-78.085812, -1.232396], [-78.082748, -1.229782], [-78.075289, -1.237438], [-78.072666, -1.237392], [-78.071089, -1.235654], [-78.068232, -1.240388], [-78.061362, -1.243333], [-78.06082, -1.244817], [-78.058969, -1.243784], [-78.054237, -1.247005], [-78.052614, -1.245986], [-78.051435, -1.248816], [-78.046697, -1.246044], [-78.044818, -1.24699], [-78.043295, -1.242604], [-78.039547, -1.242678], [-78.023457, -1.236357], [-78.018926, -1.233355], [-78.018751, -1.229302], [-78.016264, -1.225505], [-78.01143, -1.222842], [-78.008751, -1.224114], [-78.004683, -1.220968], [-77.999098, -1.223883], [-77.989436, -1.225253], [-77.987206, -1.223791], [-77.979958, -1.223285], [-77.975759, -1.226131], [-77.972293, -1.223753], [-77.970537, -1.224867], [-77.967093, -1.224231], [-77.9661, -1.216497], [-77.963569, -1.211611], [-77.958279, -1.210429], [-77.951804, -1.205704], [-77.946257, -1.205465], [-77.943217, -1.209687], [-77.943447, -1.212145], [-77.940649, -1.213337], [-77.941264, -1.215241], [-77.94378, -1.216051], [-77.944759, -1.222615], [-77.938762, -1.227869], [-77.935924, -1.228321], [-77.932206, -1.224543], [-77.926649, -1.226455], [-77.923427, -1.224718], [-77.918911, -1.226683], [-77.918318, -1.229476], [-77.915584, -1.23137], [-77.916092, -1.234123], [-77.912348, -1.236824], [-77.908324, -1.236438], [-77.904863, -1.238787], [-77.903752, -1.241941], [-77.898593, -1.244332], [-77.894597, -1.242618], [-77.888311, -1.24489], [-77.882124, -1.244687], [-77.880961, -1.242688], [-77.88319, -1.234395], [-77.889193, -1.229218], [-77.889084, -1.222341], [-77.884541, -1.214704], [-77.882315, -1.207063], [-77.879611, -1.203898], [-77.879043, -1.199971], [-77.876918, -1.200343], [-77.874362, -1.203932], [-77.87478, -1.205759], [-77.850994, -1.206876], [-77.849661, -1.210677], [-77.845695, -1.21022], [-77.843875, -1.211693], [-77.841274, -1.218178], [-77.832081, -1.218178], [-77.825168, -1.203174], [-77.817096, -1.205204], [-77.80993, -1.204315], [-77.804976, -1.2021], [-77.802398, -1.198503], [-77.79954, -1.198366], [-77.793445, -1.193093], [-77.786579, -1.192201], [-77.780812, -1.183303], [-77.771982, -1.182365], [-77.7672, -1.178173], [-77.754342, -1.178247], [-77.753282, -1.177086], [-77.754462, -1.175009], [-77.749821, -1.172161], [-77.747425, -1.167907], [-77.741521, -1.164395], [-77.740533, -1.161436], [-77.732509, -1.159975], [-77.731083, -1.161686], [-77.729606, -1.159722], [-77.728331, -1.160245], [-77.731977, -1.166185], [-77.730274, -1.166514], [-77.731752, -1.171803], [-77.730837, -1.176243], [-77.721325, -1.179968], [-77.716605, -1.174533], [-77.713808, -1.173561], [-77.709823, -1.163059], [-77.70673, -1.162564], [-77.707038, -1.160452], [-77.704014, -1.159693], [-77.705355, -1.157411], [-77.704157, -1.157654], [-77.704876, -1.156597], [-77.702551, -1.155123], [-77.702763, -1.15209], [-77.701159, -1.152462], [-77.700109, -1.149608], [-77.700934, -1.147467], [-77.699466, -1.147813], [-77.69693, -1.144581], [-77.695384, -1.145023], [-77.695603, -1.143309], [-77.690539, -1.142322], [-77.687868, -1.139846], [-77.685054, -1.139354], [-77.679293, -1.142664], [-77.675644, -1.14196], [-77.674069, -1.144528], [-77.671285, -1.144721], [-77.671317, -1.148692], [-77.669912, -1.150342], [-77.668914, -1.14847], [-77.664281, -1.146501], [-77.662402, -1.139686], [-77.655914, -1.132377], [-77.64682, -1.135041], [-77.64457, -1.133062], [-77.644895, -1.134848], [-77.640445, -1.13967], [-77.638613, -1.147056], [-77.628323, -1.142737], [-77.621992, -1.144266], [-77.615761, -1.149006], [-77.613875, -1.147728], [-77.614248, -1.143561], [-77.612177, -1.14233], [-77.611489, -1.137616], [-77.607559, -1.138771], [-77.608192, -1.136883], [-77.606342, -1.136355], [-77.605768, -1.138375], [-77.601917, -1.136705], [-77.603625, -1.13647], [-77.60384, -1.13418], [-77.601524, -1.133067], [-77.601301, -1.129656], [-77.599412, -1.129789], [-77.595906, -1.124164], [-77.581376, -1.137199], [-77.580625, -1.144362], [-77.57537, -1.145947], [-77.567664, -1.15271], [-77.568463, -1.154758], [-77.560638, -1.159027], [-77.560588, -1.157832], [-77.559111, -1.158271], [-77.559112, -1.156133], [-77.554945, -1.155308], [-77.555686, -1.154131], [-77.554014, -1.150558], [-77.549803, -1.151072], [-77.550441, -1.148186], [-77.544646, -1.145902], [-77.545169, -1.144017], [-77.542139, -1.144712], [-77.54324, -1.141643], [-77.541956, -1.139225], [-77.539422, -1.138639], [-77.53827, -1.134458], [-77.533608, -1.133722], [-77.534725, -1.132732], [-77.532006, -1.131619], [-77.532246, -1.130056], [-77.530075, -1.130906], [-77.531148, -1.129621], [-77.528522, -1.126895], [-77.526844, -1.127716], [-77.526895, -1.124451], [-77.524852, -1.125366], [-77.522169, -1.120876], [-77.520787, -1.122204], [-77.514673, -1.119577], [-77.51331, -1.121461], [-77.512508, -1.119635], [-77.505616, -1.120984], [-77.505192, -1.119511], [-77.501184, -1.118454], [-77.500385, -1.116023], [-77.502262, -1.115686], [-77.497968, -1.11477], [-77.497142, -1.112098], [-77.493071, -1.112853], [-77.489882, -1.111662], [-77.488367, -1.10803], [-77.485173, -1.106814], [-77.485124, -1.105021], [-77.480141, -1.105596], [-77.474021, -1.101563], [-77.469253, -1.104164], [-77.46776, -1.10139], [-77.460457, -1.10142], [-77.458531, -1.098995], [-77.456063, -1.100292], [-77.454167, -1.098522], [-77.455168, -1.09742], [-77.454187, -1.095362], [-77.452508, -1.095335], [-77.450938, -1.09786], [-77.449825, -1.095999], [-77.445615, -1.094405], [-77.444688, -1.092013], [-77.449151, -1.090025], [-77.454035, -1.089936], [-77.453478, -1.088243], [-77.450301, -1.088051], [-77.450328, -1.084356], [-77.447495, -1.084402], [-77.446618, -1.082676], [-77.452023, -1.083341], [-77.451141, -1.077687], [-77.441379, -1.07785], [-77.435581, -1.085193], [-77.432788, -1.083398], [-77.432331, -1.080963], [-77.429365, -1.080333], [-77.421864, -1.083373], [-77.422507, -1.078867], [-77.420275, -1.082645], [-77.415098, -1.084464], [-77.404388, -1.078806], [-77.400426, -1.082597], [-77.402714, -1.090447], [-77.391334, -1.083555], [-77.389906, -1.085576], [-77.38997, -1.089051], [-77.387017, -1.090351], [-77.383669, -1.094762], [-77.378431, -1.091736], [-77.373118, -1.091094], [-77.370035, -1.094908], [-77.369477, -1.098685], [-77.368018, -1.097949], [-77.367574, -1.094954], [-77.364881, -1.094817], [-77.360269, -1.098021], [-77.363624, -1.099401], [-77.363924, -1.100791], [-77.360648, -1.1018], [-77.356695, -1.09927], [-77.352634, -1.101427], [-77.353667, -1.103853], [-77.352669, -1.104779], [-77.351292, -1.102714], [-77.350514, -1.073323], [-77.351464, -1.071367], [-77.349443, -1.06895], [-77.346254, -1.069989], [-77.339209, -1.0679], [-77.336816, -1.069671], [-77.334746, -1.06754], [-77.32548, -1.072299], [-77.32327, -1.070993], [-77.320715, -1.072446], [-77.310112, -1.06501], [-77.304515, -1.065331], [-77.301007, -1.062803], [-77.30131, -1.061497], [-77.297964, -1.060006], [-77.295675, -1.061464], [-77.290843, -1.058177], [-77.284907, -1.059117], [-77.280084, -1.057458], [-77.278913, -1.05884], [-77.272594, -1.056391], [-77.270253, -1.057661], [-77.267167, -1.055734], [-77.265462, -1.056467], [-77.260194, -1.052251], [-77.258748, -1.053769], [-77.257868, -1.052612], [-77.255274, -1.054314], [-77.252993, -1.053573], [-77.252508, -1.054917], [-77.244021, -1.057297], [-77.241255, -1.05335], [-77.235197, -1.051822], [-77.232112, -1.047431], [-77.234071, -1.04583], [-77.230623, -1.041507], [-77.233126, -1.038468], [-77.230593, -1.03758], [-77.229128, -1.034658], [-77.230988, -1.030961], [-77.229397, -1.025875], [-77.224288, -1.024214], [-77.219211, -1.024418], [-77.218518, -1.026035], [-77.213789, -1.022476], [-77.212781, -1.024061], [-77.214193, -1.025784], [-77.206583, -1.0235], [-77.204121, -1.026003], [-77.202366, -1.024683], [-77.198627, -1.025273], [-77.196504, -1.02259], [-77.190198, -1.020807], [-77.190226, -1.022908], [-77.187788, -1.023813], [-77.185865, -1.020137], [-77.18391, -1.019629], [-77.181856, -1.022599], [-77.177593, -1.019077], [-77.175354, -1.020707], [-77.172837, -1.016857], [-77.170811, -1.017878], [-77.170691, -1.019626], [-77.16813, -1.019052], [-77.167715, -1.020966], [-77.16531, -1.017675], [-77.162134, -1.019737], [-77.156526, -1.019974], [-77.155751, -1.021664], [-77.153537, -1.020975], [-77.1532, -1.019489], [-77.151843, -1.020573], [-77.14758, -1.018237], [-77.141376, -1.020234], [-77.140256, -1.018461], [-77.136801, -1.019018], [-77.133305, -1.014168], [-77.133415, -1.012392], [-77.132262, -1.014586], [-77.12626, -1.011042], [-77.122665, -1.014394], [-77.119851, -1.011896], [-77.115498, -1.012511], [-77.115785, -1.011025], [-77.110205, -1.008685], [-77.107304, -1.011001], [-77.108821, -1.008693], [-77.108128, -1.00765], [-77.104077, -1.00856], [-77.103646, -1.010231], [-77.10227, -1.009892], [-77.09803, -1.014185], [-77.095648, -1.010939], [-77.092382, -1.011769], [-77.091499, -1.01434], [-77.088116, -1.012596], [-77.086945, -1.014563], [-77.085802, -1.013616], [-77.08462, -1.014574], [-77.081823, -1.012507], [-77.080647, -1.014639], [-77.080918, -1.011982], [-77.07653, -1.010866], [-77.076907, -1.008047], [-77.07481, -1.008992], [-77.07013, -1.008105], [-77.070266, -1.006534], [-77.068277, -1.007731], [-77.06633, -1.003825], [-77.064662, -1.005], [-77.06222, -1.004243], [-77.059965, -1.008314], [-77.06226, -1.008664], [-77.066794, -1.012985], [-77.069877, -1.01949], [-77.078452, -1.021443], [-77.07921, -1.020551], [-77.079382, -1.022426], [-77.082158, -1.02173], [-77.084672, -1.023242], [-77.088679, -1.021984], [-77.089979, -1.024243], [-77.090934, -1.023855], [-77.092591, -1.03695], [-77.090871, -1.036622], [-77.091336, -1.038374], [-77.087586, -1.037694], [-77.088268, -1.044468], [-77.08561, -1.046461], [-77.083526, -1.051721], [-77.079096, -1.052124], [-77.074415, -1.054955], [-77.076035, -1.069372], [-77.072266, -1.070358], [-77.072672, -1.073379], [-77.071042, -1.073012], [-77.070516, -1.076293], [-77.068609, -1.076446], [-77.067036, -1.078534], [-77.068402, -1.08472], [-77.066986, -1.086221], [-77.062533, -1.086555], [-77.060258, -1.089738], [-77.0594, -1.087802], [-77.058341, -1.089945], [-77.055743, -1.090055], [-77.056725, -1.091417], [-77.053449, -1.090961], [-77.05328, -1.092515], [-77.052445, -1.091533], [-77.052485, -1.093996], [-77.049866, -1.093693], [-77.050011, -1.095123], [-77.044556, -1.095958], [-77.042002, -1.099845], [-77.036289, -1.099571], [-77.03586, -1.10155], [-77.035416, -1.100009], [-77.033125, -1.100851], [-77.034466, -1.098333], [-77.032258, -1.097476], [-77.031653, -1.098395], [-77.03183, -1.096997], [-77.028386, -1.097393], [-77.027984, -1.09594], [-77.022573, -1.097968], [-77.022506, -1.099574], [-77.017408, -1.094704], [-77.013658, -1.097887], [-77.012396, -1.096518], [-77.011089, -1.0977], [-77.010913, -1.095788], [-77.009627, -1.096038], [-77.010518, -1.097289], [-77.007662, -1.096692], [-77.006443, -1.094838], [-77.005706, -1.097577], [-77.003123, -1.099037], [-77.001319, -1.096485], [-76.998725, -1.097275], [-76.999233, -1.098911], [-76.997837, -1.096337], [-76.997278, -1.097618], [-76.995037, -1.096765], [-76.993778, -1.098012], [-76.993147, -1.095826], [-76.991636, -1.095935], [-76.991698, -1.097363], [-76.988983, -1.097836], [-76.989029, -1.09901], [-76.986361, -1.097999], [-76.98713, -1.099885], [-76.985055, -1.099732], [-76.982533, -1.103607], [-76.984298, -1.103853], [-76.981866, -1.10428], [-76.981772, -1.106027], [-76.978885, -1.10343], [-76.975775, -1.10295], [-76.973849, -1.104757], [-76.97455, -1.106682], [-76.972783, -1.106466], [-76.973021, -1.104686], [-76.971454, -1.104907], [-76.971586, -1.106801], [-76.969585, -1.106093], [-76.969433, -1.110672], [-76.968315, -1.109754], [-76.967874, -1.111899], [-76.964656, -1.113145], [-76.963904, -1.116078], [-76.961792, -1.115041], [-76.960484, -1.118753], [-76.955744, -1.116345], [-76.956636, -1.117668], [-76.954756, -1.118705], [-76.955598, -1.121131], [-76.951587, -1.120436], [-76.951263, -1.122939], [-76.949785, -1.121961], [-76.948752, -1.122915], [-76.947296, -1.120982], [-76.945189, -1.121928], [-76.942101, -1.120751], [-76.939193, -1.122218], [-76.939009, -1.124376], [-76.933281, -1.119685], [-76.930888, -1.121995], [-76.930093, -1.12008], [-76.928734, -1.120401], [-76.928417, -1.122081], [-76.929891, -1.122348], [-76.929029, -1.123562], [-76.92473, -1.121007], [-76.924329, -1.124607], [-76.92052, -1.120699], [-76.922282, -1.120144], [-76.920829, -1.119422], [-76.919188, -1.12319], [-76.918472, -1.121081], [-76.917416, -1.121692], [-76.9168, -1.125772], [-76.915183, -1.123686], [-76.914556, -1.125849], [-76.913521, -1.124715], [-76.913472, -1.127397], [-76.909817, -1.126556], [-76.908896, -1.128125], [-76.906375, -1.126244], [-76.905156, -1.128615], [-76.902588, -1.125131], [-76.902096, -1.127809], [-76.896779, -1.127128], [-76.897789, -1.130735], [-76.893317, -1.130987], [-76.892714, -1.133209], [-76.89177, -1.131037], [-76.890393, -1.132088], [-76.891493, -1.134358], [-76.889374, -1.135126], [-76.890573, -1.137448], [-76.889035, -1.138275], [-76.887618, -1.137284], [-76.889444, -1.140126], [-76.886089, -1.141587], [-76.886859, -1.143099], [-76.881001, -1.145549], [-76.881952, -1.147017], [-76.87978, -1.145064], [-76.876452, -1.146633], [-76.879127, -1.151966], [-76.874377, -1.151789], [-76.874929, -1.155011], [-76.873797, -1.152605], [-76.868896, -1.157621], [-76.867489, -1.157736], [-76.866901, -1.155785], [-76.865436, -1.156788], [-76.866359, -1.158508], [-76.863229, -1.157629], [-76.86281, -1.160298], [-76.859225, -1.160723], [-76.858451, -1.162827], [-76.855304, -1.162982], [-76.855476, -1.161641], [-76.853017, -1.163032], [-76.854014, -1.160775], [-76.851495, -1.162471], [-76.850664, -1.159521], [-76.848338, -1.161038], [-76.848087, -1.157937], [-76.845662, -1.159155], [-76.846154, -1.161322], [-76.843999, -1.158357], [-76.840655, -1.159913], [-76.83906, -1.156283], [-76.837325, -1.160005], [-76.832107, -1.159232], [-76.834137, -1.148333], [-76.830839, -1.144225], [-76.832461, -1.140647], [-76.832432, -1.114384], [-76.829882, -1.11189], [-76.825493, -1.113499], [-76.818126, -1.109435], [-76.813335, -1.111888], [-76.810022, -1.110375], [-76.805633, -1.111745], [-76.804635, -1.110417], [-76.802438, -1.110793], [-76.800492, -1.108374], [-76.800891, -1.106957], [-76.798743, -1.106916], [-76.79864, -1.105239], [-76.796191, -1.105577], [-76.794075, -1.101707], [-76.787799, -1.096306], [-76.782401, -1.097403], [-76.778331, -1.094442], [-76.775653, -1.096329], [-76.7738, -1.090662], [-76.770229, -1.092554], [-76.769438, -1.09145], [-76.770598, -1.090023], [-76.769522, -1.090021], [-76.768309, -1.092517], [-76.770086, -1.093779], [-76.768578, -1.095164], [-76.767343, -1.09248], [-76.764779, -1.092285], [-76.765728, -1.096085], [-76.764683, -1.096845], [-76.763362, -1.095654], [-76.763078, -1.098962], [-76.760858, -1.098446], [-76.761555, -1.09568], [-76.757547, -1.099138], [-76.758061, -1.096331], [-76.757039, -1.095783], [-76.755235, -1.097003], [-76.755998, -1.098871], [-76.754406, -1.099279], [-76.752555, -1.097288], [-76.754899, -1.096334], [-76.752619, -1.093865], [-76.750142, -1.099016], [-76.749492, -1.096148], [-76.751435, -1.092652], [-76.748543, -1.094223], [-76.748203, -1.096801], [-76.746028, -1.095394], [-76.746903, -1.093462], [-76.744953, -1.09387], [-76.746995, -1.098446], [-76.742134, -1.098233], [-76.742843, -1.100468], [-76.7399, -1.101872], [-76.736237, -1.101347], [-76.736633, -1.103011], [-76.733593, -1.101815], [-76.733685, -1.098906], [-76.732213, -1.101362], [-76.733802, -1.103478], [-76.729913, -1.10454], [-76.729412, -1.101916], [-76.72749, -1.105933], [-76.72569, -1.099087], [-76.723468, -1.099217], [-76.721206, -1.096194], [-76.722187, -1.094358], [-76.720268, -1.092138], [-76.721491, -1.090508], [-76.71945, -1.087817], [-76.72022, -1.085942], [-76.719076, -1.086135], [-76.721085, -1.083881], [-76.720539, -1.082254], [-76.714034, -1.080781], [-76.708333, -1.082565], [-76.69221, -1.077318], [-76.688086, -1.077899], [-76.680337, -1.068674], [-76.677857, -1.068269], [-76.67634, -1.069702], [-76.670249, -1.067523], [-76.667695, -1.06851], [-76.652858, -1.056811], [-76.652377, -1.059434], [-76.64888, -1.061309], [-76.647762, -1.060231], [-76.643462, -1.06159], [-76.640765, -1.060819], [-76.635109, -1.062487], [-76.632875, -1.060059], [-76.631582, -1.063164], [-76.628925, -1.062699], [-76.627694, -1.06401], [-76.625765, -1.062892], [-76.625315, -1.06451], [-76.621308, -1.064719], [-76.620071, -1.066499], [-76.614857, -1.064871], [-76.613314, -1.068058], [-76.614458, -1.069372], [-76.612965, -1.069013], [-76.612702, -1.071123], [-76.611762, -1.07031], [-76.609419, -1.071763], [-76.607211, -1.069343], [-76.60534, -1.072258], [-76.60335, -1.071017], [-76.603252, -1.07301], [-76.601641, -1.07037], [-76.600593, -1.071684], [-76.599842, -1.069917], [-76.598622, -1.071395], [-76.59844, -1.069369], [-76.596012, -1.070894], [-76.595501, -1.068669], [-76.593246, -1.069297], [-76.593997, -1.067928], [-76.59259, -1.067901], [-76.591996, -1.070028], [-76.59042, -1.067414], [-76.59087, -1.069208], [-76.589847, -1.069497], [-76.589962, -1.067912], [-76.587969, -1.067773], [-76.589186, -1.066078], [-76.582806, -1.068141], [-76.578777, -1.06341], [-76.577655, -1.064713], [-76.57633, -1.063171], [-76.576161, -1.064387], [-76.575726, -1.062521], [-76.57151, -1.06446], [-76.570571, -1.060561], [-76.567578, -1.061918], [-76.566528, -1.060002], [-76.56346, -1.059545], [-76.563368, -1.060895], [-76.561307, -1.060832], [-76.561224, -1.062458], [-76.556061, -1.062701], [-76.554994, -1.065142], [-76.55306, -1.063086], [-76.552634, -1.067352], [-76.551346, -1.065786], [-76.548465, -1.069074], [-76.546366, -1.068533], [-76.543828, -1.065803], [-76.544796, -1.063787], [-76.543477, -1.064305], [-76.543176, -1.061452], [-76.540029, -1.06069], [-76.539415, -1.058366], [-76.537736, -1.058577], [-76.539198, -1.053672], [-76.536175, -1.053993], [-76.535351, -1.057195], [-76.534615, -1.054666], [-76.532935, -1.054179], [-76.533602, -1.05265], [-76.530776, -1.051968], [-76.527407, -1.054708], [-76.526985, -1.060023], [-76.524666, -1.058132], [-76.52394, -1.059869], [-76.523313, -1.057562], [-76.520125, -1.061469], [-76.521302, -1.063151], [-76.519112, -1.063188], [-76.519146, -1.067197], [-76.515599, -1.067016], [-76.515009, -1.068768], [-76.517125, -1.070504], [-76.513953, -1.069873], [-76.516454, -1.072561], [-76.514914, -1.074107], [-76.515425, -1.076269], [-76.517153, -1.076092], [-76.520141, -1.08022], [-76.518059, -1.080485], [-76.516469, -1.083348], [-76.51844, -1.086791], [-76.515974, -1.091925], [-76.517356, -1.094913], [-76.514414, -1.092974], [-76.513536, -1.095348], [-76.515382, -1.095855], [-76.516287, -1.099712], [-76.518569, -1.099077], [-76.51649, -1.101296], [-76.519521, -1.100978], [-76.516925, -1.102495], [-76.517307, -1.10424], [-76.518722, -1.104855], [-76.520597, -1.102986], [-76.52282, -1.104396], [-76.522598, -1.105651], [-76.523867, -1.104765], [-76.524518, -1.10674], [-76.521428, -1.110739], [-76.522454, -1.111568], [-76.521588, -1.114684], [-76.523209, -1.113942], [-76.524659, -1.115088], [-76.522458, -1.119621], [-76.520964, -1.118632], [-76.518674, -1.120164], [-76.517843, -1.118756], [-76.516277, -1.120117], [-76.518134, -1.125081], [-76.517038, -1.126862], [-76.518834, -1.126784], [-76.516267, -1.128564], [-76.518436, -1.131669], [-76.521431, -1.127458], [-76.522262, -1.129043], [-76.520314, -1.130337], [-76.522035, -1.131615], [-76.522082, -1.134218], [-76.525939, -1.136529], [-76.525202, -1.137911], [-76.52197, -1.137791], [-76.524261, -1.139014], [-76.524193, -1.140543], [-76.520802, -1.141431], [-76.524594, -1.142498], [-76.519972, -1.146261], [-76.525558, -1.149315], [-76.524555, -1.151305], [-76.526328, -1.150987], [-76.525533, -1.153411], [-76.528722, -1.156521], [-76.526471, -1.157464], [-76.527938, -1.161051], [-76.529399, -1.160812], [-76.525879, -1.161563], [-76.526008, -1.164565], [-76.529221, -1.167366], [-76.526169, -1.169402], [-76.525731, -1.173393], [-76.52304, -1.173837], [-76.526191, -1.175606], [-76.525858, -1.176927], [-76.521471, -1.17591], [-76.523885, -1.1806], [-76.523406, -1.18231], [-76.520694, -1.182452], [-76.520635, -1.186206], [-76.523894, -1.185414], [-76.524046, -1.18277], [-76.527627, -1.181736], [-76.526597, -1.185672], [-76.528375, -1.188314], [-76.526466, -1.19032], [-76.530545, -1.192651], [-76.528532, -1.194323], [-76.528333, -1.197029], [-76.526288, -1.194988], [-76.523857, -1.19653], [-76.520568, -1.195561], [-76.519695, -1.198833], [-76.523371, -1.198415], [-76.523045, -1.200438], [-76.517023, -1.200342], [-76.516624, -1.198128], [-76.515584, -1.198427], [-76.515752, -1.202589], [-76.519671, -1.203511], [-76.518032, -1.207288], [-76.519317, -1.210046], [-76.514754, -1.207518], [-76.514298, -1.21145], [-76.512885, -1.212416], [-76.508369, -1.207884], [-76.50615, -1.212047], [-76.503554, -1.212033], [-76.501342, -1.220224], [-76.499762, -1.218699], [-76.499826, -1.214003], [-76.497954, -1.2153], [-76.496873, -1.220546], [-76.492935, -1.215595], [-76.493773, -1.220897], [-76.490397, -1.219445], [-76.489374, -1.220593], [-76.489564, -1.22293], [-76.492374, -1.225077], [-76.48495, -1.230362], [-76.483054, -1.234482], [-76.484541, -1.236492], [-76.476737, -1.237249], [-76.47775, -1.239641], [-76.475127, -1.241183], [-76.477243, -1.245156], [-76.481326, -1.245231], [-76.48066, -1.24319], [-76.481841, -1.243142], [-76.483164, -1.249208], [-76.479838, -1.247631], [-76.477798, -1.249342], [-76.476111, -1.247825], [-76.475395, -1.250529], [-76.474195, -1.247438], [-76.47273, -1.247121], [-76.472079, -1.249289], [-76.475953, -1.254944], [-76.473807, -1.25407], [-76.47155, -1.25732], [-76.466503, -1.257873], [-76.467491, -1.262066], [-76.472417, -1.261609], [-76.470866, -1.263837], [-76.468636, -1.264065], [-76.465123, -1.261869], [-76.459981, -1.248571], [-76.45811, -1.247756], [-76.455669, -1.253568], [-76.45123, -1.250321], [-76.448685, -1.251629], [-76.451112, -1.259943], [-76.452944, -1.260072], [-76.456559, -1.256451], [-76.458064, -1.257056], [-76.456878, -1.260628], [-76.450832, -1.264572], [-76.450997, -1.271641], [-76.436996, -1.265675], [-76.439794, -1.258838], [-76.436994, -1.257091], [-76.432546, -1.258694], [-76.428992, -1.267629], [-76.419359, -1.272098], [-76.415457, -1.270063], [-76.408689, -1.25988], [-76.396004, -1.254131], [-76.395716, -1.259356], [-76.392208, -1.262344], [-76.392206, -1.26711], [-76.38712, -1.270972], [-76.379092, -1.269532], [-76.372903, -1.274037], [-76.367756, -1.272268], [-76.369491, -1.270225], [-76.37294, -1.270177], [-76.372523, -1.267737], [-76.370337, -1.267286], [-76.365123, -1.270318], [-76.365857, -1.274131], [-76.371618, -1.28019], [-76.371176, -1.282056], [-76.369138, -1.281921], [-76.366207, -1.276798], [-76.356867, -1.280425], [-76.356256, -1.283496], [-76.366897, -1.287719], [-76.367608, -1.290131], [-76.365448, -1.294583], [-76.35501, -1.290885], [-76.350553, -1.291292], [-76.342352, -1.295896], [-76.342974, -1.300683], [-76.33635, -1.300733], [-76.328295, -1.306191], [-76.318057, -1.30275], [-76.311231, -1.307466], [-76.309019, -1.298377], [-76.304102, -1.307318], [-76.295518, -1.310431], [-76.295008, -1.305571], [-76.293049, -1.303642], [-76.289291, -1.312925], [-76.288344, -1.317195], [-76.28964, -1.319889], [-76.288544, -1.320538], [-76.28332, -1.315024], [-76.287126, -1.310982], [-76.286358, -1.309621], [-76.275091, -1.304721], [-76.266722, -1.305761], [-76.266765, -1.301526], [-76.271653, -1.295822], [-76.266977, -1.295807], [-76.262216, -1.297653], [-76.260337, -1.301186], [-76.256336, -1.301692], [-76.25551, -1.30621], [-76.253304, -1.30697], [-76.250105, -1.303445], [-76.25035, -1.293194], [-76.247422, -1.286968], [-76.245046, -1.287268], [-76.241275, -1.297852], [-76.237797, -1.300929], [-76.232836, -1.298874], [-76.229418, -1.294967], [-76.223871, -1.295875], [-76.223236, -1.293107], [-76.226092, -1.290112], [-76.220316, -1.28638], [-76.211278, -1.296704], [-76.202678, -1.298238], [-76.200855, -1.297638], [-76.199066, -1.294224], [-76.194436, -1.295568], [-76.187183, -1.286389], [-76.185122, -1.289241], [-76.177391, -1.288714], [-76.176238, -1.300423], [-76.172432, -1.298227], [-76.170466, -1.294688], [-76.167877, -1.294498], [-76.164995, -1.296084], [-76.163504, -1.301221], [-76.160498, -1.301629], [-76.157126, -1.300464], [-76.152951, -1.294865], [-76.150776, -1.282148], [-76.147698, -1.283292], [-76.146691, -1.289448], [-76.144956, -1.290036], [-76.14279, -1.284833], [-76.139326, -1.284549], [-76.139405, -1.28017], [-76.136703, -1.275815], [-76.134614, -1.275], [-76.130872, -1.276266], [-76.130162, -1.283201], [-76.128674, -1.285593], [-76.126766, -1.284654], [-76.122574, -1.274789], [-76.113769, -1.272512], [-76.109856, -1.280226], [-76.106179, -1.279033], [-76.102086, -1.28194], [-76.09769, -1.279052], [-76.093711, -1.281435], [-76.09018, -1.281428], [-76.088024, -1.284501], [-76.088389, -1.291603], [-76.082403, -1.296546], [-76.075848, -1.291805], [-76.072079, -1.280508], [-76.063913, -1.278105], [-76.063313, -1.280021], [-76.067854, -1.287843], [-76.065259, -1.288267], [-76.058569, -1.284827], [-76.057291, -1.287665], [-76.062848, -1.296082], [-76.064445, -1.30442], [-76.063254, -1.30685], [-76.057352, -1.307711], [-76.054259, -1.304328], [-76.057168, -1.30017], [-76.056701, -1.298603], [-76.052747, -1.299825], [-76.04929, -1.297164], [-76.044006, -1.298785], [-76.046519, -1.303719], [-76.044156, -1.305589], [-76.040149, -1.304501], [-76.040331, -1.309624], [-76.035863, -1.314916], [-76.033654, -1.310726], [-76.028417, -1.309686], [-76.027043, -1.311049], [-76.026663, -1.316192], [-76.023177, -1.313939], [-76.023912, -1.308847], [-76.016455, -1.309626], [-76.012274, -1.306377], [-76.008831, -1.315269], [-76.007344, -1.31591], [-76.00579, -1.314591], [-76.005677, -1.310513], [-76.002432, -1.309176], [-75.997674, -1.315539], [-75.99766, -1.325227], [-75.994084, -1.327413], [-75.998752, -1.330177], [-75.997348, -1.334375], [-75.989701, -1.337566], [-75.987487, -1.336643], [-75.98573, -1.332896], [-75.980158, -1.335078], [-75.974858, -1.331646], [-75.973952, -1.329109], [-75.972409, -1.329271], [-75.970989, -1.332036], [-75.974256, -1.337093], [-75.968263, -1.341072], [-75.968552, -1.345594], [-75.965244, -1.346989], [-75.961638, -1.344685], [-75.959811, -1.344989], [-75.958444, -1.353105], [-75.955219, -1.355438], [-75.950702, -1.35404], [-75.949123, -1.35785], [-75.940376, -1.349977], [-75.938773, -1.351991], [-75.939198, -1.359538], [-75.933781, -1.360106], [-75.930088, -1.355249], [-75.926545, -1.353947], [-75.9257, -1.350075], [-75.921117, -1.352791], [-75.919725, -1.352258], [-75.919388, -1.350341], [-75.92147, -1.347434], [-75.920122, -1.345857], [-75.91715, -1.350172], [-75.919471, -1.358541], [-75.915062, -1.361428], [-75.911601, -1.359579], [-75.906072, -1.349958], [-75.904063, -1.35024], [-75.902071, -1.354075], [-75.898183, -1.349942], [-75.893761, -1.348913], [-75.89651, -1.340228], [-75.90151, -1.336615], [-75.900396, -1.333889], [-75.89564, -1.334111], [-75.892344, -1.338253], [-75.887798, -1.340323], [-75.884363, -1.334731], [-75.876558, -1.331752], [-75.875521, -1.334569], [-75.881658, -1.339428], [-75.883402, -1.346811], [-75.87971, -1.356495], [-75.866861, -1.35549], [-75.855011, -1.361162], [-75.850207, -1.359161], [-75.848859, -1.35504], [-75.844997, -1.355651], [-75.84118, -1.362843], [-75.845324, -1.3688], [-75.845538, -1.373902], [-75.834438, -1.377794], [-75.831343, -1.382287], [-75.83154, -1.384284], [-75.836678, -1.388252], [-75.8358, -1.391695], [-75.826493, -1.38798], [-75.822554, -1.38306], [-75.815161, -1.389576], [-75.803608, -1.389759], [-75.804657, -1.392085], [-75.816262, -1.392284], [-75.815631, -1.396931], [-75.808032, -1.397486], [-75.801791, -1.402669], [-75.793603, -1.404552], [-75.785286, -1.403407], [-75.7822, -1.398418], [-75.778033, -1.400459], [-75.777759, -1.398742], [-75.780482, -1.396292], [-75.77715, -1.395278], [-75.771266, -1.405312], [-75.761499, -1.41175], [-75.760059, -1.414965], [-75.756938, -1.407508], [-75.758976, -1.401655], [-75.75685, -1.40193], [-75.754733, -1.405918], [-75.749394, -1.405191], [-75.745597, -1.408162], [-75.744234, -1.411317], [-75.744797, -1.41409], [-75.751355, -1.42025], [-75.750382, -1.42307], [-75.748166, -1.422769], [-75.746951, -1.41961], [-75.743585, -1.416904], [-75.73971, -1.416981], [-75.738994, -1.419153], [-75.740863, -1.422457], [-75.738116, -1.426388], [-75.739346, -1.434504], [-75.737646, -1.438576], [-75.735782, -1.439358], [-75.732617, -1.437706], [-75.726674, -1.439065], [-75.723646, -1.445061], [-75.716232, -1.449441], [-75.716289, -1.452445], [-75.721672, -1.45659], [-75.719854, -1.462314], [-75.71159, -1.462409], [-75.710469, -1.452796], [-75.704652, -1.44872], [-75.699943, -1.447546], [-75.698631, -1.451708], [-75.699655, -1.464688], [-75.688692, -1.466343], [-75.685278, -1.470029], [-75.675266, -1.467949], [-75.671055, -1.476036], [-75.666982, -1.478231], [-75.663578, -1.487994], [-75.660311, -1.487504], [-75.659565, -1.477713], [-75.655733, -1.475987], [-75.651793, -1.47736], [-75.649511, -1.475841], [-75.648833, -1.477323], [-75.652104, -1.480662], [-75.64857, -1.48791], [-75.649934, -1.489665], [-75.65257, -1.488796], [-75.653527, -1.489728], [-75.650457, -1.493486], [-75.648231, -1.493421], [-75.646453, -1.489466], [-75.641723, -1.489335], [-75.641359, -1.485444], [-75.636613, -1.482221], [-75.635369, -1.485], [-75.639831, -1.488234], [-75.64111, -1.49556], [-75.638788, -1.495935], [-75.636503, -1.493439], [-75.631658, -1.491974], [-75.631488, -1.493927], [-75.636747, -1.497968], [-75.633917, -1.500344], [-75.623884, -1.502286], [-75.614295, -1.496626], [-75.613207, -1.498637], [-75.616215, -1.500801], [-75.614192, -1.502458], [-75.609777, -1.496918], [-75.609551, -1.492688], [-75.601702, -1.497202], [-75.599309, -1.502676], [-75.595406, -1.505722], [-75.596163, -1.509584], [-75.594003, -1.515727], [-75.590727, -1.515592], [-75.589663, -1.508955], [-75.58787, -1.510285], [-75.589465, -1.516494], [-75.592045, -1.518579], [-75.59559, -1.525241], [-75.594383, -1.526868], [-75.589288, -1.526741], [-75.588308, -1.531924], [-75.589632, -1.533081], [-75.593383, -1.532728], [-75.596008, -1.539779], [-75.590789, -1.547172], [-75.585389, -1.549704], [-76.043253, -2.12462], [-76.633571, -2.590189], [-76.692112, -2.609971], [-76.712719, -2.595406], [-76.723908, -2.58524], [-76.730236, -2.573774], [-76.733237, -2.563639], [-76.738165, -2.553689], [-76.744208, -2.556544], [-76.748906, -2.562378], [-76.756974, -2.563181], [-76.761459, -2.561555], [-76.771156, -2.554246], [-76.779618, -2.552424], [-76.782964, -2.554494], [-76.793779, -2.568137], [-76.800268, -2.570695], [-76.807871, -2.568632], [-76.812068, -2.564438], [-76.814607, -2.559224], [-76.815362, -2.546126], [-76.820474, -2.543517], [-76.833874, -2.545291], [-76.837427, -2.547809], [-76.844021, -2.556784], [-76.852023, -2.559567], [-76.860425, -2.56006], [-76.868662, -2.556613], [-76.873394, -2.557739], [-76.883229, -2.566724], [-76.886473, -2.565517], [-76.893842, -2.555226], [-76.899225, -2.553417], [-76.902355, -2.554573], [-76.904973, -2.559774], [-76.907922, -2.56204], [-76.914608, -2.564569], [-76.917423, -2.56422], [-76.925359, -2.554539], [-76.92656, -2.546377], [-76.929701, -2.544131], [-76.932689, -2.545036], [-76.939604, -2.554513], [-76.944767, -2.554565], [-76.950491, -2.546453], [-76.955016, -2.534003], [-76.961882, -2.524784], [-76.965975, -2.514124], [-76.974924, -2.510892], [-76.990755, -2.516063], [-76.994815, -2.516112], [-76.996956, -2.51465], [-76.998763, -2.505916], [-76.994219, -2.489533], [-77.000539, -2.472252], [-77.000681, -2.460504], [-77.008209, -2.455834], [-77.02309, -2.457563], [-77.031443, -2.450961], [-77.034439, -2.437072], [-77.041003, -2.420937], [-77.049856, -2.413942], [-77.048844, -2.406524], [-77.058704, -2.395914], [-77.06941, -2.388172], [-77.072735, -2.383453], [-77.081494, -2.376421], [-77.082094, -2.372525], [-77.07914, -2.36925], [-77.078239, -2.365809], [-77.082049, -2.361521], [-77.085741, -2.352113], [-77.087162, -2.343816], [-77.095741, -2.338892], [-77.100965, -2.338715], [-77.103172, -2.33725], [-77.113726, -2.316264], [-77.120736, -2.314163], [-77.128569, -2.314722], [-77.135337, -2.303337], [-77.148912, -2.298747], [-77.156805, -2.299246], [-77.165101, -2.302301], [-77.167715, -2.301568], [-77.171652, -2.294223], [-77.180786, -2.287894], [-77.18329, -2.284031], [-77.184237, -2.275794], [-77.190924, -2.270175], [-77.20231, -2.265285], [-77.209874, -2.269127], [-77.213375, -2.265099], [-77.218772, -2.262319], [-77.229548, -2.263637], [-77.235585, -2.261312], [-77.234771, -2.252538], [-77.236054, -2.249824], [-77.244641, -2.248413], [-77.258495, -2.235073], [-77.264672, -2.233799], [-77.267784, -2.223583], [-77.272069, -2.219438], [-77.272224, -2.214422], [-77.278593, -2.21205], [-77.278754, -2.204741], [-77.28009, -2.201926], [-77.285885, -2.201701], [-77.293324, -2.194241], [-77.305502, -2.18588], [-77.309659, -2.185264], [-77.316273, -2.187012], [-77.325707, -2.177092], [-77.333908, -2.17311], [-77.343228, -2.17313], [-77.347704, -2.168507], [-77.352375, -2.159889], [-77.355254, -2.160045], [-77.360051, -2.164864], [-77.362366, -2.165049], [-77.372472, -2.159131], [-77.385771, -2.158775], [-77.392448, -2.151236], [-77.405838, -2.150103], [-77.413302, -2.144417], [-77.427126, -2.138469], [-77.428527, -2.136294], [-77.428166, -2.126788], [-77.429467, -2.124938], [-77.443807, -2.118704], [-77.450503, -2.119063], [-77.466925, -2.109124], [-77.492935, -2.102626], [-77.496532, -2.099767], [-77.501039, -2.089327], [-77.51363, -2.082223], [-77.522967, -2.085348], [-77.537381, -2.075273], [-77.547218, -2.073037], [-77.551421, -2.073691], [-77.55921, -2.079514], [-77.568567, -2.079835], [-77.580551, -2.073804], [-77.586218, -2.072706], [-77.590358, -2.068987], [-77.593084, -2.060462], [-77.609601, -2.049924], [-77.612961, -2.044411], [-77.616635, -2.042448], [-77.620412, -2.042277], [-77.62696, -2.045516], [-77.6343, -2.04503], [-77.644232, -2.049173], [-77.663752, -2.051257], [-77.671841, -2.050522], [-77.680656, -2.043335], [-77.687521, -2.031305], [-77.692373, -2.027981], [-77.700611, -2.024127], [-77.71019, -2.027122], [-77.715366, -2.025763], [-77.728221, -2.011488], [-77.729996, -1.998224], [-77.733444, -1.993508], [-77.731869, -1.985232], [-77.738019, -1.981477], [-77.743138, -1.980211], [-77.745773, -1.980905], [-77.749816, -1.985329], [-77.753075, -1.985373], [-77.765142, -1.975474], [-77.778533, -1.97124], [-77.78079, -1.968534], [-77.783743, -1.959706], [-77.793999, -1.955238], [-77.795032, -1.933271], [-77.809821, -1.93214], [-77.823593, -1.92214], [-77.825265, -1.917255], [-77.825362, -1.909775], [-77.827693, -1.908369], [-77.824508, -1.902591], [-77.825501, -1.898852], [-77.828274, -1.895834], [-77.82672, -1.888338], [-77.82837, -1.882008], [-77.826515, -1.876698], [-77.827362, -1.868239], [-77.830621, -1.865162], [-77.833524, -1.857098], [-77.842574, -1.849413], [-77.848008, -1.846884], [-77.853721, -1.848443], [-77.855876, -1.846841], [-77.853466, -1.839193], [-77.848205, -1.840446], [-77.846329, -1.837316], [-77.85555, -1.821414], [-77.856526, -1.817487], [-77.861632, -1.815029], [-77.856854, -1.808768], [-77.85711, -1.800981], [-77.859981, -1.7972], [-77.865026, -1.797453], [-77.866998, -1.793943], [-77.866122, -1.789797], [-77.868017, -1.790001], [-77.869032, -1.788267], [-77.86971, -1.783608], [-77.866184, -1.778482], [-77.86504, -1.772328], [-77.866568, -1.770466], [-77.869973, -1.771175], [-77.871999, -1.76973], [-77.871894, -1.764495], [-77.868958, -1.756172], [-77.871738, -1.755216], [-77.875107, -1.760628], [-77.879988, -1.764767], [-77.88358, -1.764758], [-77.885209, -1.762079], [-77.886967, -1.750566], [-77.879966, -1.743958], [-77.883095, -1.730396], [-77.881157, -1.721702], [-77.882045, -1.70996]]]]}}, {"type": "Feature", "id": "LOJA", "properties": {"codigo": "11", "nombre": "LOJA", "centroide_lon": -79.65623, "centroide_lat": -4.09026}, "geometry": {"type": "MultiPolygon", "coordinates": [[[[-79.751212, -4.483557], [-79.754932, -4.48206], [-79.76013, -4.486667], [-79.774133, -4.487922], [-79.792338, -4.493834], [-79.796865, -4.492684], [-79.797102, -4.489855], [-79.799156, -4.488709], [-79.811719, -4.491276], [-79.814171, -4.490625], [-79.817127, -4.484986], [-79.820166, -4.484794], [-79.823519, -4.480249], [-79.828783, -4.47748], [-79.832965, -4.470741], [-79.836632, -4.470706], [-79.836963, -4.468487], [-79.840174, -4.468086], [-79.843093, -4.461214], [-79.85305, -4.451928], [-79.854594, -4.447666], [-79.85367, -4.444445], [-79.854875, -4.44381], [-79.853681, -4.43508], [-79.857301, -4.433168], [-79.859477, -4.427511], [-79.863062, -4.426674], [-79.863602, -4.42092], [-79.870304, -4.414128], [-79.883747, -4.410454], [-79.885991, -4.406466], [-79.890397, -4.402937], [-79.900279, -4.399152], [-79.904856, -4.394136], [-79.910539, -4.392517], [-79.912037, -4.390033], [-79.916666, -4.388749], [-79.919389, -4.385861], [-79.928724, -4.393736], [-79.935291, -4.395856], [-79.943596, -4.396437], [-79.952263, -4.391441], [-79.959298, -4.395552], [-79.962181, -4.395513], [-79.965331, -4.390826], [-79.972603, -4.38726], [-79.973194, -4.384404], [-79.977461, -4.37933], [-79.979061, -4.378902], [-79.981614, -4.3809], [-79.991937, -4.380682], [-79.995431, -4.375965], [-80.000596, -4.374284], [-80.008871, -4.368883], [-80.010671, -4.362424], [-80.013624, -4.361342], [-80.014208, -4.357257], [-80.018946, -4.356579], [-80.026222, -4.352589], [-80.02964, -4.34872], [-80.034806, -4.348962], [-80.035477, -4.34538], [-80.039122, -4.342587], [-80.04045, -4.335805], [-80.05211, -4.330582], [-80.05449, -4.327946], [-80.054509, -4.321913], [-80.058817, -4.31868], [-80.058952, -4.315031], [-80.061553, -4.310476], [-80.070934, -4.308481], [-80.072399, -4.30965], [-80.074386, -4.306933], [-80.083642, -4.30195], [-80.0918, -4.30113], [-80.092333, -4.29919], [-80.09485, -4.298896], [-80.097165, -4.294481], [-80.101733, -4.294144], [-80.104205, -4.291356], [-80.108611, -4.293269], [-80.107392, -4.297254], [-80.108428, -4.298625], [-80.114082, -4.297665], [-80.117212, -4.294871], [-80.119737, -4.296282], [-80.122706, -4.294402], [-80.135868, -4.296472], [-80.138996, -4.293162], [-80.134826, -4.290152], [-80.135418, -4.285592], [-80.139704, -4.287056], [-80.143777, -4.28635], [-80.150212, -4.297408], [-80.153614, -4.298736], [-80.15426, -4.302788], [-80.156185, -4.304321], [-80.165812, -4.301461], [-80.165805, -4.291051], [-80.169358, -4.289452], [-80.171498, -4.290123], [-80.17924, -4.300126], [-80.179009, -4.303645], [-80.18133, -4.310006], [-80.185905, -4.317102], [-80.186041, -4.334853], [-80.197886, -4.337117], [-80.203644, -4.335719], [-80.206362, -4.340524], [-80.204833, -4.342134], [-80.200434, -4.342059], [-80.19793, -4.343639], [-80.195332, -4.347433], [-80.195099, -4.350326], [-80.198975, -4.351658], [-80.204371, -4.349568], [-80.210592, -4.352027], [-80.21122, -4.354471], [-80.208628, -4.356659], [-80.211836, -4.359077], [-80.216088, -4.35392], [-80.218713, -4.353329], [-80.219605, -4.357692], [-80.217229, -4.365201], [-80.223964, -4.369981], [-80.221085, -4.371842], [-80.220126, -4.376246], [-80.225322, -4.379901], [-80.227304, -4.377353], [-80.227577, -4.373904], [-80.230326, -4.37232], [-80.232271, -4.372943], [-80.233207, -4.379586], [-80.236641, -4.386889], [-80.245802, -4.39048], [-80.249323, -4.394662], [-80.247631, -4.39942], [-80.258875, -4.403906], [-80.261217, -4.406511], [-80.262601, -4.411614], [-80.266882, -4.411134], [-80.27498, -4.40385], [-80.278087, -4.404736], [-80.279887, -4.408134], [-80.285026, -4.408116], [-80.286828, -4.410751], [-80.287109, -4.417268], [-80.293042, -4.420245], [-80.295614, -4.4256], [-80.290788, -4.432468], [-80.290972, -4.435144], [-80.302963, -4.441205], [-80.307842, -4.449519], [-80.313285, -4.452622], [-80.322015, -4.453163], [-80.324169, -4.456215], [-80.32489, -4.460745], [-80.329219, -4.464394], [-80.340407, -4.466957], [-80.351905, -4.472679], [-80.356874, -4.473202], [-80.362733, -4.479723], [-80.381907, -4.47736], [-80.387832, -4.486807], [-80.392401, -4.485039], [-80.397561, -4.480606], [-80.396618, -4.475395], [-80.401889, -4.470194], [-80.406259, -4.468823], [-80.407227, -4.466435], [-80.411667, -4.463745], [-80.4144, -4.463866], [-80.41714, -4.45956], [-80.419559, -4.460078], [-80.418735, -4.465973], [-80.420129, -4.466455], [-80.425625, -4.462828], [-80.42516, -4.459144], [-80.440283, -4.455389], [-80.444176, -4.445938], [-80.449522, -4.447732], [-80.447793, -4.444323], [-80.44972, -4.442839], [-80.445455, -4.438658], [-80.449896, -4.437508], [-80.448846, -4.432642], [-80.452403, -4.430348], [-80.449916, -4.429461], [-80.45158, -4.426612], [-80.450185, -4.424464], [-80.451049, -4.420481], [-80.449044, -4.419462], [-80.454185, -4.407959], [-80.447585, -4.403239], [-80.45229, -4.398343], [-80.450652, -4.393482], [-80.448804, -4.393329], [-80.448106, -4.396001], [-80.445799, -4.393408], [-80.44911, -4.392411], [-80.453807, -4.388338], [-80.453205, -4.382008], [-80.445308, -4.370957], [-80.445737, -4.367649], [-80.43532, -4.361752], [-80.432636, -4.35229], [-80.429351, -4.351621], [-80.430092, -4.343552], [-80.426722, -4.335795], [-80.423887, -4.33293], [-80.424244, -4.330369], [-80.420219, -4.329312], [-80.412782, -4.319449], [-80.412266, -4.316786], [-80.406802, -4.312986], [-80.404845, -4.30905], [-80.399427, -4.305884], [-80.397477, -4.301834], [-80.391178, -4.298827], [-80.391274, -4.295366], [-80.387688, -4.295771], [-80.385612, -4.29132], [-80.379767, -4.290781], [-80.372441, -4.284422], [-80.367736, -4.282208], [-80.367754, -4.27008], [-80.358102, -4.262174], [-80.355098, -4.262013], [-80.355723, -4.261115], [-80.352649, -4.25831], [-80.354067, -4.257495], [-80.351166, -4.249933], [-80.342642, -4.242646], [-80.342039, -4.239223], [-80.340372, -4.23956], [-80.340112, -4.237546], [-80.337246, -4.235667], [-80.337456, -4.233077], [-80.333747, -4.2302], [-80.329375, -4.222994], [-80.327383, -4.22263], [-80.323905, -4.217292], [-80.320949, -4.215023], [-80.320476, -4.216217], [-80.312132, -4.208886], [-80.306374, -4.200105], [-80.312879, -4.197549], [-80.317789, -4.204983], [-80.325371, -4.208891], [-80.329689, -4.214531], [-80.332836, -4.214306], [-80.333916, -4.212483], [-80.335995, -4.213002], [-80.339221, -4.208987], [-80.341397, -4.2088], [-80.342586, -4.211175], [-80.34414, -4.210578], [-80.347165, -4.212259], [-80.347196, -4.217721], [-80.35033, -4.217945], [-80.353481, -4.220883], [-80.355447, -4.216127], [-80.357398, -4.215647], [-80.360263, -4.21019], [-80.365229, -4.206077], [-80.364025, -4.203799], [-80.364517, -4.200088], [-80.367884, -4.196849], [-80.372056, -4.197545], [-80.378434, -4.204609], [-80.383058, -4.207399], [-80.387967, -4.202037], [-80.409447, -4.218193], [-80.410563, -4.215411], [-80.416137, -4.211776], [-80.419025, -4.20236], [-80.426119, -4.199758], [-80.431648, -4.195576], [-80.435707, -4.196448], [-80.443879, -4.201601], [-80.445563, -4.207215], [-80.449143, -4.20885], [-80.449071, -4.129054], [-80.450479, -4.12842], [-80.447281, -4.121005], [-80.449074, -4.120359], [-80.451739, -4.124906], [-80.457402, -4.123982], [-80.463731, -4.129034], [-80.465857, -4.128836], [-80.468041, -4.126431], [-80.463579, -4.120298], [-80.464982, -4.11385], [-80.476917, -4.102779], [-80.478096, -4.095723], [-80.481785, -4.094371], [-80.482065, -4.088008], [-80.486296, -4.082855], [-80.484629, -4.079483], [-80.475456, -4.08131], [-80.471747, -4.074263], [-80.476798, -4.067439], [-80.474792, -4.058794], [-80.481612, -4.056761], [-80.482324, -4.054938], [-80.476929, -4.050354], [-80.470935, -4.048313], [-80.467985, -4.034095], [-80.463881, -4.035255], [-80.457218, -4.034599], [-80.450907, -4.030951], [-80.451921, -4.023135], [-80.456051, -4.020161], [-80.456461, -4.017151], [-80.45494, -4.015887], [-80.445853, -4.015948], [-80.44814, -4.009527], [-80.441177, -4.005792], [-80.445423, -4.002666], [-80.446798, -3.997151], [-80.439497, -3.994696], [-80.436053, -3.991758], [-80.428719, -3.989718], [-80.426854, -3.995428], [-80.424957, -3.996621], [-80.42072, -3.991026], [-80.412028, -3.99141], [-80.402011, -3.982645], [-80.39819, -3.981164], [-80.397211, -3.983495], [-80.392971, -3.985537], [-80.389976, -3.988951], [-80.383896, -3.987723], [-80.376936, -3.989759], [-80.37502, -3.989304], [-80.372205, -3.984728], [-80.366075, -3.981689], [-80.359578, -3.985533], [-80.355877, -3.992778], [-80.352781, -3.99492], [-80.342685, -3.99578], [-80.341349, -3.992984], [-80.338863, -3.992315], [-80.333284, -3.999046], [-80.328866, -4.000874], [-80.328516, -4.006196], [-80.324193, -4.011027], [-80.309546, -4.011962], [-80.299783, -4.017186], [-80.295352, -4.015901], [-80.289069, -4.011136], [-80.284339, -4.012622], [-80.279808, -4.00908], [-80.272462, -4.007905], [-80.267126, -4.002103], [-80.262308, -3.999374], [-80.260054, -3.9941], [-80.256612, -3.990574], [-80.254841, -3.980292], [-80.250744, -3.978139], [-80.247352, -3.969742], [-80.241811, -3.968338], [-80.240901, -3.965615], [-80.236538, -3.962563], [-80.236869, -3.961027], [-80.240406, -3.960766], [-80.240992, -3.958186], [-80.240138, -3.955558], [-80.23609, -3.953568], [-80.234693, -3.948198], [-80.232626, -3.948724], [-80.229717, -3.954269], [-80.220345, -3.9515], [-80.217719, -3.95329], [-80.218713, -3.956552], [-80.216564, -3.956616], [-80.21168, -3.951326], [-80.207974, -3.95137], [-80.198686, -3.946026], [-80.187686, -3.936304], [-80.185342, -3.931448], [-80.186266, -3.928964], [-80.184076, -3.927002], [-80.179614, -3.924871], [-80.172413, -3.925648], [-80.164455, -3.921779], [-80.161553, -3.919398], [-80.158693, -3.912993], [-80.148776, -3.913824], [-80.139883, -3.912539], [-80.139192, -3.907384], [-80.1334, -3.903935], [-80.133786, -3.900059], [-80.12683, -3.895285], [-80.129043, -3.889831], [-80.122884, -3.885635], [-80.118035, -3.886262], [-80.111967, -3.884162], [-80.109627, -3.88891], [-80.1071, -3.889721], [-80.105418, -3.88864], [-80.106403, -3.884894], [-80.104136, -3.883502], [-80.101563, -3.88719], [-80.084749, -3.882787], [-80.077333, -3.883636], [-80.070227, -3.87892], [-80.068168, -3.881395], [-80.063408, -3.882172], [-80.060987, -3.880191], [-80.056044, -3.880937], [-80.052683, -3.879562], [-80.049216, -3.874994], [-80.041805, -3.872537], [-80.038445, -3.872131], [-80.03311, -3.874046], [-80.019329, -3.867236], [-80.011558, -3.867854], [-80.009227, -3.86538], [-80.008152, -3.859041], [-79.997836, -3.85598], [-79.992668, -3.847457], [-79.985193, -3.841704], [-79.979411, -3.84252], [-79.976019, -3.838047], [-79.970319, -3.838757], [-79.966631, -3.83228], [-79.963008, -3.832683], [-79.954457, -3.828342], [-79.942719, -3.83219], [-79.93628, -3.83222], [-79.933139, -3.830912], [-79.931274, -3.826101], [-79.926324, -3.825829], [-79.924586, -3.828316], [-79.919628, -3.825635], [-79.917372, -3.827877], [-79.914074, -3.826952], [-79.915501, -3.824578], [-79.914117, -3.823417], [-79.911889, -3.824178], [-79.911837, -3.827285], [-79.908722, -3.828486], [-79.905493, -3.826884], [-79.902592, -3.828286], [-79.895505, -3.826851], [-79.893459, -3.829772], [-79.891501, -3.826222], [-79.885704, -3.824104], [-79.879865, -3.82616], [-79.875784, -3.825642], [-79.872919, -3.821328], [-79.86698, -3.82239], [-79.864241, -3.82036], [-79.860247, -3.823641], [-79.855192, -3.823924], [-79.845011, -3.827885], [-79.839112, -3.831966], [-79.832567, -3.833253], [-79.830201, -3.837671], [-79.819507, -3.840399], [-79.807481, -3.835422], [-79.805473, -3.838854], [-79.802739, -3.840108], [-79.801816, -3.845021], [-79.79556, -3.84454], [-79.791595, -3.845949], [-79.785534, -3.844514], [-79.776232, -3.837336], [-79.771382, -3.8391], [-79.76693, -3.838719], [-79.756894, -3.834577], [-79.752215, -3.834937], [-79.745891, -3.831462], [-79.737667, -3.834357], [-79.731082, -3.832672], [-79.728499, -3.830586], [-79.724545, -3.832327], [-79.714375, -3.828147], [-79.706143, -3.822347], [-79.705661, -3.819075], [-79.704205, -3.818841], [-79.701724, -3.813699], [-79.698756, -3.812672], [-79.697135, -3.808271], [-79.694697, -3.807479], [-79.695418, -3.805636], [-79.693202, -3.802679], [-79.68961, -3.801785], [-79.685468, -3.796727], [-79.68736, -3.79472], [-79.685369, -3.793426], [-79.685133, -3.784395], [-79.682158, -3.782705], [-79.680301, -3.778887], [-79.67312, -3.777953], [-79.671228, -3.776302], [-79.670721, -3.773163], [-79.664299, -3.771484], [-79.662309, -3.769327], [-79.657258, -3.774277], [-79.653905, -3.77228], [-79.647438, -3.771279], [-79.644943, -3.767079], [-79.641166, -3.765026], [-79.632736, -3.763671], [-79.632454, -3.760784], [-79.629759, -3.757326], [-79.626943, -3.75753], [-79.62539, -3.756112], [-79.625379, -3.753697], [-79.62356, -3.754056], [-79.618526, -3.750074], [-79.607207, -3.75239], [-79.605545, -3.751298], [-79.606312, -3.754266], [-79.604938, -3.754689], [-79.605487, -3.757733], [-79.602465, -3.762039], [-79.602291, -3.765224], [-79.597436, -3.769614], [-79.598264, -3.770526], [-79.596858, -3.77404], [-79.595322, -3.774386], [-79.591942, -3.780465], [-79.58964, -3.782371], [-79.589149, -3.78139], [-79.583874, -3.790695], [-79.576734, -3.793635], [-79.575582, -3.797073], [-79.573095, -3.795616], [-79.568114, -3.798467], [-79.568435, -3.800167], [-79.566061, -3.802387], [-79.565038, -3.800963], [-79.562757, -3.802222], [-79.560257, -3.801588], [-79.559128, -3.803196], [-79.554997, -3.800814], [-79.551541, -3.802028], [-79.549469, -3.797762], [-79.543962, -3.798556], [-79.541531, -3.796705], [-79.537335, -3.796844], [-79.533329, -3.79278], [-79.529134, -3.792784], [-79.516607, -3.78824], [-79.512433, -3.78938], [-79.511821, -3.792485], [-79.509195, -3.794234], [-79.500458, -3.789535], [-79.493388, -3.795891], [-79.492604, -3.801036], [-79.48902, -3.80305], [-79.484921, -3.80147], [-79.478799, -3.802525], [-79.474713, -3.801652], [-79.465998, -3.805966], [-79.462421, -3.809373], [-79.458612, -3.809281], [-79.455688, -3.812102], [-79.448938, -3.813054], [-79.446562, -3.811487], [-79.444062, -3.812822], [-79.444434, -3.811504], [-79.441844, -3.808418], [-79.436113, -3.806913], [-79.432625, -3.802185], [-79.429789, -3.801054], [-79.428794, -3.794273], [-79.426228, -3.792052], [-79.413843, -3.786892], [-79.406403, -3.786003], [-79.405064, -3.782727], [-79.405282, -3.772539], [-79.402967, -3.767241], [-79.405092, -3.755456], [-79.403162, -3.753101], [-79.407656, -3.744508], [-79.407141, -3.741331], [-79.410051, -3.739085], [-79.410816, -3.733077], [-79.415979, -3.725694], [-79.410645, -3.718445], [-79.40592, -3.717153], [-79.405905, -3.715233], [-79.402558, -3.712746], [-79.401598, -3.709812], [-79.39737, -3.708078], [-79.390348, -3.707876], [-79.387407, -3.704281], [-79.383581, -3.702365], [-79.378786, -3.696225], [-79.369246, -3.672332], [-79.368186, -3.667967], [-79.369792, -3.663012], [-79.36634, -3.660107], [-79.366116, -3.655511], [-79.367959, -3.648179], [-79.37118, -3.646804], [-79.371135, -3.640968], [-79.372498, -3.638045], [-79.377898, -3.632778], [-79.380294, -3.628068], [-79.383665, -3.625959], [-79.386961, -3.625816], [-79.391292, -3.621848], [-79.391873, -3.612423], [-79.393373, -3.61283], [-79.395884, -3.610311], [-79.415612, -3.606997], [-79.422365, -3.588552], [-79.420874, -3.588322], [-79.420649, -3.583631], [-79.428073, -3.578944], [-79.431606, -3.579773], [-79.435472, -3.587117], [-79.43912, -3.588564], [-79.442122, -3.593087], [-79.447617, -3.597123], [-79.447828, -3.604712], [-79.449482, -3.606618], [-79.452455, -3.607606], [-79.455525, -3.611211], [-79.459571, -3.612156], [-79.467932, -3.618965], [-79.472733, -3.620801], [-79.474185, -3.624164], [-79.480241, -3.629766], [-79.479595, -3.632943], [-79.482508, -3.636238], [-79.487328, -3.638051], [-79.490554, -3.635933], [-79.489509, -3.628918], [-79.492183, -3.624009], [-79.490847, -3.621578], [-79.498654, -3.609606], [-79.496261, -3.603525], [-79.492458, -3.599465], [-79.491934, -3.596426], [-79.488518, -3.59212], [-79.485126, -3.591387], [-79.482418, -3.58843], [-79.482793, -3.586196], [-79.47908, -3.580792], [-79.480126, -3.572181], [-79.477421, -3.567732], [-79.481987, -3.561505], [-79.480526, -3.553453], [-79.482605, -3.540592], [-79.474138, -3.526955], [-79.475246, -3.526068], [-79.474833, -3.522989], [-79.478983, -3.520453], [-79.48126, -3.514007], [-79.470559, -3.505172], [-79.469496, -3.50283], [-79.467301, -3.501414], [-79.464611, -3.502083], [-79.459246, -3.498687], [-79.458156, -3.494118], [-79.451492, -3.483947], [-79.446691, -3.481094], [-79.443728, -3.469655], [-79.439054, -3.466868], [-79.43598, -3.466881], [-79.434508, -3.464755], [-79.429697, -3.464097], [-79.429961, -3.461053], [-79.425669, -3.456394], [-79.426444, -3.451262], [-79.42449, -3.444891], [-79.422029, -3.443718], [-79.426284, -3.438142], [-79.431069, -3.437841], [-79.431706, -3.432053], [-79.433857, -3.429656], [-79.461284, -3.431485], [-79.461501, -3.422677], [-79.46841, -3.413537], [-79.468826, -3.404637], [-79.474704, -3.398227], [-79.471527, -3.3907], [-79.471513, -3.38223], [-79.46812, -3.366525], [-79.468869, -3.36105], [-79.467345, -3.360355], [-79.466519, -3.355887], [-79.463604, -3.35449], [-79.460365, -3.346677], [-79.460021, -3.343212], [-79.46155, -3.340842], [-79.460599, -3.337838], [-79.462619, -3.336411], [-79.462622, -3.33316], [-79.461519, -3.330171], [-79.455489, -3.329474], [-79.452027, -3.330377], [-79.447887, -3.334772], [-79.436222, -3.337875], [-79.433377, -3.34222], [-79.428906, -3.344024], [-79.42315, -3.341649], [-79.417259, -3.341885], [-79.41555, -3.344244], [-79.408994, -3.342657], [-79.404137, -3.345174], [-79.394986, -3.346939], [-79.390114, -3.345738], [-79.381648, -3.346702], [-79.377264, -3.349454], [-79.371981, -3.34438], [-79.367142, -3.345376], [-79.364375, -3.343442], [-79.355402, -3.343376], [-79.350208, -3.338789], [-79.346259, -3.341691], [-79.340825, -3.342844], [-79.334184, -3.339846], [-79.331493, -3.341987], [-79.332006, -3.34423], [-79.330168, -3.348443], [-79.323898, -3.349394], [-79.315436, -3.353423], [-79.312271, -3.351831], [-79.31212, -3.354916], [-79.305423, -3.357338], [-79.303736, -3.359826], [-79.304522, -3.361202], [-79.301726, -3.363838], [-79.300796, -3.366477], [-79.302415, -3.368704], [-79.301048, -3.376795], [-79.304829, -3.383671], [-79.305527, -3.391101], [-79.308832, -3.394036], [-79.308321, -3.400168], [-79.304492, -3.404872], [-79.300709, -3.40507], [-79.299611, -3.406788], [-79.301072, -3.41141], [-79.302673, -3.412292], [-79.301418, -3.416808], [-79.303877, -3.418478], [-79.30289, -3.420085], [-79.303577, -3.428362], [-79.301225, -3.433368], [-79.302038, -3.43585], [-79.29943, -3.43701], [-79.29955, -3.439247], [-79.296444, -3.441469], [-79.29762, -3.444903], [-79.294816, -3.449196], [-79.295841, -3.451057], [-79.293174, -3.451553], [-79.28971, -3.457692], [-79.29051, -3.460636], [-79.288269, -3.462354], [-79.289163, -3.466945], [-79.286203, -3.467039], [-79.284382, -3.46885], [-79.281794, -3.468314], [-79.281547, -3.471911], [-79.276788, -3.476632], [-79.272234, -3.474226], [-79.270892, -3.476512], [-79.2674, -3.476252], [-79.265953, -3.477669], [-79.263634, -3.476241], [-79.25677, -3.47587], [-79.253836, -3.472146], [-79.246811, -3.468089], [-79.242968, -3.468496], [-79.24064, -3.466053], [-79.235121, -3.464913], [-79.23146, -3.462465], [-79.228243, -3.464932], [-79.226788, -3.462663], [-79.222337, -3.462422], [-79.220872, -3.460378], [-79.221447, -3.458125], [-79.217803, -3.454491], [-79.213035, -3.455103], [-79.208574, -3.448963], [-79.194705, -3.445883], [-79.18985, -3.439741], [-79.18343, -3.439149], [-79.181236, -3.440781], [-79.179801, -3.446284], [-79.179708, -3.457279], [-79.176604, -3.461614], [-79.175999, -3.46747], [-79.167754, -3.46829], [-79.16591, -3.470979], [-79.161184, -3.470359], [-79.158423, -3.475586], [-79.156926, -3.475664], [-79.159377, -3.480086], [-79.158302, -3.487753], [-79.156035, -3.489059], [-79.15901, -3.498849], [-79.158873, -3.504221], [-79.154724, -3.505904], [-79.151527, -3.514212], [-79.143769, -3.52088], [-79.141838, -3.524817], [-79.136178, -3.527637], [-79.136773, -3.533568], [-79.133125, -3.540561], [-79.135981, -3.545011], [-79.134481, -3.551024], [-79.139445, -3.557706], [-79.139926, -3.567897], [-79.137189, -3.578621], [-79.133132, -3.580301], [-79.135468, -3.584089], [-79.134121, -3.586618], [-79.135605, -3.591847], [-79.133033, -3.592881], [-79.133448, -3.5984], [-79.1311, -3.601235], [-79.125409, -3.600085], [-79.117977, -3.601504], [-79.118285, -3.60502], [-79.117064, -3.605193], [-79.11723, -3.608367], [-79.115137, -3.611881], [-79.109579, -3.612699], [-79.105598, -3.616979], [-79.106689, -3.621595], [-79.105028, -3.625957], [-79.10276, -3.627097], [-79.097596, -3.625131], [-79.095135, -3.624993], [-79.100573, -3.628786], [-79.107851, -3.631019], [-79.110477, -3.63362], [-79.11107, -3.636808], [-79.107964, -3.639889], [-79.105547, -3.646145], [-79.1064, -3.647905], [-79.117274, -3.649284], [-79.12055, -3.653291], [-79.12038, -3.654846], [-79.123928, -3.654865], [-79.130086, -3.657594], [-79.13101, -3.660619], [-79.138365, -3.661489], [-79.141198, -3.666386], [-79.143508, -3.66542], [-79.146865, -3.659448], [-79.157673, -3.663082], [-79.157061, -3.668976], [-79.158315, -3.670988], [-79.156271, -3.67821], [-79.157982, -3.682613], [-79.154353, -3.685172], [-79.15538, -3.686253], [-79.154149, -3.692551], [-79.154912, -3.696701], [-79.158101, -3.69918], [-79.156678, -3.70419], [-79.16049, -3.707324], [-79.161472, -3.714967], [-79.17632, -3.711043], [-79.17905, -3.713984], [-79.183405, -3.714567], [-79.184297, -3.717804], [-79.194378, -3.722133], [-79.19614, -3.726027], [-79.195242, -3.73117], [-79.191933, -3.732017], [-79.191111, -3.735264], [-79.193398, -3.736369], [-79.194621, -3.740079], [-79.190173, -3.745719], [-79.189309, -3.74859], [-79.191026, -3.75013], [-79.190528, -3.752279], [-79.186094, -3.75491], [-79.183658, -3.760965], [-79.17899, -3.765594], [-79.179582, -3.768017], [-79.178075, -3.770557], [-79.179144, -3.773597], [-79.176917, -3.777315], [-79.1779, -3.780338], [-79.176604, -3.780629], [-79.175347, -3.784553], [-79.176639, -3.794244], [-79.173705, -3.796381], [-79.170254, -3.802163], [-79.160369, -3.804835], [-79.161093, -3.81081], [-79.156815, -3.816368], [-79.156991, -3.818472], [-79.143018, -3.822099], [-79.142333, -3.833606], [-79.13985, -3.839053], [-79.141231, -3.842532], [-79.140269, -3.847152], [-79.143333, -3.849315], [-79.145422, -3.856279], [-79.144516, -3.858094], [-79.136253, -3.863177], [-79.129573, -3.878157], [-79.132015, -3.884519], [-79.129102, -3.889791], [-79.136311, -3.898499], [-79.14341, -3.902577], [-79.144187, -3.911183], [-79.143188, -3.915995], [-79.145254, -3.922113], [-79.148322, -3.92521], [-79.147543, -3.930384], [-79.148614, -3.932837], [-79.145506, -3.933271], [-79.142097, -3.936661], [-79.14357, -3.939457], [-79.142965, -3.943073], [-79.139486, -3.949942], [-79.146379, -3.95418], [-79.147318, -3.959583], [-79.151463, -3.96374], [-79.149211, -3.967765], [-79.142948, -3.973536], [-79.144346, -3.975504], [-79.143807, -3.979654], [-79.145555, -3.984668], [-79.144295, -3.985779], [-79.145392, -3.989091], [-79.144562, -3.990808], [-79.146188, -3.991031], [-79.147844, -3.994917], [-79.144912, -4.001643], [-79.144526, -4.013548], [-79.146079, -4.017826], [-79.141015, -4.029963], [-79.137597, -4.032317], [-79.136388, -4.035818], [-79.14252, -4.049415], [-79.13991, -4.056611], [-79.144822, -4.061714], [-79.153566, -4.066719], [-79.155704, -4.075954], [-79.154282, -4.081829], [-79.156811, -4.088664], [-79.161122, -4.094595], [-79.160434, -4.099959], [-79.162739, -4.11485], [-79.159346, -4.121043], [-79.159114, -4.126574], [-79.157148, -4.128706], [-79.160124, -4.134077], [-79.157282, -4.139152], [-79.156984, -4.145446], [-79.157997, -4.1512], [-79.159974, -4.153312], [-79.155871, -4.15512], [-79.151016, -4.160462], [-79.143886, -4.163005], [-79.140173, -4.163457], [-79.134793, -4.161309], [-79.126128, -4.168077], [-79.125332, -4.17207], [-79.121376, -4.177414], [-79.111829, -4.181727], [-79.107937, -4.185015], [-79.104766, -4.195645], [-79.106569, -4.206505], [-79.100567, -4.20926], [-79.108982, -4.224644], [-79.106833, -4.228941], [-79.107344, -4.238578], [-79.105513, -4.243961], [-79.10749, -4.248725], [-79.105382, -4.252558], [-79.105807, -4.26012], [-79.107611, -4.264906], [-79.11473, -4.267402], [-79.11204, -4.277946], [-79.10842, -4.280679], [-79.106159, -4.289238], [-79.109031, -4.294173], [-79.112262, -4.296128], [-79.114501, -4.302268], [-79.121012, -4.308236], [-79.119918, -4.31298], [-79.113201, -4.319489], [-79.113094, -4.328975], [-79.108955, -4.33398], [-79.111262, -4.338441], [-79.115706, -4.34101], [-79.112043, -4.347748], [-79.111121, -4.356351], [-79.107419, -4.35871], [-79.108348, -4.363105], [-79.107345, -4.365191], [-79.111362, -4.368603], [-79.10936, -4.38016], [-79.115341, -4.390436], [-79.111974, -4.396867], [-79.111362, -4.406732], [-79.116207, -4.412746], [-79.118409, -4.424129], [-79.119944, -4.426126], [-79.131377, -4.427605], [-79.134509, -4.430788], [-79.141737, -4.432396], [-79.145848, -4.440265], [-79.14492, -4.445008], [-79.146655, -4.447817], [-79.159118, -4.451748], [-79.160897, -4.457045], [-79.160068, -4.459033], [-79.165523, -4.470085], [-79.166371, -4.47554], [-79.169675, -4.475573], [-79.171191, -4.47268], [-79.177014, -4.474719], [-79.181524, -4.478678], [-79.18609, -4.477447], [-79.189326, -4.474256], [-79.198241, -4.482197], [-79.200911, -4.485612], [-79.198146, -4.492589], [-79.199539, -4.498227], [-79.203046, -4.498968], [-79.205559, -4.505154], [-79.20818, -4.506502], [-79.208836, -4.510542], [-79.210647, -4.510924], [-79.220432, -4.504369], [-79.219674, -4.496827], [-79.224033, -4.492973], [-79.229136, -4.490503], [-79.232667, -4.489847], [-79.234213, -4.490893], [-79.238959, -4.486847], [-79.248288, -4.482602], [-79.255846, -4.484212], [-79.260912, -4.488093], [-79.263275, -4.488088], [-79.269193, -4.480343], [-79.271426, -4.473773], [-79.279851, -4.473132], [-79.286272, -4.477562], [-79.291421, -4.479089], [-79.296506, -4.492634], [-79.303523, -4.494627], [-79.303129, -4.499705], [-79.310495, -4.50344], [-79.315348, -4.510335], [-79.318706, -4.507862], [-79.327494, -4.509317], [-79.327236, -4.515741], [-79.32895, -4.521797], [-79.327281, -4.527427], [-79.327829, -4.53179], [-79.33248, -4.541206], [-79.334326, -4.541982], [-79.337263, -4.547294], [-79.335373, -4.550098], [-79.335316, -4.556046], [-79.333392, -4.559075], [-79.333926, -4.56268], [-79.329348, -4.567158], [-79.329167, -4.573442], [-79.327416, -4.577729], [-79.329417, -4.584838], [-79.33148, -4.586978], [-79.330795, -4.59739], [-79.333278, -4.606093], [-79.34105, -4.616782], [-79.353114, -4.625095], [-79.353544, -4.637801], [-79.356445, -4.641289], [-79.359257, -4.649496], [-79.37093, -4.655457], [-79.375888, -4.653752], [-79.378208, -4.657314], [-79.380718, -4.65698], [-79.381629, -4.664143], [-79.384992, -4.668832], [-79.389801, -4.670903], [-79.390429, -4.674745], [-79.394755, -4.678897], [-79.39648, -4.687995], [-79.392851, -4.694483], [-79.400699, -4.708398], [-79.399132, -4.713639], [-79.39986, -4.716723], [-79.39832, -4.718365], [-79.402603, -4.722385], [-79.411135, -4.721017], [-79.41257, -4.719346], [-79.415973, -4.724579], [-79.418833, -4.725246], [-79.418356, -4.733859], [-79.421466, -4.738077], [-79.424443, -4.746423], [-79.427422, -4.747279], [-79.432721, -4.734313], [-79.434842, -4.733644], [-79.437326, -4.728398], [-79.44631, -4.720553], [-79.457494, -4.701439], [-79.457997, -4.695252], [-79.456744, -4.692321], [-79.458447, -4.691009], [-79.459364, -4.687115], [-79.458319, -4.680355], [-79.459093, -4.677099], [-79.46128, -4.676268], [-79.461642, -4.670979], [-79.460207, -4.666766], [-79.462712, -4.663663], [-79.462532, -4.660108], [-79.464806, -4.659514], [-79.462867, -4.654484], [-79.463343, -4.651931], [-79.466473, -4.646449], [-79.469431, -4.644397], [-79.469585, -4.64071], [-79.474381, -4.636], [-79.476828, -4.635906], [-79.477738, -4.633481], [-79.480806, -4.631937], [-79.481661, -4.628852], [-79.486132, -4.62806], [-79.488407, -4.624769], [-79.487144, -4.617725], [-79.489931, -4.608823], [-79.488843, -4.60691], [-79.490211, -4.602168], [-79.489257, -4.595451], [-79.494417, -4.581045], [-79.492484, -4.577089], [-79.488745, -4.576413], [-79.481518, -4.572171], [-79.480063, -4.572755], [-79.47688, -4.568265], [-79.478946, -4.566661], [-79.477925, -4.563899], [-79.483222, -4.554644], [-79.483128, -4.547603], [-79.4854, -4.542624], [-79.484779, -4.536555], [-79.487272, -4.533935], [-79.48915, -4.527417], [-79.495792, -4.524127], [-79.496099, -4.520928], [-79.502016, -4.520009], [-79.503399, -4.518317], [-79.504952, -4.518639], [-79.505155, -4.516924], [-79.510343, -4.518078], [-79.511642, -4.516037], [-79.513928, -4.516198], [-79.516347, -4.520516], [-79.519163, -4.52254], [-79.520308, -4.521381], [-79.521511, -4.522451], [-79.520659, -4.525901], [-79.524413, -4.52487], [-79.526716, -4.529477], [-79.530535, -4.525543], [-79.544203, -4.525872], [-79.543799, -4.520349], [-79.548692, -4.516863], [-79.550011, -4.513915], [-79.559202, -4.512378], [-79.561223, -4.515352], [-79.563874, -4.512376], [-79.563368, -4.508128], [-79.564698, -4.507509], [-79.568098, -4.509592], [-79.567715, -4.505186], [-79.570398, -4.501794], [-79.574849, -4.504034], [-79.57844, -4.499057], [-79.581057, -4.497928], [-79.579938, -4.49542], [-79.5821, -4.490518], [-79.579615, -4.487648], [-79.589145, -4.479376], [-79.589571, -4.476494], [-79.592542, -4.475396], [-79.591525, -4.468689], [-79.594421, -4.469038], [-79.598551, -4.466944], [-79.596559, -4.461117], [-79.601415, -4.460323], [-79.600286, -4.456352], [-79.608401, -4.457309], [-79.608527, -4.455086], [-79.611784, -4.454524], [-79.610563, -4.450945], [-79.615311, -4.450642], [-79.617136, -4.445692], [-79.628617, -4.439214], [-79.641204, -4.436465], [-79.644227, -4.43349], [-79.648201, -4.436572], [-79.655377, -4.434186], [-79.661817, -4.441491], [-79.665612, -4.440447], [-79.666934, -4.443227], [-79.670626, -4.443495], [-79.673751, -4.447629], [-79.677715, -4.447606], [-79.679721, -4.449868], [-79.68209, -4.44779], [-79.685012, -4.451703], [-79.688017, -4.452721], [-79.689017, -4.458284], [-79.694389, -4.461992], [-79.700682, -4.463822], [-79.706803, -4.471702], [-79.710178, -4.471672], [-79.711881, -4.470106], [-79.715147, -4.471591], [-79.716222, -4.468952], [-79.718784, -4.467987], [-79.721898, -4.470251], [-79.725472, -4.469142], [-79.72697, -4.471549], [-79.736249, -4.47522], [-79.738749, -4.478202], [-79.744488, -4.478886], [-79.74514, -4.482514], [-79.751212, -4.483557]]]]}}, {"type": "Feature", "id": "CHIMBORAZO", "properties": {"codigo": "06", "nombre": "CHIMBORAZO", "centroide_lon": -78.72658, "centroide_lat": -1.9416}, "geometry": {"type": "MultiPolygon", "coordinates": [[[[-78.890365, -2.399735], [-78.895885, -2.404625], [-78.898014, -2.401803], [-78.90218, -2.40224], [-78.908322, -2.416713], [-78.912464, -2.419607], [-78.915891, -2.412004], [-78.920879, -2.411679], [-78.922835, -2.407821], [-78.927488, -2.405017], [-78.932759, -2.403698], [-78.935548, -2.405091], [-78.944128, -2.401315], [-78.950059, -2.40122], [-78.957795, -2.396516], [-78.974306, -2.39204], [-78.975953, -2.38986], [-78.97687, -2.383643], [-78.974089, -2.38023], [-78.976883, -2.377858], [-78.979608, -2.378198], [-78.98516, -2.375739], [-78.989009, -2.377405], [-78.993518, -2.375952], [-79.005631, -2.377762], [-79.009937, -2.37545], [-79.015516, -2.366565], [-79.022187, -2.363237], [-79.026833, -2.36317], [-79.028505, -2.35848], [-79.037342, -2.348529], [-79.039623, -2.34248], [-79.044787, -2.339343], [-79.044839, -2.335052], [-79.047174, -2.331256], [-79.052391, -2.329825], [-79.051097, -2.32244], [-79.058499, -2.318435], [-79.059217, -2.315408], [-79.063465, -2.314677], [-79.06561, -2.305526], [-79.062118, -2.302844], [-79.062, -2.300423], [-79.064414, -2.298946], [-79.067274, -2.300135], [-79.067173, -2.296537], [-79.070124, -2.295658], [-79.071531, -2.292006], [-79.074175, -2.292661], [-79.077471, -2.290576], [-79.081877, -2.292363], [-79.085816, -2.286929], [-79.089239, -2.28662], [-79.089032, -2.284229], [-79.090939, -2.283158], [-79.090239, -2.27796], [-79.092067, -2.266215], [-79.094457, -2.265068], [-79.100275, -2.254661], [-79.123763, -2.246524], [-79.129706, -2.243239], [-79.133948, -2.236205], [-79.133054, -2.231945], [-79.135306, -2.225677], [-79.135019, -2.217623], [-79.137169, -2.212115], [-79.155519, -2.211709], [-79.15956, -2.214324], [-79.169055, -2.215058], [-79.188927, -2.212901], [-79.194469, -2.213834], [-79.198134, -2.212395], [-79.212479, -2.212868], [-79.224018, -2.210764], [-79.232199, -2.21441], [-79.237289, -2.21482], [-79.243009, -2.219394], [-79.248622, -2.220657], [-79.254568, -2.217658], [-79.254568, -2.216228], [-79.253064, -2.210911], [-79.249626, -2.211485], [-79.248337, -2.196349], [-79.243714, -2.197794], [-79.240278, -2.195626], [-79.234777, -2.19608], [-79.230866, -2.198263], [-79.22521, -2.197741], [-79.221161, -2.199539], [-79.210968, -2.197884], [-79.208424, -2.196057], [-79.205459, -2.196532], [-79.20244, -2.194262], [-79.199524, -2.194445], [-79.192563, -2.191423], [-79.178038, -2.198753], [-79.159246, -2.203274], [-79.153023, -2.201304], [-79.125465, -2.203044], [-79.110783, -2.201367], [-79.107879, -2.199497], [-79.107429, -2.19464], [-79.103574, -2.194841], [-79.100042, -2.189762], [-79.098055, -2.189943], [-79.093328, -2.186167], [-79.08814, -2.184725], [-79.080919, -2.178356], [-79.076597, -2.169939], [-79.072356, -2.168446], [-79.071636, -2.166019], [-79.062933, -2.158036], [-79.062587, -2.155018], [-79.06013, -2.154819], [-79.054701, -2.149857], [-79.052034, -2.149827], [-79.050394, -2.144234], [-79.048423, -2.143231], [-79.049018, -2.13949], [-79.043206, -2.134066], [-79.040201, -2.128377], [-79.036719, -2.126542], [-79.035205, -2.12231], [-79.031616, -2.1182], [-79.026003, -2.10112], [-79.027971, -2.09513], [-79.025396, -2.092931], [-79.024995, -2.089606], [-79.026197, -2.088827], [-79.023675, -2.085644], [-79.022954, -2.076104], [-79.025905, -2.069944], [-79.029724, -2.068625], [-79.030422, -2.065762], [-79.032767, -2.065436], [-79.037774, -2.060343], [-79.035681, -2.057747], [-79.036348, -2.051553], [-79.033471, -2.041217], [-79.03206, -2.040214], [-79.032653, -2.03742], [-79.029754, -2.034796], [-79.030384, -2.026952], [-79.029525, -2.021949], [-79.0271, -2.019713], [-79.026554, -2.009842], [-79.018627, -2.001337], [-79.016555, -1.995217], [-79.016295, -1.982228], [-79.013454, -1.965763], [-79.015132, -1.964583], [-79.016702, -1.959691], [-79.011833, -1.949015], [-79.008087, -1.944681], [-79.00975, -1.937012], [-79.007353, -1.932917], [-79.00824, -1.927506], [-79.006644, -1.924586], [-79.008178, -1.920869], [-79.007476, -1.915305], [-79.010046, -1.910209], [-79.00798, -1.907688], [-79.00905, -1.899821], [-79.015572, -1.888143], [-79.015717, -1.885535], [-79.013105, -1.880069], [-79.017127, -1.874015], [-79.016253, -1.871365], [-79.018009, -1.86898], [-79.017536, -1.86418], [-79.020885, -1.862043], [-79.022876, -1.856707], [-79.020141, -1.849722], [-79.01537, -1.847853], [-79.014748, -1.840804], [-79.012594, -1.839997], [-79.013717, -1.837828], [-79.011248, -1.831144], [-79.012163, -1.823372], [-79.009922, -1.809701], [-79.00748, -1.803825], [-79.007687, -1.801472], [-79.009804, -1.799885], [-79.008414, -1.791001], [-79.012598, -1.774768], [-78.997402, -1.770389], [-78.995902, -1.766034], [-78.987018, -1.760378], [-78.987294, -1.758636], [-78.983397, -1.754931], [-78.976087, -1.753386], [-78.972413, -1.754925], [-78.961047, -1.754022], [-78.960769, -1.755102], [-78.957097, -1.755298], [-78.956838, -1.754028], [-78.952769, -1.755249], [-78.947755, -1.754648], [-78.939245, -1.757588], [-78.932488, -1.757135], [-78.927351, -1.751794], [-78.927078, -1.748929], [-78.921622, -1.740479], [-78.915476, -1.739111], [-78.905971, -1.732594], [-78.899677, -1.736177], [-78.89634, -1.735656], [-78.885929, -1.740758], [-78.879919, -1.7407], [-78.879269, -1.731423], [-78.875577, -1.721474], [-78.87144, -1.719191], [-78.863341, -1.718655], [-78.866809, -1.714086], [-78.866898, -1.709011], [-78.864042, -1.701669], [-78.863963, -1.695729], [-78.859219, -1.69041], [-78.862629, -1.679436], [-78.855855, -1.666964], [-78.852627, -1.664498], [-78.854119, -1.65412], [-78.851545, -1.644282], [-78.851254, -1.628699], [-78.866586, -1.632549], [-78.879192, -1.627381], [-78.88767, -1.629561], [-78.892595, -1.62549], [-78.896583, -1.616355], [-78.895955, -1.611851], [-78.897692, -1.601017], [-78.894583, -1.584419], [-78.890981, -1.578304], [-78.884508, -1.555121], [-78.88384, -1.550523], [-78.885316, -1.547137], [-78.883817, -1.544514], [-78.883968, -1.539904], [-78.881878, -1.53929], [-78.880562, -1.533662], [-78.876426, -1.532055], [-78.877336, -1.527795], [-78.874567, -1.518584], [-78.867691, -1.512825], [-78.874098, -1.499859], [-78.878531, -1.496341], [-78.877795, -1.491402], [-78.867736, -1.491402], [-78.868105, -1.482084], [-78.864208, -1.480908], [-78.856545, -1.473528], [-78.8459, -1.466261], [-78.843651, -1.459576], [-78.832899, -1.461584], [-78.8252, -1.457611], [-78.813736, -1.445218], [-78.80049, -1.447548], [-78.791016, -1.440206], [-78.791016, -1.437033], [-78.785066, -1.436095], [-78.781793, -1.432171], [-78.777985, -1.430434], [-78.772603, -1.430125], [-78.769812, -1.431688], [-78.768523, -1.435496], [-78.765179, -1.439153], [-78.755351, -1.443843], [-78.753844, -1.446932], [-78.741601, -1.453175], [-78.738368, -1.45652], [-78.736318, -1.456386], [-78.732432, -1.463482], [-78.726428, -1.470162], [-78.72261, -1.470353], [-78.716539, -1.4757], [-78.699142, -1.481722], [-78.692777, -1.486735], [-78.688995, -1.491217], [-78.688836, -1.496417], [-78.676635, -1.495528], [-78.666874, -1.499976], [-78.646938, -1.498106], [-78.642328, -1.495957], [-78.640621, -1.493286], [-78.636422, -1.494655], [-78.636416, -1.493165], [-78.633799, -1.49613], [-78.632276, -1.50152], [-78.63316, -1.504334], [-78.636039, -1.50598], [-78.635648, -1.508404], [-78.622233, -1.507347], [-78.616557, -1.502737], [-78.615275, -1.499824], [-78.608567, -1.496668], [-78.607763, -1.492474], [-78.604391, -1.490327], [-78.601984, -1.489358], [-78.598248, -1.489511], [-78.596546, -1.490994], [-78.58582, -1.490387], [-78.583966, -1.487654], [-78.57384, -1.480429], [-78.57074, -1.478756], [-78.567363, -1.479269], [-78.563102, -1.475649], [-78.546893, -1.475499], [-78.539961, -1.479847], [-78.53764, -1.473519], [-78.54012, -1.469495], [-78.539695, -1.464147], [-78.542467, -1.461811], [-78.542048, -1.460116], [-78.533051, -1.468774], [-78.523957, -1.469729], [-78.523957, -1.470967], [-78.513182, -1.474183], [-78.511497, -1.462048], [-78.508831, -1.459104], [-78.507657, -1.449563], [-78.504177, -1.443256], [-78.505735, -1.439613], [-78.499492, -1.433945], [-78.496482, -1.435129], [-78.497917, -1.440146], [-78.493313, -1.44539], [-78.486549, -1.449653], [-78.47756, -1.452805], [-78.466601, -1.460752], [-78.44456, -1.470274], [-78.423322, -1.485348], [-78.411156, -1.48766], [-78.395406, -1.484603], [-78.393232, -1.491163], [-78.388861, -1.492302], [-78.387203, -1.49416], [-78.383502, -1.492141], [-78.37827, -1.49374], [-78.374987, -1.493084], [-78.372458, -1.496208], [-78.364467, -1.496964], [-78.362835, -1.499054], [-78.364546, -1.502485], [-78.363613, -1.506204], [-78.364598, -1.514186], [-78.361391, -1.514747], [-78.358467, -1.5173], [-78.357409, -1.520868], [-78.363624, -1.523494], [-78.364683, -1.533027], [-78.376481, -1.535912], [-78.376282, -1.54076], [-78.373584, -1.542811], [-78.373546, -1.546417], [-78.376196, -1.552031], [-78.376383, -1.557678], [-78.372011, -1.565134], [-78.373511, -1.570884], [-78.370383, -1.575107], [-78.372182, -1.582324], [-78.377274, -1.585114], [-78.37384, -1.590737], [-78.372986, -1.599736], [-78.369371, -1.604432], [-78.36348, -1.607073], [-78.366625, -1.614233], [-78.363883, -1.631135], [-78.366294, -1.635857], [-78.363777, -1.644793], [-78.370951, -1.652944], [-78.371735, -1.656679], [-78.374289, -1.657316], [-78.376807, -1.65443], [-78.381731, -1.654657], [-78.388185, -1.658288], [-78.409411, -1.6651], [-78.40914, -1.674579], [-78.412068, -1.679548], [-78.412293, -1.682594], [-78.416598, -1.686363], [-78.419867, -1.684594], [-78.426814, -1.683811], [-78.432218, -1.685412], [-78.435422, -1.690306], [-78.436997, -1.697894], [-78.439805, -1.699112], [-78.443125, -1.704335], [-78.44361, -1.710434], [-78.447515, -1.71722], [-78.451406, -1.732083], [-78.454552, -1.736183], [-78.459233, -1.739222], [-78.460823, -1.748856], [-78.46759, -1.751909], [-78.466673, -1.75463], [-78.463338, -1.756371], [-78.461488, -1.760619], [-78.457707, -1.761748], [-78.457756, -1.762953], [-78.456571, -1.76169], [-78.445869, -1.762122], [-78.445246, -1.765584], [-78.44009, -1.770928], [-78.440145, -1.781725], [-78.438578, -1.783796], [-78.437987, -1.791933], [-78.433732, -1.796131], [-78.423851, -1.800404], [-78.420266, -1.805113], [-78.42204, -1.812001], [-78.419721, -1.82299], [-78.42125, -1.827823], [-78.413526, -1.836624], [-78.413885, -1.839474], [-78.411115, -1.84312], [-78.409321, -1.844871], [-78.401543, -1.847008], [-78.397108, -1.852239], [-78.399203, -1.858203], [-78.403509, -1.86354], [-78.403753, -1.867256], [-78.401056, -1.869736], [-78.400728, -1.872087], [-78.403646, -1.87868], [-78.411024, -1.87956], [-78.42009, -1.884414], [-78.419805, -1.894781], [-78.42972, -1.897652], [-78.432071, -1.902244], [-78.433172, -1.909043], [-78.443177, -1.910911], [-78.450649, -1.916631], [-78.453673, -1.916791], [-78.457327, -1.92149], [-78.457232, -1.92948], [-78.461315, -1.936975], [-78.460579, -1.943916], [-78.46359, -1.949856], [-78.471839, -1.950761], [-78.475694, -1.95319], [-78.482583, -1.952558], [-78.489314, -1.958972], [-78.486026, -1.976109], [-78.487757, -1.982439], [-78.485005, -1.986431], [-78.484739, -1.992242], [-78.47881, -2.000509], [-78.478939, -2.003321], [-78.466795, -1.997233], [-78.460658, -1.99312], [-78.458701, -1.989931], [-78.459172, -1.992247], [-78.456848, -1.997395], [-78.449749, -2.00455], [-78.444961, -2.006113], [-78.444678, -2.008724], [-78.441892, -2.011637], [-78.442033, -2.014464], [-78.447228, -2.016686], [-78.449268, -2.023643], [-78.447922, -2.026891], [-78.449951, -2.027697], [-78.45147, -2.030798], [-78.450619, -2.038022], [-78.452939, -2.044303], [-78.451022, -2.046993], [-78.452771, -2.050943], [-78.451302, -2.056772], [-78.452508, -2.064147], [-78.446598, -2.067715], [-78.446621, -2.070929], [-78.445168, -2.07274], [-78.442051, -2.072241], [-78.438995, -2.077123], [-78.439904, -2.083822], [-78.436858, -2.084531], [-78.433288, -2.090042], [-78.437514, -2.092942], [-78.438319, -2.095944], [-78.44305, -2.097729], [-78.44571, -2.101758], [-78.44701, -2.11301], [-78.45016, -2.117971], [-78.456128, -2.119057], [-78.460623, -2.117702], [-78.463023, -2.119583], [-78.468778, -2.119949], [-78.471413, -2.122107], [-78.479377, -2.124071], [-78.479815, -2.127694], [-78.482845, -2.129995], [-78.491927, -2.1253], [-78.493683, -2.12138], [-78.496815, -2.125919], [-78.505521, -2.127062], [-78.509317, -2.129264], [-78.513454, -2.133077], [-78.51533, -2.136967], [-78.513323, -2.143399], [-78.516574, -2.154585], [-78.51424, -2.156542], [-78.509573, -2.156164], [-78.504207, -2.158857], [-78.504661, -2.171465], [-78.502019, -2.175461], [-78.502551, -2.182974], [-78.497844, -2.195616], [-78.501222, -2.205985], [-78.497369, -2.208623], [-78.493235, -2.209359], [-78.487503, -2.217304], [-78.492122, -2.22577], [-78.49933, -2.230055], [-78.500315, -2.236567], [-78.497941, -2.240687], [-78.501144, -2.241534], [-78.505078, -2.246495], [-78.510125, -2.246831], [-78.514675, -2.240224], [-78.523486, -2.243074], [-78.534397, -2.240185], [-78.536346, -2.242052], [-78.537833, -2.247091], [-78.537074, -2.248516], [-78.540349, -2.25159], [-78.539663, -2.252902], [-78.54419, -2.253562], [-78.538501, -2.264516], [-78.537389, -2.263639], [-78.537117, -2.265849], [-78.539739, -2.270818], [-78.538161, -2.273732], [-78.538841, -2.276297], [-78.536922, -2.279048], [-78.541287, -2.286621], [-78.546564, -2.290092], [-78.547304, -2.294354], [-78.545642, -2.299925], [-78.550805, -2.302699], [-78.550214, -2.305108], [-78.563005, -2.307662], [-78.566554, -2.304715], [-78.574758, -2.304714], [-78.585095, -2.311178], [-78.587199, -2.318589], [-78.581929, -2.322007], [-78.581561, -2.328693], [-78.576234, -2.330956], [-78.575738, -2.327956], [-78.572812, -2.325799], [-78.566728, -2.326934], [-78.562398, -2.325903], [-78.554451, -2.334347], [-78.545795, -2.335522], [-78.551741, -2.346019], [-78.55768, -2.347435], [-78.560184, -2.349486], [-78.561869, -2.354525], [-78.564286, -2.357075], [-78.563531, -2.362745], [-78.566963, -2.364346], [-78.568636, -2.368914], [-78.574131, -2.374021], [-78.573576, -2.37635], [-78.576704, -2.37972], [-78.576044, -2.384233], [-78.577508, -2.384371], [-78.577624, -2.388004], [-78.579719, -2.390002], [-78.578639, -2.391232], [-78.580055, -2.392787], [-78.57976, -2.396269], [-78.585959, -2.403111], [-78.594554, -2.406911], [-78.601394, -2.413924], [-78.608366, -2.42922], [-78.611758, -2.432684], [-78.612794, -2.442567], [-78.618035, -2.450512], [-78.623515, -2.453008], [-78.623796, -2.455601], [-78.627205, -2.453264], [-78.631018, -2.452796], [-78.636822, -2.445727], [-78.644958, -2.443249], [-78.645117, -2.436984], [-78.648588, -2.433609], [-78.652831, -2.435377], [-78.66223, -2.433876], [-78.665599, -2.435068], [-78.669428, -2.439934], [-78.668425, -2.447656], [-78.666173, -2.450324], [-78.673726, -2.452451], [-78.675678, -2.450098], [-78.677506, -2.451113], [-78.678664, -2.44974], [-78.682178, -2.451512], [-78.689683, -2.448348], [-78.692092, -2.44905], [-78.694256, -2.447568], [-78.697023, -2.449528], [-78.700121, -2.448313], [-78.703281, -2.444173], [-78.706379, -2.443775], [-78.708555, -2.435444], [-78.717684, -2.425923], [-78.725315, -2.42724], [-78.72835, -2.429719], [-78.732348, -2.428221], [-78.734884, -2.429998], [-78.737598, -2.426741], [-78.736978, -2.420312], [-78.732128, -2.420057], [-78.728683, -2.418114], [-78.725769, -2.418939], [-78.721591, -2.416608], [-78.719985, -2.413457], [-78.713117, -2.408107], [-78.715153, -2.405393], [-78.716471, -2.396992], [-78.718291, -2.396328], [-78.715906, -2.390863], [-78.707017, -2.39129], [-78.709105, -2.386861], [-78.705048, -2.381694], [-78.703493, -2.376142], [-78.703922, -2.371058], [-78.698577, -2.367617], [-78.695923, -2.356849], [-78.690784, -2.351099], [-78.68823, -2.345018], [-78.684485, -2.340553], [-78.68346, -2.341578], [-78.682578, -2.340234], [-78.682588, -2.338233], [-78.688696, -2.336511], [-78.693184, -2.332619], [-78.697795, -2.334014], [-78.706927, -2.332714], [-78.709045, -2.335138], [-78.712208, -2.334459], [-78.719524, -2.32625], [-78.71818, -2.319445], [-78.714504, -2.314059], [-78.720632, -2.316106], [-78.723431, -2.314902], [-78.726694, -2.316298], [-78.728258, -2.321525], [-78.736124, -2.323455], [-78.740734, -2.329291], [-78.750229, -2.324455], [-78.754243, -2.326112], [-78.760277, -2.331611], [-78.758948, -2.34296], [-78.762789, -2.346733], [-78.764308, -2.352046], [-78.772323, -2.356444], [-78.781073, -2.356585], [-78.784472, -2.359131], [-78.786832, -2.364395], [-78.790422, -2.367952], [-78.789126, -2.373638], [-78.798873, -2.383351], [-78.807471, -2.385746], [-78.81106, -2.384077], [-78.813814, -2.377028], [-78.825773, -2.381013], [-78.82997, -2.380864], [-78.84219, -2.393334], [-78.84223, -2.398684], [-78.850317, -2.396451], [-78.853008, -2.394222], [-78.853189, -2.392111], [-78.856334, -2.390317], [-78.859569, -2.394662], [-78.863371, -2.393235], [-78.867543, -2.394404], [-78.87749, -2.39262], [-78.884703, -2.392893], [-78.887238, -2.394405], [-78.890365, -2.399735]]]]}}, {"type": "Feature", "id": "PICHINCHA", "properties": {"codigo": "17", "nombre": "PICHINCHA", "centroide_lon": -78.59351, "centroide_lat": -0.10505}, "geometry": {"type": "MultiPolygon", "coordinates": [[[[-78.624771, -0.610833], [-78.639833, -0.620034], [-78.642351, -0.636257], [-78.64812, -0.642809], [-78.657527, -0.636545], [-78.661882, -0.640581], [-78.664248, -0.648035], [-78.671789, -0.651909], [-78.686483, -0.656165], [-78.691125, -0.659441], [-78.700306, -0.658413], [-78.707473, -0.660469], [-78.709903, -0.662801], [-78.713769, -0.660318], [-78.715858, -0.663064], [-78.720367, -0.649228], [-78.730738, -0.641061], [-78.734671, -0.639914], [-78.734316, -0.628803], [-78.739131, -0.621965], [-78.734875, -0.60858], [-78.735993, -0.603391], [-78.733105, -0.597786], [-78.730312, -0.596493], [-78.728329, -0.589025], [-78.73038, -0.581584], [-78.73011, -0.568914], [-78.732702, -0.56584], [-78.733421, -0.559656], [-78.743944, -0.557207], [-78.745132, -0.554316], [-78.748038, -0.55384], [-78.754772, -0.54776], [-78.758615, -0.547662], [-78.765459, -0.544525], [-78.770688, -0.545391], [-78.771901, -0.54268], [-78.774541, -0.542987], [-78.778332, -0.538493], [-78.78255, -0.540772], [-78.785839, -0.539865], [-78.790288, -0.542844], [-78.795383, -0.543574], [-78.796663, -0.541743], [-78.804217, -0.539971], [-78.808545, -0.536182], [-78.812296, -0.537069], [-78.821079, -0.529459], [-78.826574, -0.528509], [-78.82861, -0.525972], [-78.832304, -0.524699], [-78.834364, -0.520706], [-78.833882, -0.513123], [-78.835256, -0.509322], [-78.834303, -0.507061], [-78.835628, -0.504356], [-78.8328, -0.499777], [-78.836636, -0.494075], [-78.838445, -0.477788], [-78.845598, -0.470508], [-78.854946, -0.466926], [-78.856672, -0.464963], [-78.858639, -0.453258], [-78.862307, -0.448081], [-78.862101, -0.44218], [-78.863786, -0.440599], [-78.861558, -0.43376], [-78.864735, -0.4312], [-78.865241, -0.428768], [-78.868775, -0.42968], [-78.869783, -0.426303], [-78.871663, -0.426663], [-78.872563, -0.423835], [-78.87039, -0.421834], [-78.871033, -0.417944], [-78.873184, -0.41791], [-78.875095, -0.414269], [-78.876705, -0.417243], [-78.88011, -0.413474], [-78.8826, -0.416118], [-78.885222, -0.412877], [-78.890306, -0.414719], [-78.893089, -0.412795], [-78.893122, -0.410759], [-78.888944, -0.410699], [-78.88989, -0.404988], [-78.896102, -0.394878], [-78.899724, -0.39223], [-78.89869, -0.387519], [-78.899603, -0.385579], [-78.903654, -0.384654], [-78.90813, -0.377777], [-78.915805, -0.37215], [-78.916254, -0.36815], [-78.906779, -0.361223], [-78.906824, -0.359658], [-78.914029, -0.354311], [-78.915682, -0.34919], [-78.914816, -0.346404], [-78.918456, -0.34235], [-78.918333, -0.340317], [-78.922848, -0.340632], [-78.925637, -0.337091], [-78.933715, -0.336407], [-78.934707, -0.333945], [-78.948024, -0.327989], [-78.954851, -0.316636], [-78.950468, -0.312798], [-78.94473, -0.311046], [-78.942562, -0.313888], [-78.938456, -0.312631], [-78.929256, -0.313731], [-78.927576, -0.316513], [-78.919679, -0.320878], [-78.914618, -0.32731], [-78.913109, -0.326879], [-78.913115, -0.329651], [-78.901954, -0.333325], [-78.899227, -0.335889], [-78.892981, -0.331992], [-78.889517, -0.333616], [-78.889436, -0.336746], [-78.884177, -0.337073], [-78.875296, -0.330339], [-78.871378, -0.330406], [-78.869732, -0.332235], [-78.867484, -0.33169], [-78.865221, -0.335436], [-78.865881, -0.337305], [-78.864711, -0.338848], [-78.866044, -0.34047], [-78.864163, -0.345562], [-78.856547, -0.349387], [-78.851865, -0.346113], [-78.849084, -0.348315], [-78.8454, -0.348343], [-78.841911, -0.34622], [-78.83525, -0.345003], [-78.832479, -0.342119], [-78.831248, -0.345493], [-78.824052, -0.343517], [-78.822286, -0.346273], [-78.818014, -0.344224], [-78.816015, -0.33855], [-78.817318, -0.337515], [-78.817156, -0.334544], [-78.808798, -0.332946], [-78.806401, -0.326923], [-78.807108, -0.324732], [-78.804471, -0.322071], [-78.796648, -0.318112], [-78.79498, -0.315644], [-78.787546, -0.314652], [-78.785778, -0.310148], [-78.787359, -0.30604], [-78.773813, -0.298301], [-78.775376, -0.294328], [-78.772721, -0.28698], [-78.77317, -0.279167], [-78.771473, -0.278661], [-78.766048, -0.281996], [-78.763005, -0.281433], [-78.759232, -0.282773], [-78.754378, -0.281565], [-78.753226, -0.277417], [-78.746125, -0.277417], [-78.749218, -0.267057], [-78.753339, -0.260883], [-78.752762, -0.257328], [-78.759577, -0.250603], [-78.75894, -0.240626], [-78.767641, -0.235847], [-78.771287, -0.230391], [-78.771659, -0.227492], [-78.77843, -0.224701], [-78.783926, -0.211874], [-78.786678, -0.211161], [-78.787931, -0.214072], [-78.790875, -0.215472], [-78.794736, -0.213746], [-78.802181, -0.206188], [-78.803871, -0.206469], [-78.805325, -0.204359], [-78.809965, -0.204388], [-78.813466, -0.200772], [-78.832364, -0.188504], [-78.834125, -0.184164], [-78.829443, -0.178718], [-78.838088, -0.171044], [-78.839614, -0.167126], [-78.842623, -0.166438], [-78.840056, -0.161113], [-78.837847, -0.162257], [-78.833721, -0.16131], [-78.833166, -0.160006], [-78.833634, -0.156192], [-78.835652, -0.155044], [-78.836087, -0.150428], [-78.833818, -0.14155], [-78.836649, -0.139602], [-78.834997, -0.137924], [-78.837528, -0.136971], [-78.837685, -0.135091], [-78.841182, -0.133772], [-78.842551, -0.135398], [-78.845326, -0.13583], [-78.846247, -0.134733], [-78.847541, -0.135843], [-78.848564, -0.1344], [-78.851129, -0.13579], [-78.853317, -0.134254], [-78.858931, -0.133814], [-78.861582, -0.126129], [-78.868301, -0.118365], [-78.877154, -0.116324], [-78.881071, -0.110413], [-78.886098, -0.110208], [-78.889489, -0.107707], [-78.891171, -0.108359], [-78.891874, -0.106735], [-78.894409, -0.108956], [-78.897472, -0.107473], [-78.909771, -0.10837], [-78.910295, -0.112758], [-78.913426, -0.114942], [-78.914145, -0.117428], [-78.91805, -0.116086], [-78.920846, -0.117339], [-78.922102, -0.120168], [-78.924746, -0.119328], [-78.928776, -0.121146], [-78.936852, -0.116625], [-78.937347, -0.114686], [-78.940958, -0.114138], [-78.942712, -0.11102], [-78.946052, -0.110496], [-78.951561, -0.113149], [-78.951989, -0.111124], [-78.953492, -0.111104], [-78.955839, -0.108092], [-78.963466, -0.105317], [-78.962985, -0.103487], [-78.964968, -0.101201], [-78.967837, -0.102019], [-78.972538, -0.108177], [-78.97492, -0.108979], [-78.977112, -0.107245], [-78.97773, -0.109176], [-78.979695, -0.107206], [-78.983355, -0.111561], [-78.985801, -0.109488], [-78.987611, -0.109847], [-78.988916, -0.106143], [-78.990591, -0.105986], [-78.990929, -0.11135], [-78.999834, -0.112004], [-79.000668, -0.110131], [-79.002628, -0.1111], [-79.004824, -0.110046], [-79.006642, -0.113828], [-79.013299, -0.109829], [-79.014013, -0.116376], [-79.017135, -0.11669], [-79.020082, -0.114307], [-79.023276, -0.11515], [-79.024411, -0.117772], [-79.030296, -0.113773], [-79.030686, -0.109715], [-79.033794, -0.110988], [-79.036627, -0.107993], [-79.040526, -0.108968], [-79.037853, -0.105658], [-79.043375, -0.106673], [-79.043452, -0.103951], [-79.0454, -0.101821], [-79.049602, -0.102999], [-79.050895, -0.10187], [-79.053518, -0.104252], [-79.060091, -0.095681], [-79.06338, -0.09643], [-79.070857, -0.093631], [-79.072727, -0.091456], [-79.07333, -0.094072], [-79.076146, -0.094443], [-79.08229, -0.089419], [-79.084737, -0.0929], [-79.090952, -0.089599], [-79.094944, -0.091549], [-79.095467, -0.089647], [-79.099155, -0.088221], [-79.102007, -0.083006], [-79.104087, -0.084393], [-79.104419, -0.088413], [-79.11225, -0.08614], [-79.116765, -0.09211], [-79.118001, -0.090501], [-79.116622, -0.087002], [-79.122611, -0.085076], [-79.125323, -0.087085], [-79.126595, -0.090616], [-79.133546, -0.089294], [-79.136345, -0.094132], [-79.140901, -0.090254], [-79.144316, -0.093041], [-79.149453, -0.0919], [-79.147706, -0.087901], [-79.147983, -0.084454], [-79.142948, -0.081539], [-79.141242, -0.07438], [-79.133053, -0.065856], [-79.132512, -0.060519], [-79.129247, -0.057881], [-79.131409, -0.056141], [-79.130145, -0.055847], [-79.12715, -0.049045], [-79.121507, -0.046596], [-79.120446, -0.043869], [-79.114579, -0.042968], [-79.113232, -0.041255], [-79.111165, -0.041863], [-79.109947, -0.03938], [-79.101902, -0.036259], [-79.09998, -0.034418], [-79.097611, -0.026568], [-79.102498, -0.024653], [-79.108693, -0.024601], [-79.110644, -0.021616], [-79.118307, -0.017642], [-79.119608, -0.019844], [-79.123178, -0.019809], [-79.127413, -0.016974], [-79.13118, -0.018458], [-79.131952, -0.01614], [-79.134573, -0.015405], [-79.135048, -0.017171], [-79.140652, -0.016727], [-79.139671, -0.015217], [-79.142523, -0.013724], [-79.145337, -0.01536], [-79.146706, -0.014116], [-79.148559, -0.014997], [-79.150099, -0.013064], [-79.153636, -0.015207], [-79.154149, -0.013647], [-79.157989, -0.017007], [-79.157172, -0.015485], [-79.160423, -0.01516], [-79.161326, -0.011944], [-79.162647, -0.013485], [-79.164292, -0.013179], [-79.164853, -0.014997], [-79.167229, -0.013944], [-79.168079, -0.01577], [-79.17109, -0.014659], [-79.172963, -0.011706], [-79.174562, -0.014121], [-79.177307, -0.0116], [-79.182279, -0.012818], [-79.183593, -0.014465], [-79.185399, -0.009364], [-79.187719, -0.012101], [-79.189534, -0.012254], [-79.189649, -0.010561], [-79.192386, -0.011087], [-79.19231, -0.009843], [-79.195428, -0.008321], [-79.195143, -0.00568], [-79.19828, -0.004761], [-79.196991, -0.001022], [-79.197813, 9.5e-05], [-79.199919, -2.2e-05], [-79.199199, -0.002297], [-79.202122, -0.003121], [-79.210421, -0.000374], [-79.211061, 0.002681], [-79.215085, 0.002587], [-79.216486, 0.004258], [-79.218714, 0.002072], [-79.221884, 0.002657], [-79.22229, 0.003914], [-79.223747, 0.00213], [-79.226259, 0.004084], [-79.226004, 0.002477], [-79.226877, 0.006446], [-79.230449, 0.006238], [-79.230163, 0.004802], [-79.232074, 0.003015], [-79.237066, 0.006365], [-79.237849, 0.009045], [-79.234954, 0.01095], [-79.237799, 0.01216], [-79.238234, 0.010308], [-79.240184, 0.009897], [-79.244302, 0.011405], [-79.245379, 0.006264], [-79.24714, 0.007212], [-79.248821, 0.006265], [-79.249864, 0.007499], [-79.256471, 0.008083], [-79.259174, 0.011326], [-79.261277, 0.010094], [-79.261891, 0.011515], [-79.263371, 0.01079], [-79.265962, 0.012482], [-79.268181, 0.011455], [-79.271146, 0.013274], [-79.28225, 0.01451], [-79.284908, 0.018165], [-79.289376, 0.01582], [-79.291412, 0.017241], [-79.292688, 0.01634], [-79.298881, 0.018947], [-79.300837, 0.018538], [-79.303251, 0.020747], [-79.306438, 0.018481], [-79.308495, 0.019162], [-79.308885, 0.017598], [-79.309861, 0.018586], [-79.312859, 0.010471], [-79.314742, 0.01145], [-79.314011, 0.013914], [-79.316489, 0.014206], [-79.316905, 0.012927], [-79.317095, 0.015224], [-79.320375, 0.016911], [-79.318515, 0.018664], [-79.324134, 0.02116], [-79.324086, 0.022118], [-79.321782, 0.021862], [-79.324564, 0.023533], [-79.328045, 0.02147], [-79.330327, 0.023348], [-79.331141, 0.021362], [-79.333613, 0.020435], [-79.335996, 0.022792], [-79.340571, 0.018933], [-79.342674, 0.024527], [-79.344415, 0.022385], [-79.346786, 0.024221], [-79.348086, 0.021677], [-79.350952, 0.020615], [-79.348684, 0.017765], [-79.355017, 0.019258], [-79.358952, 0.018197], [-79.360752, 0.020174], [-79.365159, 0.018644], [-79.36798, 0.022421], [-79.368596, 0.02828], [-79.371529, 0.033087], [-79.366787, 0.044416], [-79.368343, 0.052935], [-79.354735, 0.067419], [-79.354694, 0.076024], [-79.347796, 0.09722], [-79.342384, 0.101376], [-79.331805, 0.115081], [-79.330062, 0.127998], [-79.331804, 0.137049], [-79.327029, 0.146067], [-79.324909, 0.156203], [-79.32286, 0.157558], [-79.313389, 0.158166], [-79.304102, 0.173231], [-79.305303, 0.181434], [-79.314571, 0.193255], [-79.323162, 0.199764], [-79.33023, 0.210537], [-79.337716, 0.213797], [-79.345089, 0.211328], [-79.348575, 0.212462], [-79.352788, 0.226777], [-79.362152, 0.23549], [-79.363102, 0.239558], [-79.359263, 0.243542], [-79.359845, 0.247522], [-79.353028, 0.247522], [-79.350714, 0.246037], [-79.345409, 0.246825], [-79.342372, 0.250098], [-79.340542, 0.247864], [-79.333768, 0.249664], [-79.330574, 0.253267], [-79.327993, 0.251368], [-79.326019, 0.254313], [-79.31924, 0.254573], [-79.317529, 0.256624], [-79.314832, 0.254832], [-79.314797, 0.256788], [-79.316716, 0.257491], [-79.31249, 0.262754], [-79.308946, 0.26069], [-79.308019, 0.263375], [-79.306877, 0.261259], [-79.304305, 0.263204], [-79.298034, 0.259455], [-79.299097, 0.265103], [-79.300762, 0.264273], [-79.30151, 0.265303], [-79.300555, 0.267152], [-79.295479, 0.267909], [-79.296641, 0.269804], [-79.294995, 0.270651], [-79.29589, 0.272666], [-79.294354, 0.274043], [-79.29423, 0.277218], [-79.291981, 0.276364], [-79.29203, 0.28156], [-79.287496, 0.28263], [-79.288084, 0.285172], [-79.286436, 0.284809], [-79.285235, 0.287199], [-79.284875, 0.285172], [-79.281323, 0.285864], [-79.281239, 0.289436], [-79.279023, 0.29231], [-79.279023, 0.309239], [-79.272145, 0.308883], [-79.271881, 0.314082], [-79.274088, 0.314484], [-79.273902, 0.322334], [-79.271387, 0.319465], [-79.267469, 0.317873], [-79.253889, 0.31986], [-79.247619, 0.323134], [-79.243095, 0.319838], [-79.231814, 0.326964], [-79.226479, 0.324469], [-79.223476, 0.321116], [-79.220585, 0.321785], [-79.218219, 0.325056], [-79.212848, 0.318938], [-79.204256, 0.322555], [-79.201398, 0.320363], [-79.188603, 0.317432], [-79.178755, 0.312416], [-79.173546, 0.315056], [-79.160255, 0.317676], [-79.15476, 0.321426], [-79.152574, 0.321732], [-79.150141, 0.316487], [-79.148772, 0.316162], [-79.144092, 0.31857], [-79.141576, 0.321613], [-79.133423, 0.320866], [-79.127668, 0.31745], [-79.126496, 0.314197], [-79.118454, 0.310097], [-79.115219, 0.300706], [-79.111544, 0.298329], [-79.109243, 0.299892], [-79.113108, 0.303476], [-79.113592, 0.306017], [-79.112252, 0.307581], [-79.10575, 0.304508], [-79.100414, 0.305618], [-79.096698, 0.301617], [-79.087996, 0.299494], [-79.084635, 0.300088], [-79.072002, 0.308488], [-79.068218, 0.309081], [-79.066608, 0.306952], [-79.062929, 0.305734], [-79.059312, 0.307203], [-79.056476, 0.293572], [-79.051729, 0.293485], [-79.047705, 0.28971], [-79.041686, 0.294965], [-79.031122, 0.292529], [-79.028958, 0.288622], [-79.031443, 0.283035], [-79.027235, 0.279658], [-79.020608, 0.279122], [-79.017638, 0.276986], [-79.016822, 0.274295], [-79.017781, 0.273012], [-79.014166, 0.268496], [-79.016761, 0.26445], [-79.014614, 0.259606], [-79.016991, 0.252707], [-79.017099, 0.246601], [-79.01464, 0.240719], [-79.016562, 0.237877], [-79.01, 0.225967], [-79.007137, 0.223996], [-79.001924, 0.22317], [-78.999852, 0.218486], [-78.99328, 0.216279], [-78.991866, 0.211981], [-78.987532, 0.212662], [-78.986641, 0.21648], [-78.985008, 0.217028], [-78.981099, 0.210714], [-78.977891, 0.212083], [-78.971451, 0.220018], [-78.9663, 0.223397], [-78.963762, 0.217237], [-78.964143, 0.214884], [-78.960056, 0.214381], [-78.957846, 0.210548], [-78.955204, 0.210356], [-78.954273, 0.20677], [-78.951804, 0.207241], [-78.94933, 0.204581], [-78.946248, 0.203747], [-78.940437, 0.20589], [-78.935964, 0.212433], [-78.930699, 0.213967], [-78.928695, 0.218944], [-78.924065, 0.221713], [-78.919868, 0.21794], [-78.918481, 0.214446], [-78.913799, 0.215025], [-78.909892, 0.213256], [-78.89502, 0.21759], [-78.893803, 0.220368], [-78.880627, 0.222301], [-78.87655, 0.22934], [-78.87019, 0.233658], [-78.863739, 0.232484], [-78.85595, 0.237627], [-78.849536, 0.237689], [-78.843596, 0.240106], [-78.837787, 0.239414], [-78.833031, 0.241536], [-78.830166, 0.238118], [-78.825637, 0.237406], [-78.823175, 0.233521], [-78.81115, 0.230533], [-78.80286, 0.232026], [-78.795696, 0.236842], [-78.792216, 0.236502], [-78.788292, 0.239347], [-78.785746, 0.238648], [-78.781583, 0.23992], [-78.777034, 0.243348], [-78.773492, 0.241235], [-78.768907, 0.242107], [-78.764877, 0.238115], [-78.762798, 0.239487], [-78.759926, 0.238129], [-78.754256, 0.240391], [-78.750346, 0.234798], [-78.743922, 0.234894], [-78.735233, 0.226856], [-78.727111, 0.224992], [-78.724349, 0.2219], [-78.718311, 0.219568], [-78.711421, 0.21932], [-78.709112, 0.215466], [-78.705371, 0.218279], [-78.699295, 0.217047], [-78.697461, 0.221745], [-78.691533, 0.221491], [-78.68782, 0.223036], [-78.685628, 0.221349], [-78.682599, 0.223498], [-78.680942, 0.222881], [-78.682219, 0.215628], [-78.675026, 0.210514], [-78.669206, 0.212342], [-78.666172, 0.215058], [-78.662514, 0.213387], [-78.661403, 0.215479], [-78.659094, 0.214778], [-78.656718, 0.216484], [-78.653633, 0.213824], [-78.649571, 0.214848], [-78.647277, 0.209826], [-78.645004, 0.210159], [-78.642613, 0.207495], [-78.640626, 0.208456], [-78.638172, 0.206453], [-78.635549, 0.207269], [-78.633023, 0.210388], [-78.630617, 0.209752], [-78.630293, 0.213581], [-78.625149, 0.21803], [-78.621399, 0.216042], [-78.617426, 0.216893], [-78.617558, 0.219747], [-78.615969, 0.218804], [-78.615302, 0.220733], [-78.605313, 0.21666], [-78.602596, 0.217591], [-78.604949, 0.220233], [-78.601005, 0.222466], [-78.598602, 0.222157], [-78.596588, 0.223646], [-78.588687, 0.222925], [-78.583772, 0.225004], [-78.577903, 0.224328], [-78.57583, 0.225335], [-78.566126, 0.222452], [-78.56125, 0.207217], [-78.553387, 0.207491], [-78.552322, 0.204689], [-78.549011, 0.204152], [-78.547806, 0.20605], [-78.544181, 0.207049], [-78.537289, 0.205483], [-78.537181, 0.207001], [-78.533578, 0.207761], [-78.533812, 0.211523], [-78.523906, 0.213567], [-78.519425, 0.220374], [-78.519281, 0.228014], [-78.517163, 0.226667], [-78.510159, 0.226571], [-78.510159, 0.243835], [-78.505222, 0.247304], [-78.502468, 0.251801], [-78.494606, 0.25901], [-78.496897, 0.277314], [-78.495399, 0.274495], [-78.489785, 0.270765], [-78.488314, 0.267724], [-78.49006, 0.265916], [-78.487958, 0.263484], [-78.484222, 0.265946], [-78.478523, 0.264997], [-78.475196, 0.266122], [-78.46635, 0.259676], [-78.463602, 0.249653], [-78.458517, 0.246055], [-78.456517, 0.240832], [-78.454147, 0.239981], [-78.452454, 0.237105], [-78.455307, 0.230827], [-78.452672, 0.23061], [-78.450995, 0.226515], [-78.450071, 0.213043], [-78.447306, 0.214395], [-78.445164, 0.208699], [-78.440509, 0.203685], [-78.43629, 0.201626], [-78.433581, 0.19502], [-78.426218, 0.203299], [-78.419585, 0.213638], [-78.414797, 0.217135], [-78.410231, 0.217827], [-78.408776, 0.222442], [-78.410063, 0.226447], [-78.40236, 0.240674], [-78.397012, 0.237522], [-78.392132, 0.238081], [-78.393255, 0.245375], [-78.390177, 0.244767], [-78.3881, 0.247364], [-78.384915, 0.248309], [-78.384107, 0.250963], [-78.381563, 0.250166], [-78.381129, 0.256556], [-78.376531, 0.256556], [-78.376779, 0.260706], [-78.374368, 0.26102], [-78.373042, 0.260106], [-78.371929, 0.254059], [-78.369122, 0.250671], [-78.362291, 0.248085], [-78.356297, 0.243652], [-78.354559, 0.244474], [-78.356406, 0.241904], [-78.353208, 0.236425], [-78.354198, 0.229677], [-78.347217, 0.230467], [-78.346131, 0.228142], [-78.345402, 0.229668], [-78.343456, 0.229623], [-78.346139, 0.218547], [-78.348344, 0.217699], [-78.347631, 0.215545], [-78.351139, 0.213604], [-78.350152, 0.210987], [-78.350905, 0.210441], [-78.356823, 0.217203], [-78.363865, 0.208507], [-78.362663, 0.205923], [-78.3584, 0.203297], [-78.358528, 0.200196], [-78.360672, 0.192654], [-78.365218, 0.186315], [-78.366553, 0.178234], [-78.370177, 0.17565], [-78.372341, 0.170685], [-78.376269, 0.167994], [-78.373719, 0.15914], [-78.371867, 0.16159], [-78.36848, 0.162705], [-78.368257, 0.164988], [-78.36544, 0.165508], [-78.364106, 0.16754], [-78.3622, 0.16714], [-78.357803, 0.171094], [-78.34908, 0.184828], [-78.343233, 0.191415], [-78.343182, 0.193773], [-78.33993, 0.197982], [-78.339332, 0.203855], [-78.332873, 0.202072], [-78.333088, 0.196972], [-78.330681, 0.191425], [-78.323555, 0.190386], [-78.320663, 0.187472], [-78.314171, 0.186955], [-78.306807, 0.182874], [-78.305267, 0.176661], [-78.300046, 0.172595], [-78.301229, 0.169947], [-78.300028, 0.167345], [-78.301371, 0.165548], [-78.296689, 0.162753], [-78.296865, 0.160545], [-78.299408, 0.16093], [-78.302161, 0.155703], [-78.290571, 0.152], [-78.287136, 0.152474], [-78.284827, 0.150857], [-78.285472, 0.147371], [-78.28977, 0.140772], [-78.289948, 0.134668], [-78.28291, 0.12868], [-78.277504, 0.13517], [-78.266821, 0.137773], [-78.258678, 0.135536], [-78.25506, 0.130298], [-78.247552, 0.12646], [-78.24684, 0.123546], [-78.242558, 0.122652], [-78.235067, 0.123686], [-78.229981, 0.121119], [-78.228691, 0.122426], [-78.228313, 0.127923], [-78.224244, 0.129213], [-78.219514, 0.128087], [-78.217705, 0.125832], [-78.20593, 0.1286], [-78.201618, 0.127873], [-78.197486, 0.131016], [-78.195873, 0.134973], [-78.192709, 0.133828], [-78.186581, 0.135882], [-78.185563, 0.134087], [-78.184422, 0.136231], [-78.179243, 0.134799], [-78.176814, 0.137115], [-78.169529, 0.138631], [-78.164281, 0.141843], [-78.153982, 0.141204], [-78.150918, 0.146403], [-78.146222, 0.149599], [-78.148363, 0.158801], [-78.147321, 0.157188], [-78.134098, 0.152702], [-78.107989, 0.158342], [-78.098255, 0.170822], [-78.092549, 0.187278], [-78.090735, 0.184304], [-78.091661, 0.181109], [-78.08813, 0.189349], [-78.084792, 0.186593], [-78.079792, 0.186593], [-78.079792, 0.190579], [-78.077354, 0.188807], [-78.057714, 0.189029], [-78.052595, 0.193114], [-78.045308, 0.190837], [-78.039075, 0.183618], [-78.033846, 0.182196], [-78.032127, 0.182331], [-78.031312, 0.188305], [-78.023982, 0.188359], [-78.018265, 0.181812], [-78.010776, 0.178659], [-78.007905, 0.174736], [-78.00473, 0.174461], [-78.001886, 0.172038], [-77.997856, 0.173146], [-77.989794, 0.172078], [-77.984616, 0.173846], [-77.979328, 0.169877], [-77.966675, 0.168459], [-77.964739, 0.152617], [-77.970625, 0.146806], [-77.972042, 0.143338], [-77.972582, 0.140861], [-77.970477, 0.136824], [-77.975295, 0.127707], [-77.972741, 0.123444], [-77.97475, 0.122233], [-77.974807, 0.116795], [-77.978753, 0.109865], [-77.976744, 0.105588], [-77.971534, 0.111005], [-77.968309, 0.111791], [-77.965674, 0.110567], [-77.96238, 0.112863], [-77.953607, 0.108432], [-77.945971, 0.099296], [-77.936769, 0.10387], [-77.929947, 0.097132], [-77.92913, 0.093692], [-77.925209, 0.091063], [-77.924397, 0.088165], [-77.918244, 0.081763], [-77.91357, 0.080526], [-77.911177, 0.08264], [-77.90393, 0.082661], [-77.901583, 0.084651], [-77.893088, 0.084166], [-77.888181, 0.081608], [-77.883905, 0.075828], [-77.881584, 0.076575], [-77.879158, 0.075495], [-77.876849, 0.070411], [-77.870911, 0.069243], [-77.863658, 0.062909], [-77.859375, 0.062247], [-77.8571, 0.053488], [-77.85888, 0.051455], [-77.857845, 0.03323], [-77.854711, 0.024509], [-77.850046, 0.023612], [-77.845276, 0.027635], [-77.83949, 0.026501], [-77.844603, 0.020985], [-77.840067, 0.016985], [-77.841148, 0.015288], [-77.843911, 0.015224], [-77.844874, 0.003857], [-77.851613, -0.00075], [-77.85287, -0.0042], [-77.863367, -0.005444], [-77.864709, -0.007815], [-77.868065, -0.007194], [-77.873256, -0.012876], [-77.879091, -0.013871], [-77.880689, -0.016022], [-77.883622, -0.015795], [-77.895323, -0.021874], [-77.903782, -0.02393], [-77.907996, -0.027655], [-77.913234, -0.027221], [-77.92224, -0.030272], [-77.924567, -0.033731], [-77.934535, -0.041208], [-77.93789, -0.04925], [-77.943457, -0.052756], [-77.938518, -0.057928], [-77.934937, -0.067404], [-77.934638, -0.071502], [-77.936739, -0.072952], [-77.939035, -0.083276], [-77.938004, -0.08508], [-77.932459, -0.085869], [-77.931166, -0.087882], [-77.933646, -0.096727], [-77.932816, -0.100439], [-77.940495, -0.098423], [-77.944444, -0.0951], [-77.948759, -0.096348], [-77.954895, -0.095048], [-77.961593, -0.104997], [-77.962723, -0.109829], [-77.967253, -0.111729], [-77.969565, -0.122784], [-77.973127, -0.119865], [-77.975819, -0.119505], [-77.977451, -0.121672], [-77.980945, -0.118587], [-77.985285, -0.117575], [-77.991023, -0.1104], [-77.995464, -0.11116], [-78.000612, -0.119505], [-78.000032, -0.128276], [-78.002709, -0.127327], [-78.009088, -0.129771], [-78.009159, -0.131877], [-78.013734, -0.133567], [-78.015125, -0.13839], [-78.018894, -0.141043], [-78.025156, -0.139608], [-78.02626, -0.138188], [-78.030556, -0.138796], [-78.033349, -0.140791], [-78.040243, -0.138298], [-78.049048, -0.144112], [-78.057748, -0.146217], [-78.059556, -0.149459], [-78.057247, -0.150897], [-78.055627, -0.15514], [-78.054238, -0.161158], [-78.055099, -0.163772], [-78.06124, -0.167444], [-78.062231, -0.175101], [-78.070215, -0.176519], [-78.070424, -0.183124], [-78.073655, -0.185125], [-78.079205, -0.182817], [-78.084499, -0.189846], [-78.087951, -0.187406], [-78.090796, -0.180125], [-78.100857, -0.191387], [-78.105119, -0.187244], [-78.107831, -0.179544], [-78.111354, -0.180902], [-78.116892, -0.178949], [-78.120476, -0.180837], [-78.124757, -0.180926], [-78.130583, -0.17631], [-78.131967, -0.167438], [-78.140562, -0.166788], [-78.143749, -0.171245], [-78.149718, -0.173344], [-78.155342, -0.172816], [-78.158117, -0.177556], [-78.159441, -0.183962], [-78.162537, -0.18699], [-78.167062, -0.186891], [-78.171789, -0.193377], [-78.176204, -0.195], [-78.18212, -0.191217], [-78.189875, -0.197632], [-78.189747, -0.201704], [-78.192575, -0.209804], [-78.190555, -0.212003], [-78.18695, -0.212065], [-78.185232, -0.214354], [-78.187612, -0.223453], [-78.190939, -0.22783], [-78.186949, -0.229539], [-78.185706, -0.235211], [-78.185913, -0.237168], [-78.189485, -0.240627], [-78.187401, -0.251031], [-78.190757, -0.256304], [-78.185526, -0.26489], [-78.191535, -0.275051], [-78.191385, -0.280843], [-78.188103, -0.282388], [-78.187826, -0.286517], [-78.192058, -0.293854], [-78.191845, -0.303839], [-78.196479, -0.30535], [-78.193824, -0.308408], [-78.194305, -0.31132], [-78.191104, -0.316372], [-78.192902, -0.324885], [-78.194729, -0.325302], [-78.196507, -0.329575], [-78.199626, -0.329569], [-78.20268, -0.332525], [-78.207263, -0.34025], [-78.206756, -0.344714], [-78.214672, -0.355387], [-78.215809, -0.361974], [-78.223818, -0.363536], [-78.232932, -0.379024], [-78.243083, -0.383869], [-78.245022, -0.395943], [-78.255997, -0.408481], [-78.252462, -0.412564], [-78.248754, -0.421851], [-78.248792, -0.425709], [-78.242687, -0.428517], [-78.238527, -0.435018], [-78.235909, -0.435954], [-78.237101, -0.441264], [-78.23531, -0.450282], [-78.236605, -0.456045], [-78.240307, -0.461347], [-78.248555, -0.458848], [-78.246746, -0.468889], [-78.247742, -0.472619], [-78.252585, -0.478455], [-78.249881, -0.482416], [-78.253275, -0.491064], [-78.254769, -0.50314], [-78.261963, -0.505105], [-78.265742, -0.509593], [-78.27011, -0.509775], [-78.27065, -0.514831], [-78.267866, -0.521877], [-78.269489, -0.526365], [-78.265582, -0.528684], [-78.267125, -0.530057], [-78.267451, -0.53461], [-78.270658, -0.537184], [-78.269965, -0.541794], [-78.272008, -0.544055], [-78.274094, -0.551257], [-78.279407, -0.557402], [-78.279242, -0.562289], [-78.284766, -0.56769], [-78.284923, -0.57411], [-78.287533, -0.578529], [-78.291514, -0.579076], [-78.297884, -0.576593], [-78.301498, -0.580592], [-78.305932, -0.577401], [-78.308218, -0.577495], [-78.311803, -0.580791], [-78.317875, -0.581172], [-78.320532, -0.584238], [-78.321978, -0.604913], [-78.32683, -0.614535], [-78.323088, -0.618438], [-78.320841, -0.625027], [-78.325487, -0.635431], [-78.325766, -0.640212], [-78.329751, -0.645457], [-78.330195, -0.658816], [-78.332595, -0.657658], [-78.340919, -0.659599], [-78.345928, -0.665675], [-78.350613, -0.666515], [-78.362952, -0.676464], [-78.368904, -0.6736], [-78.39476, -0.677084], [-78.396472, -0.676506], [-78.371507, -0.672867], [-78.363522, -0.661791], [-78.3661, -0.657477], [-78.368459, -0.65681], [-78.370064, -0.650197], [-78.375035, -0.640003], [-78.380259, -0.633826], [-78.384924, -0.631296], [-78.385685, -0.62866], [-78.388834, -0.626471], [-78.39527, -0.625225], [-78.396732, -0.623242], [-78.401133, -0.623581], [-78.40297, -0.622069], [-78.409071, -0.623498], [-78.407632, -0.619814], [-78.40923, -0.617545], [-78.406906, -0.612384], [-78.408605, -0.612108], [-78.410201, -0.613853], [-78.410732, -0.612191], [-78.412321, -0.612726], [-78.41224, -0.611376], [-78.415492, -0.613136], [-78.414369, -0.610013], [-78.416283, -0.60763], [-78.419226, -0.609046], [-78.419895, -0.613452], [-78.421941, -0.609065], [-78.429896, -0.6009], [-78.430741, -0.604074], [-78.43436, -0.606278], [-78.437002, -0.611992], [-78.442188, -0.612494], [-78.442992, -0.615034], [-78.446197, -0.616831], [-78.445112, -0.618757], [-78.448405, -0.617918], [-78.450821, -0.620761], [-78.454345, -0.620574], [-78.457625, -0.615962], [-78.456628, -0.608906], [-78.464445, -0.609733], [-78.470449, -0.616135], [-78.473156, -0.613119], [-78.473556, -0.613206], [-78.475652, -0.615338], [-78.475543, -0.618807], [-78.477233, -0.618561], [-78.479905, -0.622226], [-78.478943, -0.62806], [-78.481097, -0.633823], [-78.482804, -0.630991], [-78.487843, -0.636804], [-78.488849, -0.632381], [-78.490243, -0.63084], [-78.492099, -0.631751], [-78.491317, -0.626233], [-78.492944, -0.624636], [-78.495315, -0.629439], [-78.498622, -0.625297], [-78.49977, -0.625746], [-78.497762, -0.63107], [-78.49886, -0.633733], [-78.500084, -0.632123], [-78.502274, -0.633661], [-78.504642, -0.633278], [-78.507606, -0.629497], [-78.509575, -0.633472], [-78.515917, -0.634621], [-78.51826, -0.629673], [-78.526233, -0.630274], [-78.528419, -0.629101], [-78.528267, -0.627083], [-78.530198, -0.628104], [-78.53045, -0.625232], [-78.531882, -0.626009], [-78.534177, -0.624526], [-78.537861, -0.62659], [-78.537824, -0.619698], [-78.544405, -0.631448], [-78.548738, -0.631294], [-78.551365, -0.633831], [-78.55304, -0.630938], [-78.55525, -0.632273], [-78.557212, -0.630892], [-78.557786, -0.628666], [-78.556016, -0.627029], [-78.557225, -0.627353], [-78.556545, -0.624563], [-78.559665, -0.612754], [-78.56727, -0.610039], [-78.571379, -0.610228], [-78.574166, -0.612065], [-78.576067, -0.611476], [-78.579408, -0.617866], [-78.587841, -0.609571], [-78.590596, -0.61076], [-78.594362, -0.607608], [-78.599773, -0.607798], [-78.607997, -0.602306], [-78.611325, -0.597499], [-78.617533, -0.601538], [-78.618103, -0.606537], [-78.624771, -0.610833]], [[-78.419441, -0.262449], [-78.419455, -0.262465], [-78.419467, -0.262482], [-78.419455, -0.262465], [-78.419441, -0.262449]]]]}}, {"type": "Feature", "id": "MORONA SANTIAGO", "properties": {"codigo": "14", "nombre": "MORONA SANTIAGO", "centroide_lon": -78.00688, "centroide_lat": -2.56413}, "geometry": {"type": "MultiPolygon", "coordinates": [[[[-78.346941, -3.381216], [-78.34418, -3.391304], [-78.347711, -3.396083], [-78.349925, -3.395829], [-78.350133, -3.398212], [-78.355745, -3.403629], [-78.353025, -3.411736], [-78.350456, -3.414025], [-78.350928, -3.417195], [-78.346701, -3.419666], [-78.342367, -3.426564], [-78.34253, -3.430476], [-78.344144, -3.434021], [-78.34539, -3.450068], [-78.348249, -3.452342], [-78.348113, -3.455895], [-78.351142, -3.460729], [-78.355654, -3.462815], [-78.355544, -3.467202], [-78.358357, -3.472672], [-78.358459, -3.476801], [-78.35339, -3.481364], [-78.356517, -3.486226], [-78.355304, -3.487216], [-78.354544, -3.493485], [-78.357917, -3.497648], [-78.357435, -3.501318], [-78.366343, -3.512432], [-78.36731, -3.521709], [-78.365142, -3.529274], [-78.530264, -3.529729], [-78.534809, -3.528186], [-78.535659, -3.530527], [-78.532692, -3.532083], [-78.534955, -3.537535], [-78.546236, -3.537856], [-78.550473, -3.540258], [-78.552955, -3.544792], [-78.558486, -3.541308], [-78.55994, -3.543657], [-78.564244, -3.543829], [-78.564836, -3.546679], [-78.567962, -3.545856], [-78.57701, -3.550726], [-78.580411, -3.548389], [-78.587258, -3.551273], [-78.590087, -3.549136], [-78.593253, -3.550001], [-78.596433, -3.547427], [-78.602243, -3.54709], [-78.602671, -3.545199], [-78.612981, -3.541806], [-78.614169, -3.537881], [-78.622461, -3.537985], [-78.627857, -3.533897], [-78.631199, -3.534329], [-78.638459, -3.539031], [-78.64567, -3.537375], [-78.64674, -3.54023], [-78.650861, -3.542809], [-78.651173, -3.544905], [-78.656901, -3.545304], [-78.658066, -3.546954], [-78.667253, -3.549637], [-78.671302, -3.559476], [-78.671107, -3.563357], [-78.676139, -3.566475], [-78.677872, -3.573765], [-78.681336, -3.578532], [-78.680485, -3.584121], [-78.684245, -3.58775], [-78.692822, -3.583963], [-78.695188, -3.580965], [-78.697068, -3.581176], [-78.70267, -3.577879], [-78.706128, -3.577916], [-78.71451, -3.571862], [-78.716368, -3.565198], [-78.719775, -3.564252], [-78.720785, -3.561966], [-78.722998, -3.561975], [-78.725105, -3.563984], [-78.738958, -3.562131], [-78.74581, -3.566465], [-78.74846, -3.566152], [-78.754676, -3.568738], [-78.757063, -3.565746], [-78.767783, -3.56109], [-78.773946, -3.562877], [-78.776275, -3.557938], [-78.781364, -3.555966], [-78.781619, -3.553977], [-78.786328, -3.550636], [-78.818638, -3.550636], [-78.820621, -3.544923], [-78.829238, -3.54932], [-78.831952, -3.549318], [-78.834856, -3.545355], [-78.837384, -3.536078], [-78.840044, -3.532253], [-78.841153, -3.524631], [-78.844473, -3.522018], [-78.842406, -3.518498], [-78.84371, -3.516697], [-78.847862, -3.513204], [-78.850547, -3.515706], [-78.856152, -3.516102], [-78.862904, -3.511806], [-78.863218, -3.509607], [-78.870522, -3.502267], [-78.869656, -3.496618], [-78.870774, -3.494486], [-78.864387, -3.489136], [-78.867877, -3.484548], [-78.867055, -3.464849], [-78.868854, -3.459699], [-78.871665, -3.459174], [-78.873148, -3.455552], [-78.878216, -3.453823], [-78.878343, -3.448016], [-78.880659, -3.446951], [-78.878724, -3.437041], [-78.876248, -3.435123], [-78.877912, -3.42994], [-78.874887, -3.427278], [-78.874754, -3.421967], [-78.877686, -3.416544], [-78.88089, -3.414209], [-78.883078, -3.406277], [-78.881321, -3.401495], [-78.889739, -3.395539], [-78.901569, -3.394152], [-78.905856, -3.389626], [-78.905765, -3.382839], [-78.911737, -3.380925], [-78.914405, -3.377826], [-78.916175, -3.367059], [-78.921603, -3.36397], [-78.924763, -3.364847], [-78.927083, -3.361573], [-78.931927, -3.359328], [-78.930663, -3.35303], [-78.932929, -3.349124], [-78.940177, -3.349333], [-78.942866, -3.346433], [-78.941591, -3.335981], [-78.944061, -3.333751], [-78.945343, -3.323053], [-78.947448, -3.317613], [-78.946493, -3.314616], [-78.948811, -3.312501], [-78.946473, -3.308509], [-78.950756, -3.306946], [-78.952415, -3.300792], [-78.953926, -3.299852], [-78.95056, -3.299745], [-78.947147, -3.297404], [-78.942306, -3.299772], [-78.939614, -3.296553], [-78.934326, -3.296143], [-78.9338, -3.289016], [-78.936336, -3.281044], [-78.93447, -3.278453], [-78.936185, -3.275657], [-78.934405, -3.273107], [-78.927033, -3.272045], [-78.924169, -3.269169], [-78.921404, -3.271938], [-78.91215, -3.27315], [-78.909323, -3.269386], [-78.90578, -3.268257], [-78.903393, -3.265626], [-78.901824, -3.257095], [-78.898499, -3.253979], [-78.894359, -3.253599], [-78.891442, -3.251267], [-78.879963, -3.250635], [-78.878852, -3.248077], [-78.866847, -3.241778], [-78.865578, -3.239868], [-78.866355, -3.235438], [-78.860343, -3.233924], [-78.856907, -3.229701], [-78.854254, -3.229702], [-78.853388, -3.231171], [-78.850502, -3.229068], [-78.847171, -3.230999], [-78.845919, -3.232837], [-78.846569, -3.236921], [-78.84508, -3.237803], [-78.845898, -3.240065], [-78.841844, -3.24435], [-78.835035, -3.245702], [-78.830594, -3.240439], [-78.82994, -3.235501], [-78.826309, -3.232744], [-78.827282, -3.230115], [-78.824548, -3.228498], [-78.811705, -3.212048], [-78.811111, -3.207347], [-78.805043, -3.204162], [-78.804826, -3.202045], [-78.801967, -3.200324], [-78.801051, -3.197982], [-78.799052, -3.197806], [-78.794147, -3.191674], [-78.790374, -3.193005], [-78.789084, -3.189591], [-78.783359, -3.184789], [-78.783152, -3.176915], [-78.772531, -3.166136], [-78.765985, -3.162821], [-78.754855, -3.160077], [-78.750065, -3.152964], [-78.75049, -3.148285], [-78.743773, -3.144798], [-78.742868, -3.140699], [-78.740909, -3.142266], [-78.736675, -3.139647], [-78.732202, -3.140863], [-78.73011, -3.142954], [-78.727914, -3.142611], [-78.726392, -3.140076], [-78.710225, -3.133477], [-78.705299, -3.13678], [-78.697929, -3.120468], [-78.695703, -3.107304], [-78.688352, -3.104869], [-78.689203, -3.100407], [-78.686633, -3.096096], [-78.682665, -3.082569], [-78.684387, -3.080612], [-78.683013, -3.071616], [-78.684951, -3.070572], [-78.679647, -3.067667], [-78.678686, -3.068336], [-78.670832, -3.063033], [-78.672685, -3.057634], [-78.67075, -3.047459], [-78.672373, -3.046785], [-78.673799, -3.042336], [-78.673169, -3.039142], [-78.676254, -3.03649], [-78.675304, -3.028703], [-78.665044, -3.022614], [-78.662542, -3.015803], [-78.664832, -3.01196], [-78.662506, -3.00946], [-78.661998, -3.004041], [-78.657349, -2.999734], [-78.659932, -2.994846], [-78.657431, -2.992009], [-78.65882, -2.989888], [-78.656998, -2.987311], [-78.649931, -2.985942], [-78.64713, -2.987194], [-78.637811, -2.980814], [-78.634939, -2.973257], [-78.631419, -2.970566], [-78.632813, -2.969851], [-78.632202, -2.958932], [-78.635813, -2.957325], [-78.637304, -2.951798], [-78.632473, -2.938027], [-78.628719, -2.936355], [-78.629181, -2.922688], [-78.634363, -2.921749], [-78.632487, -2.91931], [-78.631618, -2.91355], [-78.615655, -2.899662], [-78.612175, -2.894045], [-78.611626, -2.890373], [-78.60481, -2.885195], [-78.604812, -2.882279], [-78.602344, -2.880064], [-78.601305, -2.872867], [-78.592204, -2.862101], [-78.575553, -2.851045], [-78.577507, -2.849432], [-78.578871, -2.845024], [-78.576757, -2.8428], [-78.577611, -2.836163], [-78.575306, -2.832815], [-78.575627, -2.830582], [-78.582179, -2.824847], [-78.583013, -2.821268], [-78.585949, -2.818287], [-78.588605, -2.817134], [-78.595707, -2.818572], [-78.600048, -2.807004], [-78.602664, -2.80473], [-78.603138, -2.800899], [-78.61187, -2.789597], [-78.611848, -2.787328], [-78.61464, -2.786734], [-78.610383, -2.781784], [-78.610346, -2.777907], [-78.607446, -2.776191], [-78.604985, -2.769784], [-78.602212, -2.768112], [-78.600478, -2.76191], [-78.592101, -2.761583], [-78.589875, -2.752946], [-78.593034, -2.745844], [-78.588155, -2.738329], [-78.588361, -2.735316], [-78.582907, -2.724334], [-78.577703, -2.719038], [-78.576898, -2.712847], [-78.579456, -2.709178], [-78.572962, -2.705134], [-78.566907, -2.705228], [-78.563485, -2.70035], [-78.55244, -2.694901], [-78.546805, -2.696105], [-78.536606, -2.693137], [-78.532238, -2.69458], [-78.530476, -2.692278], [-78.523656, -2.692251], [-78.521148, -2.688956], [-78.518189, -2.688583], [-78.515561, -2.68554], [-78.515101, -2.680154], [-78.505063, -2.674567], [-78.488467, -2.661555], [-78.483138, -2.660124], [-78.474164, -2.662859], [-78.466223, -2.658757], [-78.460074, -2.658282], [-78.456993, -2.655162], [-78.449765, -2.652213], [-78.445001, -2.651607], [-78.440257, -2.648298], [-78.438615, -2.645224], [-78.434596, -2.643515], [-78.431094, -2.636076], [-78.422137, -2.630606], [-78.42491, -2.618894], [-78.428873, -2.61534], [-78.429647, -2.611672], [-78.434998, -2.607591], [-78.435111, -2.601049], [-78.436577, -2.599115], [-78.444427, -2.593865], [-78.46119, -2.590599], [-78.470875, -2.580848], [-78.473074, -2.576814], [-78.478699, -2.574932], [-78.481096, -2.572355], [-78.497762, -2.571813], [-78.505988, -2.575464], [-78.514905, -2.582901], [-78.522839, -2.59571], [-78.524062, -2.605619], [-78.526709, -2.608827], [-78.528255, -2.619337], [-78.530897, -2.621768], [-78.53213, -2.62653], [-78.53311, -2.6269], [-78.536783, -2.620943], [-78.538493, -2.612298], [-78.541442, -2.612027], [-78.542146, -2.60714], [-78.545819, -2.605488], [-78.545282, -2.602448], [-78.548239, -2.598674], [-78.547297, -2.592507], [-78.539387, -2.570827], [-78.535345, -2.565503], [-78.529224, -2.563043], [-78.526759, -2.556244], [-78.522952, -2.553433], [-78.519613, -2.547373], [-78.513586, -2.543799], [-78.511694, -2.540905], [-78.511388, -2.536838], [-78.507482, -2.534952], [-78.504592, -2.529933], [-78.505628, -2.526956], [-78.503073, -2.520418], [-78.502711, -2.513041], [-78.49851, -2.509258], [-78.496334, -2.499911], [-78.491651, -2.492295], [-78.492762, -2.486596], [-78.488455, -2.478409], [-78.487572, -2.469698], [-78.483938, -2.464097], [-78.48347, -2.456889], [-78.481607, -2.455202], [-78.485641, -2.448934], [-78.484058, -2.445292], [-78.485646, -2.442856], [-78.485136, -2.437503], [-78.473541, -2.426801], [-78.464027, -2.423631], [-78.462358, -2.421041], [-78.462566, -2.415728], [-78.470064, -2.414795], [-78.476641, -2.417928], [-78.481601, -2.414139], [-78.48552, -2.399131], [-78.484504, -2.392314], [-78.485451, -2.389683], [-78.486996, -2.389399], [-78.487802, -2.38463], [-78.48532, -2.372538], [-78.488659, -2.374779], [-78.491443, -2.373588], [-78.497852, -2.381571], [-78.50054, -2.381421], [-78.51408, -2.36685], [-78.519605, -2.364431], [-78.519175, -2.359727], [-78.521344, -2.355276], [-78.524717, -2.355488], [-78.53522, -2.342592], [-78.543829, -2.335616], [-78.554451, -2.334347], [-78.562398, -2.325903], [-78.566728, -2.326934], [-78.571514, -2.325431], [-78.575738, -2.327956], [-78.576129, -2.330894], [-78.578927, -2.329959], [-78.581591, -2.328659], [-78.582072, -2.321792], [-78.587199, -2.318589], [-78.585095, -2.311178], [-78.577661, -2.305847], [-78.566798, -2.304668], [-78.563299, -2.307624], [-78.555854, -2.307018], [-78.553917, -2.30512], [-78.550247, -2.305135], [-78.550539, -2.302401], [-78.545802, -2.300303], [-78.547372, -2.291856], [-78.54538, -2.288759], [-78.541287, -2.286621], [-78.536918, -2.279023], [-78.538841, -2.276297], [-78.538161, -2.273732], [-78.539739, -2.270818], [-78.537117, -2.265849], [-78.537389, -2.263639], [-78.538501, -2.264516], [-78.54419, -2.253562], [-78.539663, -2.252902], [-78.540349, -2.25159], [-78.537074, -2.248516], [-78.537833, -2.247091], [-78.536346, -2.242052], [-78.534397, -2.240185], [-78.523486, -2.243074], [-78.514675, -2.240224], [-78.510125, -2.246831], [-78.505078, -2.246495], [-78.501144, -2.241534], [-78.497941, -2.240687], [-78.500315, -2.236567], [-78.49933, -2.230055], [-78.492122, -2.22577], [-78.48855, -2.221015], [-78.487419, -2.216376], [-78.492218, -2.210203], [-78.501241, -2.205922], [-78.497844, -2.195616], [-78.502551, -2.182974], [-78.502019, -2.175461], [-78.504661, -2.171465], [-78.504254, -2.158706], [-78.509573, -2.156164], [-78.51424, -2.156542], [-78.516574, -2.154585], [-78.513346, -2.143578], [-78.515365, -2.137189], [-78.513454, -2.133077], [-78.506579, -2.127382], [-78.496815, -2.125919], [-78.493683, -2.12138], [-78.491927, -2.1253], [-78.482845, -2.129995], [-78.479815, -2.127694], [-78.479377, -2.124071], [-78.471413, -2.122107], [-78.468778, -2.119949], [-78.463023, -2.119583], [-78.460623, -2.117702], [-78.456128, -2.119057], [-78.45016, -2.117971], [-78.44701, -2.11301], [-78.44571, -2.101758], [-78.44305, -2.097729], [-78.438319, -2.095944], [-78.437514, -2.092942], [-78.433288, -2.090042], [-78.436858, -2.084531], [-78.439904, -2.083822], [-78.438995, -2.077123], [-78.442051, -2.072241], [-78.445168, -2.07274], [-78.446621, -2.070929], [-78.446598, -2.067715], [-78.452508, -2.064147], [-78.451302, -2.056772], [-78.452771, -2.050943], [-78.451022, -2.046993], [-78.452939, -2.044303], [-78.450619, -2.038022], [-78.45147, -2.030798], [-78.449951, -2.027697], [-78.447922, -2.026891], [-78.449268, -2.023643], [-78.447228, -2.016686], [-78.442033, -2.014464], [-78.441892, -2.011637], [-78.444678, -2.008724], [-78.444961, -2.006113], [-78.449749, -2.00455], [-78.456848, -1.997395], [-78.459172, -1.992247], [-78.458701, -1.989931], [-78.460658, -1.99312], [-78.466795, -1.997233], [-78.478939, -2.003321], [-78.47881, -2.000509], [-78.484739, -1.992242], [-78.485005, -1.986431], [-78.487757, -1.982439], [-78.486026, -1.976109], [-78.489314, -1.958972], [-78.482583, -1.952558], [-78.475694, -1.95319], [-78.471839, -1.950761], [-78.46359, -1.949856], [-78.460579, -1.943916], [-78.461315, -1.936975], [-78.457232, -1.92948], [-78.457327, -1.92149], [-78.453673, -1.916791], [-78.450649, -1.916631], [-78.443177, -1.910911], [-78.433172, -1.909043], [-78.432071, -1.902244], [-78.42972, -1.897652], [-78.419805, -1.894781], [-78.42009, -1.884414], [-78.411024, -1.87956], [-78.403646, -1.87868], [-78.400728, -1.872087], [-78.401056, -1.869736], [-78.403753, -1.867256], [-78.403509, -1.86354], [-78.399203, -1.858203], [-78.397108, -1.852239], [-78.401543, -1.847008], [-78.409321, -1.844871], [-78.411115, -1.84312], [-78.413885, -1.839474], [-78.413526, -1.836624], [-78.42125, -1.827823], [-78.419721, -1.82299], [-78.42204, -1.812001], [-78.420266, -1.805113], [-78.423851, -1.800404], [-78.433732, -1.796131], [-78.437987, -1.791933], [-78.438578, -1.783796], [-78.440145, -1.781725], [-78.44009, -1.770928], [-78.445246, -1.765584], [-78.445869, -1.762122], [-78.456571, -1.76169], [-78.457756, -1.762953], [-78.457707, -1.761748], [-78.461488, -1.760619], [-78.463338, -1.756371], [-78.466673, -1.75463], [-78.46759, -1.751909], [-78.460823, -1.748856], [-78.459233, -1.739222], [-78.454552, -1.736183], [-78.451406, -1.732083], [-78.447515, -1.71722], [-78.44361, -1.710434], [-78.443125, -1.704335], [-78.439805, -1.699112], [-78.436997, -1.697894], [-78.435422, -1.690306], [-78.432218, -1.685412], [-78.426814, -1.683811], [-78.419867, -1.684594], [-78.416598, -1.686363], [-78.412293, -1.682594], [-78.412068, -1.679548], [-78.40914, -1.674579], [-78.409411, -1.6651], [-78.388185, -1.658288], [-78.381731, -1.654657], [-78.376807, -1.65443], [-78.374289, -1.657316], [-78.371735, -1.656679], [-78.370951, -1.652944], [-78.363812, -1.644873], [-78.366294, -1.635857], [-78.363883, -1.631135], [-78.366625, -1.614233], [-78.36348, -1.607073], [-78.369371, -1.604432], [-78.372986, -1.599736], [-78.37384, -1.590737], [-78.377274, -1.585114], [-78.372182, -1.582324], [-78.370383, -1.575107], [-78.373511, -1.570884], [-78.372011, -1.565134], [-78.376383, -1.557678], [-78.376196, -1.552031], [-78.373546, -1.546417], [-78.373584, -1.542811], [-78.376282, -1.54076], [-78.376481, -1.535912], [-78.364683, -1.533027], [-78.3637, -1.523647], [-78.362363, -1.522047], [-78.357409, -1.520868], [-78.348483, -1.523578], [-78.349096, -1.519425], [-78.345116, -1.513896], [-78.345192, -1.503554], [-78.335735, -1.499689], [-78.331218, -1.500001], [-78.326952, -1.496522], [-78.319027, -1.498421], [-78.312321, -1.494107], [-78.310775, -1.489608], [-78.304389, -1.483664], [-78.300918, -1.483414], [-78.297612, -1.480039], [-78.287524, -1.481294], [-78.284749, -1.479164], [-78.278875, -1.482137], [-78.279875, -1.487133], [-78.276347, -1.498314], [-78.265146, -1.503333], [-78.258842, -1.501171], [-78.257962, -1.499185], [-78.253858, -1.498526], [-78.252636, -1.496647], [-78.249171, -1.496646], [-78.242879, -1.491864], [-78.237896, -1.494021], [-78.234793, -1.492521], [-78.234149, -1.493421], [-78.226872, -1.487831], [-78.223032, -1.487167], [-78.221437, -1.485709], [-78.221609, -1.476084], [-78.217576, -1.473751], [-78.204794, -1.47175], [-78.196842, -1.474868], [-78.19539, -1.471734], [-78.198489, -1.470091], [-78.197214, -1.468061], [-78.195007, -1.467876], [-78.195223, -1.463317], [-78.192468, -1.455481], [-78.186752, -1.455989], [-78.180036, -1.448508], [-78.176215, -1.449068], [-78.17374, -1.452758], [-78.163725, -1.448378], [-78.160673, -1.449244], [-78.16048, -1.451587], [-78.158778, -1.452665], [-78.155968, -1.450615], [-78.154484, -1.452316], [-78.149883, -1.453486], [-78.141311, -1.452846], [-78.139483, -1.451517], [-78.1346, -1.452718], [-78.129554, -1.450754], [-78.123079, -1.454246], [-78.121022, -1.458231], [-78.114588, -1.462669], [-78.110659, -1.469564], [-78.103027, -1.475449], [-78.100043, -1.484228], [-78.079444, -1.505167], [-78.074017, -1.513336], [-78.07201, -1.522374], [-78.064677, -1.528032], [-78.064758, -1.531403], [-78.06246, -1.533781], [-78.058385, -1.543538], [-78.059305, -1.547618], [-78.057594, -1.555218], [-78.059044, -1.558261], [-78.058291, -1.566306], [-78.05947, -1.569521], [-78.058304, -1.57781], [-78.050321, -1.588326], [-78.044975, -1.599291], [-78.045149, -1.607166], [-78.042565, -1.616892], [-78.039686, -1.620019], [-78.039273, -1.626315], [-78.031794, -1.633275], [-78.031347, -1.643573], [-78.029235, -1.648159], [-78.031206, -1.655492], [-78.026323, -1.660763], [-78.022778, -1.667957], [-78.021289, -1.671828], [-78.021668, -1.675629], [-78.013954, -1.677855], [-78.003087, -1.67564], [-77.996543, -1.677265], [-77.98671, -1.676203], [-77.984406, -1.672929], [-77.980988, -1.671131], [-77.973157, -1.672018], [-77.96853, -1.665796], [-77.96331, -1.661695], [-77.95915, -1.660752], [-77.943622, -1.662602], [-77.937816, -1.656837], [-77.922751, -1.654557], [-77.916679, -1.661068], [-77.916633, -1.670062], [-77.909316, -1.678405], [-77.905154, -1.687725], [-77.900677, -1.689224], [-77.893438, -1.688839], [-77.889058, -1.69127], [-77.886378, -1.700989], [-77.882019, -1.708583], [-77.882506, -1.715754], [-77.881157, -1.721702], [-77.883095, -1.730396], [-77.879966, -1.743958], [-77.886967, -1.750566], [-77.885209, -1.762079], [-77.88358, -1.764758], [-77.879988, -1.764767], [-77.875107, -1.760628], [-77.871738, -1.755216], [-77.868958, -1.756172], [-77.871894, -1.764495], [-77.871999, -1.76973], [-77.869973, -1.771175], [-77.866568, -1.770466], [-77.86504, -1.772328], [-77.866184, -1.778482], [-77.86971, -1.783608], [-77.869032, -1.788267], [-77.868017, -1.790001], [-77.866122, -1.789797], [-77.866998, -1.793943], [-77.865026, -1.797453], [-77.859981, -1.7972], [-77.85711, -1.800981], [-77.856854, -1.808768], [-77.861632, -1.815029], [-77.856526, -1.817487], [-77.85555, -1.821414], [-77.846329, -1.837316], [-77.848205, -1.840446], [-77.853466, -1.839193], [-77.855876, -1.846841], [-77.853721, -1.848443], [-77.848008, -1.846884], [-77.842574, -1.849413], [-77.833524, -1.857098], [-77.830621, -1.865162], [-77.827362, -1.868239], [-77.826515, -1.876698], [-77.82837, -1.882008], [-77.82672, -1.888338], [-77.828274, -1.895834], [-77.825501, -1.898852], [-77.824508, -1.902591], [-77.827693, -1.908369], [-77.825362, -1.909775], [-77.825265, -1.917255], [-77.823593, -1.92214], [-77.809821, -1.93214], [-77.795032, -1.933271], [-77.793999, -1.955238], [-77.783743, -1.959706], [-77.78079, -1.968534], [-77.778533, -1.97124], [-77.765142, -1.975474], [-77.753075, -1.985373], [-77.749816, -1.985329], [-77.745773, -1.980905], [-77.743138, -1.980211], [-77.738019, -1.981477], [-77.731869, -1.985232], [-77.733444, -1.993508], [-77.729996, -1.998224], [-77.728221, -2.011488], [-77.715366, -2.025763], [-77.71019, -2.027122], [-77.700611, -2.024127], [-77.692373, -2.027981], [-77.687521, -2.031305], [-77.680656, -2.043335], [-77.671841, -2.050522], [-77.663752, -2.051257], [-77.644232, -2.049173], [-77.6343, -2.04503], [-77.62696, -2.045516], [-77.620412, -2.042277], [-77.616635, -2.042448], [-77.612961, -2.044411], [-77.609601, -2.049924], [-77.593084, -2.060462], [-77.590358, -2.068987], [-77.586218, -2.072706], [-77.580551, -2.073804], [-77.568567, -2.079835], [-77.55921, -2.079514], [-77.551421, -2.073691], [-77.547218, -2.073037], [-77.537381, -2.075273], [-77.522967, -2.085348], [-77.51363, -2.082223], [-77.501039, -2.089327], [-77.496532, -2.099767], [-77.492935, -2.102626], [-77.466925, -2.109124], [-77.450503, -2.119063], [-77.443807, -2.118704], [-77.429467, -2.124938], [-77.428166, -2.126788], [-77.428527, -2.136294], [-77.427126, -2.138469], [-77.413302, -2.144417], [-77.405838, -2.150103], [-77.392448, -2.151236], [-77.385771, -2.158775], [-77.372472, -2.159131], [-77.362366, -2.165049], [-77.360051, -2.164864], [-77.355254, -2.160045], [-77.352375, -2.159889], [-77.347704, -2.168507], [-77.343228, -2.17313], [-77.333908, -2.17311], [-77.325707, -2.177092], [-77.316273, -2.187012], [-77.309659, -2.185264], [-77.305502, -2.18588], [-77.293324, -2.194241], [-77.285885, -2.201701], [-77.28009, -2.201926], [-77.278754, -2.204741], [-77.278593, -2.21205], [-77.272224, -2.214422], [-77.272069, -2.219438], [-77.267784, -2.223583], [-77.264672, -2.233799], [-77.258495, -2.235073], [-77.244641, -2.248413], [-77.236054, -2.249824], [-77.234771, -2.252538], [-77.235585, -2.261312], [-77.229548, -2.263637], [-77.218772, -2.262319], [-77.213375, -2.265099], [-77.209874, -2.269127], [-77.20231, -2.265285], [-77.190924, -2.270175], [-77.184237, -2.275794], [-77.18329, -2.284031], [-77.180786, -2.287894], [-77.171652, -2.294223], [-77.167715, -2.301568], [-77.165101, -2.302301], [-77.156805, -2.299246], [-77.148912, -2.298747], [-77.135337, -2.303337], [-77.128569, -2.314722], [-77.120736, -2.314163], [-77.113726, -2.316264], [-77.103172, -2.33725], [-77.100965, -2.338715], [-77.095741, -2.338892], [-77.087162, -2.343816], [-77.085741, -2.352113], [-77.082049, -2.361521], [-77.078239, -2.365809], [-77.07914, -2.36925], [-77.082094, -2.372525], [-77.081494, -2.376421], [-77.072735, -2.383453], [-77.06941, -2.388172], [-77.058704, -2.395914], [-77.048844, -2.406524], [-77.049856, -2.413942], [-77.041003, -2.420937], [-77.034439, -2.437072], [-77.031443, -2.450961], [-77.02309, -2.457563], [-77.008209, -2.455834], [-77.000681, -2.460504], [-77.000539, -2.472252], [-76.994219, -2.489533], [-76.998763, -2.505916], [-76.996956, -2.51465], [-76.994815, -2.516112], [-76.990755, -2.516063], [-76.974924, -2.510892], [-76.965975, -2.514124], [-76.961882, -2.524784], [-76.955016, -2.534003], [-76.950491, -2.546453], [-76.944767, -2.554565], [-76.939604, -2.554513], [-76.932689, -2.545036], [-76.929701, -2.544131], [-76.92656, -2.546377], [-76.925359, -2.554539], [-76.917423, -2.56422], [-76.914608, -2.564569], [-76.907922, -2.56204], [-76.904973, -2.559774], [-76.902355, -2.554573], [-76.899225, -2.553417], [-76.893842, -2.555226], [-76.886473, -2.565517], [-76.883229, -2.566724], [-76.873394, -2.557739], [-76.868662, -2.556613], [-76.860425, -2.56006], [-76.852023, -2.559567], [-76.844021, -2.556784], [-76.837427, -2.547809], [-76.833874, -2.545291], [-76.820474, -2.543517], [-76.815362, -2.546126], [-76.814607, -2.559224], [-76.812068, -2.564438], [-76.807871, -2.568632], [-76.800268, -2.570695], [-76.793779, -2.568137], [-76.782964, -2.554494], [-76.779618, -2.552424], [-76.771156, -2.554246], [-76.761459, -2.561555], [-76.756974, -2.563181], [-76.748906, -2.562378], [-76.744208, -2.556544], [-76.738165, -2.553689], [-76.733237, -2.563639], [-76.730236, -2.573774], [-76.723908, -2.58524], [-76.712719, -2.595406], [-76.692112, -2.609971], [-77.844497, -2.998997], [-77.839939, -3.008052], [-77.940388, -3.065609], [-77.947076, -3.072164], [-77.947529, -3.07559], [-77.94602, -3.079672], [-77.947727, -3.084441], [-77.951776, -3.090694], [-77.961484, -3.095151], [-77.96234, -3.100755], [-77.969434, -3.111988], [-77.970654, -3.117717], [-77.983102, -3.11963], [-77.984369, -3.129359], [-77.986342, -3.133664], [-77.994069, -3.140962], [-77.996758, -3.147195], [-78.00875, -3.156439], [-78.012101, -3.164826], [-78.010328, -3.17414], [-78.011834, -3.178133], [-78.020535, -3.186388], [-78.029785, -3.187359], [-78.037228, -3.190535], [-78.039747, -3.19515], [-78.041838, -3.207911], [-78.048209, -3.206304], [-78.054131, -3.207097], [-78.062601, -3.221174], [-78.061872, -3.227224], [-78.064939, -3.225457], [-78.076943, -3.227153], [-78.086957, -3.217133], [-78.08971, -3.215493], [-78.09117, -3.216317], [-78.093022, -3.218992], [-78.088804, -3.224352], [-78.086722, -3.23033], [-78.091986, -3.23555], [-78.089509, -3.240423], [-78.094252, -3.242479], [-78.095359, -3.25255], [-78.100355, -3.255829], [-78.099256, -3.261181], [-78.107668, -3.263101], [-78.108745, -3.270948], [-78.106918, -3.274049], [-78.108315, -3.277494], [-78.113122, -3.28104], [-78.113334, -3.286465], [-78.11979, -3.291091], [-78.119787, -3.293674], [-78.124052, -3.294388], [-78.1302, -3.303994], [-78.132636, -3.305567], [-78.132957, -3.308353], [-78.13523, -3.310148], [-78.135977, -3.314145], [-78.140267, -3.31962], [-78.143378, -3.327033], [-78.151254, -3.329285], [-78.151821, -3.333341], [-78.157747, -3.335574], [-78.160713, -3.340555], [-78.168378, -3.345098], [-78.170464, -3.349873], [-78.17468, -3.351426], [-78.177364, -3.355338], [-78.181004, -3.355367], [-78.192792, -3.361694], [-78.193802, -3.366295], [-78.19142, -3.37186], [-78.194747, -3.374674], [-78.191991, -3.376805], [-78.190199, -3.38136], [-78.186735, -3.393163], [-78.187237, -3.397402], [-78.182603, -3.402463], [-78.179606, -3.409971], [-78.173457, -3.412483], [-78.167697, -3.409518], [-78.166755, -3.412477], [-78.160893, -3.41393], [-78.155053, -3.42096], [-78.153264, -3.431418], [-78.150772, -3.433418], [-78.152765, -3.442371], [-78.150424, -3.443551], [-78.1494, -3.446961], [-78.147631, -3.447978], [-78.148499, -3.458482], [-78.144989, -3.461659], [-78.147124, -3.4654], [-78.146992, -3.478523], [-78.148916, -3.48066], [-78.162902, -3.481369], [-78.169885, -3.490624], [-78.18072, -3.491677], [-78.184359, -3.499517], [-78.186678, -3.497798], [-78.192508, -3.500567], [-78.200499, -3.495594], [-78.202428, -3.501128], [-78.204343, -3.500975], [-78.206123, -3.505584], [-78.216442, -3.509399], [-78.21836, -3.509068], [-78.22654, -3.501171], [-78.231127, -3.499449], [-78.23257, -3.496195], [-78.228789, -3.495856], [-78.226364, -3.491235], [-78.230431, -3.486743], [-78.229514, -3.481553], [-78.230453, -3.47768], [-78.236875, -3.46171], [-78.236866, -3.455332], [-78.235057, -3.452825], [-78.236796, -3.450025], [-78.236881, -3.445299], [-78.24412, -3.439237], [-78.244646, -3.436564], [-78.24265, -3.430673], [-78.243906, -3.422236], [-78.241082, -3.417378], [-78.241366, -3.40916], [-78.245892, -3.407154], [-78.246896, -3.402196], [-78.249612, -3.400781], [-78.255208, -3.404331], [-78.260366, -3.402687], [-78.267335, -3.405305], [-78.273573, -3.404219], [-78.27729, -3.40129], [-78.2793, -3.402055], [-78.282188, -3.400869], [-78.28511, -3.397242], [-78.290162, -3.395519], [-78.292905, -3.39799], [-78.296492, -3.396772], [-78.298374, -3.399059], [-78.301698, -3.399915], [-78.310408, -3.395601], [-78.317255, -3.396081], [-78.32937, -3.386426], [-78.340838, -3.38202], [-78.346941, -3.381216]]]]}}, {"type": "Feature", "id": "BOLÍVAR", "properties": {"codigo": "02", "nombre": "BOLÍVAR", "centroide_lon": -79.10828, "centroide_lat": -1.59725}, "geometry": {"type": "MultiPolygon", "coordinates": [[[[-79.015573, -1.886615], [-79.008129, -1.903824], [-79.008033, -1.907876], [-79.010052, -1.910056], [-79.007476, -1.915305], [-79.008178, -1.920869], [-79.00666, -1.923732], [-79.00824, -1.927506], [-79.007353, -1.932917], [-79.00975, -1.937012], [-79.008041, -1.944426], [-79.011833, -1.949015], [-79.016696, -1.959644], [-79.015132, -1.964583], [-79.013454, -1.965763], [-79.016295, -1.982228], [-79.016555, -1.995217], [-79.018627, -2.001337], [-79.026554, -2.009842], [-79.0271, -2.019713], [-79.029525, -2.021949], [-79.030384, -2.026952], [-79.029754, -2.034796], [-79.032653, -2.03742], [-79.03206, -2.040214], [-79.033471, -2.041217], [-79.036348, -2.051553], [-79.035681, -2.057747], [-79.037774, -2.060343], [-79.032767, -2.065436], [-79.030422, -2.065762], [-79.029724, -2.068625], [-79.025905, -2.069944], [-79.023026, -2.075621], [-79.023675, -2.085644], [-79.026197, -2.088827], [-79.024995, -2.089606], [-79.025396, -2.092931], [-79.027958, -2.095047], [-79.025962, -2.100921], [-79.02942, -2.112525], [-79.036719, -2.126542], [-79.040201, -2.128377], [-79.043206, -2.134066], [-79.049145, -2.139699], [-79.048423, -2.143231], [-79.050394, -2.144234], [-79.052034, -2.149827], [-79.054701, -2.149857], [-79.06013, -2.154819], [-79.062587, -2.155018], [-79.062933, -2.158036], [-79.071636, -2.166019], [-79.072356, -2.168446], [-79.076597, -2.169939], [-79.080919, -2.178356], [-79.08814, -2.184725], [-79.093328, -2.186167], [-79.098055, -2.189943], [-79.100042, -2.189762], [-79.103574, -2.194841], [-79.107429, -2.19464], [-79.107879, -2.199497], [-79.110503, -2.201227], [-79.12699, -2.202706], [-79.126608, -2.191599], [-79.13215, -2.174743], [-79.11665, -2.162657], [-79.11665, -2.155691], [-79.110514, -2.151582], [-79.105327, -2.143713], [-79.110194, -2.144648], [-79.117021, -2.139451], [-79.121068, -2.141027], [-79.12167, -2.135591], [-79.116453, -2.125374], [-79.1223, -2.119638], [-79.127032, -2.117734], [-79.133252, -2.118229], [-79.135651, -2.120253], [-79.14328, -2.121864], [-79.158438, -2.120362], [-79.162091, -2.121995], [-79.164617, -2.125509], [-79.165679, -2.130348], [-79.168727, -2.133031], [-79.169051, -2.141634], [-79.175854, -2.145916], [-79.179938, -2.14497], [-79.179571, -2.142243], [-79.183602, -2.14376], [-79.187929, -2.141686], [-79.194014, -2.131137], [-79.2003, -2.133257], [-79.223754, -2.121922], [-79.228595, -2.117309], [-79.23156, -2.108165], [-79.228493, -2.107316], [-79.222532, -2.10833], [-79.214274, -2.113254], [-79.207714, -2.110824], [-79.205444, -2.108494], [-79.207825, -2.097404], [-79.207182, -2.093129], [-79.20983, -2.09445], [-79.221941, -2.095216], [-79.22194, -2.084313], [-79.214148, -2.08793], [-79.211456, -2.086559], [-79.199645, -2.085816], [-79.188053, -2.076943], [-79.226624, -2.076564], [-79.229086, -2.072395], [-79.236738, -2.066441], [-79.237736, -2.06315], [-79.24028, -2.061682], [-79.240374, -2.057837], [-79.238773, -2.056245], [-79.242428, -2.053508], [-79.244818, -2.054753], [-79.247599, -2.048297], [-79.253405, -2.046511], [-79.254816, -2.043096], [-79.259885, -2.039547], [-79.262806, -2.033274], [-79.264789, -2.034791], [-79.266465, -2.028055], [-79.265438, -2.020861], [-79.261112, -2.017215], [-79.268918, -2.012159], [-79.271183, -2.002041], [-79.26855, -2.00038], [-79.267143, -2.001823], [-79.259423, -2.002452], [-79.258136, -2.005475], [-79.25265, -2.004387], [-79.246504, -2.001464], [-79.242347, -1.992103], [-79.240159, -1.991171], [-79.240159, -1.981712], [-79.256028, -1.978243], [-79.256028, -1.941038], [-79.246213, -1.916166], [-79.246213, -1.857975], [-79.245203, -1.856961], [-79.241709, -1.857792], [-79.238824, -1.852826], [-79.234113, -1.85206], [-79.231548, -1.84938], [-79.230108, -1.844733], [-79.230406, -1.840438], [-79.234214, -1.834591], [-79.235972, -1.82866], [-79.243677, -1.825783], [-79.248745, -1.816618], [-79.25201, -1.814774], [-79.247094, -1.815237], [-79.23885, -1.804823], [-79.240627, -1.805055], [-79.239214, -1.802887], [-79.244058, -1.800758], [-79.247265, -1.79419], [-79.246532, -1.790562], [-79.248979, -1.787462], [-79.245606, -1.779608], [-79.247152, -1.772251], [-79.234993, -1.769802], [-79.230681, -1.758482], [-79.238323, -1.756733], [-79.242835, -1.75325], [-79.241958, -1.751987], [-79.23718, -1.752593], [-79.236167, -1.750023], [-79.237198, -1.747644], [-79.234917, -1.747774], [-79.231785, -1.743608], [-79.234832, -1.732741], [-79.241173, -1.729164], [-79.241996, -1.725564], [-79.246233, -1.726081], [-79.249506, -1.723615], [-79.259744, -1.710831], [-79.262834, -1.708881], [-79.267319, -1.699839], [-79.269572, -1.698419], [-79.267305, -1.697666], [-79.263765, -1.705274], [-79.261145, -1.703294], [-79.26215, -1.700768], [-79.260856, -1.697697], [-79.261429, -1.695098], [-79.262645, -1.695857], [-79.262645, -1.694279], [-79.269587, -1.691976], [-79.268289, -1.688572], [-79.270357, -1.688082], [-79.270439, -1.684127], [-79.272446, -1.684369], [-79.272853, -1.680145], [-79.269071, -1.679225], [-79.26976, -1.675811], [-79.273591, -1.672884], [-79.273247, -1.668808], [-79.277729, -1.666596], [-79.28453, -1.66652], [-79.287112, -1.668674], [-79.291326, -1.669455], [-79.28804, -1.661048], [-79.289123, -1.659027], [-79.28855, -1.651329], [-79.291995, -1.650503], [-79.297199, -1.654011], [-79.301965, -1.653268], [-79.304525, -1.656314], [-79.309281, -1.655347], [-79.315596, -1.659706], [-79.319544, -1.659705], [-79.319944, -1.647644], [-79.347969, -1.644923], [-79.355654, -1.637736], [-79.353146, -1.633175], [-79.349781, -1.634397], [-79.344762, -1.630703], [-79.341258, -1.632524], [-79.339215, -1.629866], [-79.332545, -1.628398], [-79.330558, -1.629329], [-79.326807, -1.627693], [-79.31675, -1.627582], [-79.31675, -1.620763], [-79.309969, -1.612796], [-79.310625, -1.611573], [-79.305687, -1.607979], [-79.306609, -1.606604], [-79.305276, -1.604696], [-79.298705, -1.599418], [-79.297441, -1.600799], [-79.294832, -1.599224], [-79.293824, -1.601036], [-79.291123, -1.601055], [-79.287873, -1.605421], [-79.282888, -1.607101], [-79.278617, -1.610478], [-79.276897, -1.604329], [-79.272379, -1.599909], [-79.274067, -1.595937], [-79.273099, -1.592626], [-79.27109, -1.591503], [-79.270659, -1.588323], [-79.253355, -1.56977], [-79.253119, -1.566745], [-79.248106, -1.561057], [-79.248656, -1.557241], [-79.245009, -1.547201], [-79.245211, -1.5436], [-79.247812, -1.54383], [-79.252445, -1.540353], [-79.261885, -1.538668], [-79.26776, -1.542387], [-79.271663, -1.540495], [-79.278704, -1.532072], [-79.2827, -1.530187], [-79.284515, -1.526714], [-79.294257, -1.523963], [-79.29627, -1.526054], [-79.305194, -1.525608], [-79.310564, -1.519987], [-79.311932, -1.515632], [-79.321829, -1.512715], [-79.322475, -1.506627], [-79.320836, -1.499298], [-79.317622, -1.495573], [-79.319325, -1.492802], [-79.31858, -1.491873], [-79.321936, -1.488949], [-79.323796, -1.483335], [-79.327512, -1.48395], [-79.32678, -1.481559], [-79.328307, -1.480685], [-79.328579, -1.474764], [-79.332254, -1.46924], [-79.338214, -1.470157], [-79.331283, -1.461151], [-79.337736, -1.460619], [-79.341222, -1.462412], [-79.341347, -1.463799], [-79.343176, -1.463835], [-79.342302, -1.466811], [-79.344003, -1.466347], [-79.344612, -1.470876], [-79.347153, -1.471721], [-79.355474, -1.46281], [-79.361306, -1.451819], [-79.361306, -1.44837], [-79.358801, -1.446503], [-79.358254, -1.450043], [-79.355342, -1.45123], [-79.356063, -1.454813], [-79.345275, -1.454713], [-79.339423, -1.449946], [-79.332292, -1.445957], [-79.327833, -1.445306], [-79.316825, -1.437677], [-79.317791, -1.435183], [-79.321192, -1.437587], [-79.32446, -1.437055], [-79.331362, -1.439564], [-79.336469, -1.436493], [-79.332235, -1.430166], [-79.328744, -1.419753], [-79.32859, -1.415351], [-79.326118, -1.412612], [-79.325361, -1.407472], [-79.328373, -1.405836], [-79.325313, -1.404665], [-79.327812, -1.396885], [-79.321988, -1.390735], [-79.316234, -1.391683], [-79.307427, -1.390803], [-79.297711, -1.395821], [-79.288869, -1.393635], [-79.289017, -1.388161], [-79.290812, -1.385943], [-79.289612, -1.382942], [-79.291208, -1.377693], [-79.290231, -1.368856], [-79.292643, -1.366324], [-79.297014, -1.355603], [-79.291049, -1.355839], [-79.281769, -1.353847], [-79.278449, -1.354867], [-79.273682, -1.337736], [-79.266492, -1.331388], [-79.279918, -1.327707], [-79.282536, -1.328085], [-79.289401, -1.332957], [-79.293674, -1.33346], [-79.305691, -1.326748], [-79.316461, -1.325751], [-79.32307, -1.321419], [-79.320218, -1.315155], [-79.322611, -1.312185], [-79.322787, -1.308776], [-79.332131, -1.299038], [-79.332688, -1.296423], [-79.337182, -1.292932], [-79.346981, -1.296887], [-79.355735, -1.303513], [-79.359272, -1.304607], [-79.359441, -1.311654], [-79.362812, -1.314157], [-79.360343, -1.317578], [-79.362327, -1.322431], [-79.369418, -1.32829], [-79.377684, -1.325866], [-79.379946, -1.326779], [-79.382242, -1.32513], [-79.383923, -1.326208], [-79.385642, -1.3239], [-79.387888, -1.325349], [-79.389061, -1.322505], [-79.391952, -1.323386], [-79.392601, -1.322224], [-79.389077, -1.318041], [-79.388259, -1.313884], [-79.383326, -1.305849], [-79.37884, -1.304925], [-79.375902, -1.307914], [-79.375162, -1.303158], [-79.370354, -1.301989], [-79.369339, -1.299673], [-79.366695, -1.299641], [-79.367784, -1.296992], [-79.366864, -1.294228], [-79.363693, -1.290445], [-79.361131, -1.283839], [-79.35881, -1.282964], [-79.357074, -1.27789], [-79.35311, -1.272789], [-79.348952, -1.271807], [-79.349213, -1.265723], [-79.346398, -1.263324], [-79.348119, -1.261138], [-79.342379, -1.252568], [-79.340421, -1.251581], [-79.341958, -1.24527], [-79.339855, -1.244228], [-79.340165, -1.242122], [-79.338227, -1.241273], [-79.3364, -1.237777], [-79.336511, -1.231371], [-79.334721, -1.226665], [-79.330872, -1.222521], [-79.323664, -1.218961], [-79.321491, -1.215873], [-79.310976, -1.210719], [-79.307266, -1.207134], [-79.295389, -1.208296], [-79.290244, -1.205165], [-79.279562, -1.2061], [-79.274942, -1.204293], [-79.267978, -1.209245], [-79.260614, -1.207696], [-79.253941, -1.201187], [-79.248364, -1.200872], [-79.238533, -1.195334], [-79.232787, -1.187489], [-79.22892, -1.186321], [-79.224423, -1.182034], [-79.220493, -1.174761], [-79.211314, -1.174423], [-79.208025, -1.171346], [-79.197178, -1.170686], [-79.192098, -1.168928], [-79.183464, -1.169916], [-79.179284, -1.168606], [-79.176854, -1.163677], [-79.174509, -1.162456], [-79.170246, -1.162137], [-79.167596, -1.160316], [-79.156354, -1.162158], [-79.14372, -1.155164], [-79.143412, -1.156725], [-79.139942, -1.158779], [-79.137942, -1.158286], [-79.133478, -1.162888], [-79.129499, -1.15841], [-79.126875, -1.15834], [-79.122115, -1.151762], [-79.112215, -1.156005], [-79.106796, -1.149886], [-79.105305, -1.151231], [-79.100853, -1.150627], [-79.096544, -1.152088], [-79.095035, -1.155005], [-79.088627, -1.155824], [-79.087953, -1.158362], [-79.082008, -1.161977], [-79.079464, -1.168379], [-79.07372, -1.171695], [-79.068777, -1.179845], [-79.067393, -1.179588], [-79.065125, -1.182046], [-79.060555, -1.181878], [-79.060744, -1.18493], [-79.057174, -1.187462], [-79.049207, -1.187779], [-79.04586, -1.197004], [-79.041741, -1.197543], [-79.040014, -1.196044], [-79.034407, -1.197751], [-79.027401, -1.207968], [-79.021518, -1.209282], [-79.013715, -1.213946], [-78.995864, -1.216479], [-78.992195, -1.218591], [-78.989315, -1.217277], [-78.987999, -1.219726], [-78.985989, -1.219995], [-78.982945, -1.217816], [-78.983131, -1.215114], [-78.979867, -1.21672], [-78.978493, -1.214143], [-78.975186, -1.21433], [-78.973825, -1.211859], [-78.972017, -1.211444], [-78.969279, -1.212859], [-78.968802, -1.211606], [-78.962478, -1.211476], [-78.961082, -1.215131], [-78.957394, -1.216069], [-78.952078, -1.211263], [-78.94646, -1.210707], [-78.948184, -1.208272], [-78.947647, -1.205036], [-78.94223, -1.205547], [-78.93189, -1.211688], [-78.924839, -1.213036], [-78.916975, -1.207447], [-78.901841, -1.204252], [-78.899432, -1.201425], [-78.891663, -1.202986], [-78.889059, -1.198176], [-78.892054, -1.197201], [-78.893726, -1.192557], [-78.878709, -1.196886], [-78.869077, -1.192], [-78.869522, -1.186302], [-78.866068, -1.185981], [-78.864407, -1.190435], [-78.862201, -1.191441], [-78.863102, -1.194], [-78.869369, -1.197038], [-78.87347, -1.203853], [-78.880726, -1.209039], [-78.884931, -1.208294], [-78.884796, -1.213038], [-78.891378, -1.219573], [-78.894046, -1.224381], [-78.891786, -1.232838], [-78.89446, -1.240294], [-78.890711, -1.244032], [-78.890354, -1.247782], [-78.891628, -1.25], [-78.89032, -1.255015], [-78.887065, -1.255811], [-78.885178, -1.258603], [-78.888549, -1.263199], [-78.886392, -1.26806], [-78.891387, -1.269791], [-78.892843, -1.272818], [-78.890832, -1.274078], [-78.893931, -1.280662], [-78.893039, -1.284658], [-78.896954, -1.288367], [-78.897996, -1.29547], [-78.902013, -1.298276], [-78.905334, -1.305183], [-78.912194, -1.306737], [-78.915802, -1.311901], [-78.912668, -1.317585], [-78.915332, -1.325214], [-78.918889, -1.328764], [-78.922925, -1.330042], [-78.934258, -1.337731], [-78.933361, -1.349871], [-78.935393, -1.353526], [-78.937714, -1.354491], [-78.938896, -1.359957], [-78.935638, -1.364708], [-78.931861, -1.366378], [-78.926114, -1.376396], [-78.931477, -1.383521], [-78.925565, -1.391977], [-78.926433, -1.396891], [-78.931737, -1.401965], [-78.924845, -1.405495], [-78.923227, -1.408323], [-78.916915, -1.409962], [-78.913101, -1.420099], [-78.907653, -1.425844], [-78.909758, -1.431121], [-78.901389, -1.440026], [-78.89623, -1.443208], [-78.886352, -1.458973], [-78.874828, -1.463786], [-78.871589, -1.468363], [-78.852561, -1.470896], [-78.864208, -1.480908], [-78.868123, -1.482108], [-78.866936, -1.489014], [-78.867736, -1.491402], [-78.877795, -1.491402], [-78.878531, -1.496341], [-78.874098, -1.499859], [-78.867691, -1.512825], [-78.874567, -1.518584], [-78.877336, -1.527795], [-78.876426, -1.532055], [-78.880562, -1.533662], [-78.881878, -1.53929], [-78.883968, -1.539904], [-78.883817, -1.544514], [-78.885316, -1.547137], [-78.88384, -1.550523], [-78.884508, -1.555121], [-78.890981, -1.578304], [-78.894583, -1.584419], [-78.897692, -1.600904], [-78.895955, -1.611851], [-78.896583, -1.616355], [-78.892595, -1.62549], [-78.88767, -1.629561], [-78.879192, -1.627381], [-78.866586, -1.632549], [-78.851254, -1.628699], [-78.851545, -1.644282], [-78.854119, -1.65412], [-78.852627, -1.664498], [-78.855855, -1.666964], [-78.862629, -1.679436], [-78.859219, -1.69041], [-78.863963, -1.695729], [-78.864042, -1.701669], [-78.866898, -1.709011], [-78.866809, -1.714086], [-78.863341, -1.718655], [-78.87144, -1.719191], [-78.875577, -1.721474], [-78.879269, -1.731423], [-78.879919, -1.7407], [-78.885929, -1.740758], [-78.89634, -1.735656], [-78.899677, -1.736177], [-78.905971, -1.732594], [-78.915476, -1.739111], [-78.921622, -1.740479], [-78.927078, -1.748929], [-78.927351, -1.751794], [-78.932488, -1.757135], [-78.939245, -1.757588], [-78.949547, -1.754508], [-78.952769, -1.755249], [-78.956838, -1.754028], [-78.957097, -1.755298], [-78.960769, -1.755102], [-78.961047, -1.754022], [-78.972413, -1.754925], [-78.974275, -1.753359], [-78.978408, -1.753855], [-78.984398, -1.755738], [-78.987318, -1.758673], [-78.987018, -1.760378], [-78.995812, -1.765938], [-78.997369, -1.770363], [-78.99953, -1.771742], [-79.012163, -1.774083], [-79.011297, -1.78304], [-79.008414, -1.791001], [-79.009804, -1.799885], [-79.007687, -1.801472], [-79.00748, -1.803825], [-79.009922, -1.809701], [-79.012163, -1.823372], [-79.011248, -1.831144], [-79.013717, -1.837828], [-79.012594, -1.839997], [-79.014748, -1.840804], [-79.01537, -1.847853], [-79.020141, -1.849722], [-79.022876, -1.856707], [-79.020885, -1.862043], [-79.017536, -1.86418], [-79.018009, -1.86898], [-79.016253, -1.871365], [-79.017127, -1.874015], [-79.013105, -1.880069], [-79.015573, -1.886615]]]]}}, {"type": "Feature", "id": "LOS RÍOS", "properties": {"codigo": "12", "nombre": "LOS RÍOS", "centroide_lon": -79.49238, "centroide_lat": -1.34084}, "geometry": {"type": "MultiPolygon", "coordinates": [[[[-79.67183, -1.898], [-79.674753, -1.895335], [-79.672355, -1.889835], [-79.674646, -1.890249], [-79.675493, -1.886361], [-79.679591, -1.885204], [-79.680527, -1.882139], [-79.68407, -1.880677], [-79.683242, -1.876835], [-79.686219, -1.870548], [-79.685736, -1.867973], [-79.69582, -1.868038], [-79.697998, -1.869226], [-79.701449, -1.865821], [-79.704351, -1.866359], [-79.705604, -1.863084], [-79.710064, -1.859039], [-79.709644, -1.854518], [-79.717228, -1.850523], [-79.726989, -1.850339], [-79.731443, -1.845987], [-79.73177, -1.84048], [-79.719275, -1.827811], [-79.720662, -1.825913], [-79.728942, -1.825148], [-79.730375, -1.809098], [-79.736966, -1.806588], [-79.738452, -1.797927], [-79.74842, -1.787495], [-79.747971, -1.775807], [-79.74338, -1.746107], [-79.746073, -1.745506], [-79.745252, -1.74426], [-79.748672, -1.7384], [-79.747394, -1.736085], [-79.749878, -1.733364], [-79.762997, -1.729796], [-79.769978, -1.722376], [-79.772496, -1.723451], [-79.784744, -1.719111], [-79.794019, -1.71946], [-79.799196, -1.715947], [-79.801189, -1.712812], [-79.809616, -1.711631], [-79.813989, -1.707843], [-79.826106, -1.707665], [-79.82755, -1.699906], [-79.831936, -1.692998], [-79.839884, -1.68571], [-79.837603, -1.682418], [-79.827835, -1.680335], [-79.826709, -1.674691], [-79.829223, -1.67338], [-79.837163, -1.674404], [-79.846478, -1.673032], [-79.851249, -1.671512], [-79.855516, -1.666343], [-79.855333, -1.66483], [-79.840781, -1.657671], [-79.83765, -1.654824], [-79.844181, -1.652017], [-79.844344, -1.648332], [-79.849168, -1.644541], [-79.853051, -1.644298], [-79.859802, -1.648987], [-79.862283, -1.646069], [-79.862182, -1.640485], [-79.856258, -1.631378], [-79.856782, -1.627701], [-79.861354, -1.61982], [-79.862758, -1.613608], [-79.862068, -1.610562], [-79.866379, -1.609879], [-79.871316, -1.601857], [-79.865978, -1.598209], [-79.8651, -1.594114], [-79.867791, -1.590988], [-79.864642, -1.583814], [-79.860253, -1.579874], [-79.857852, -1.580593], [-79.853424, -1.578637], [-79.85641, -1.569461], [-79.853842, -1.567353], [-79.854681, -1.565472], [-79.856827, -1.566398], [-79.856649, -1.564188], [-79.85993, -1.56241], [-79.864831, -1.564431], [-79.866559, -1.559761], [-79.866081, -1.556069], [-79.868364, -1.558121], [-79.870551, -1.557647], [-79.871536, -1.554865], [-79.868497, -1.54815], [-79.868076, -1.543621], [-79.874705, -1.542521], [-79.874562, -1.537027], [-79.87356, -1.536247], [-79.872985, -1.53816], [-79.87085, -1.538157], [-79.870987, -1.534722], [-79.867284, -1.531569], [-79.870483, -1.53069], [-79.868851, -1.528332], [-79.871024, -1.527129], [-79.867877, -1.52608], [-79.878103, -1.523349], [-79.871787, -1.520777], [-79.876636, -1.515124], [-79.873631, -1.514327], [-79.875423, -1.50995], [-79.872667, -1.508488], [-79.869854, -1.504009], [-79.873506, -1.497797], [-79.869909, -1.497047], [-79.866793, -1.494519], [-79.867761, -1.493305], [-79.871632, -1.494698], [-79.872995, -1.491206], [-79.869109, -1.487059], [-79.864791, -1.490587], [-79.861977, -1.487121], [-79.867515, -1.485842], [-79.869536, -1.483158], [-79.869364, -1.479782], [-79.867687, -1.480254], [-79.86683, -1.479028], [-79.867745, -1.474032], [-79.870078, -1.473738], [-79.870518, -1.469335], [-79.865785, -1.468052], [-79.868205, -1.464791], [-79.870308, -1.464844], [-79.871526, -1.458269], [-79.865905, -1.457127], [-79.867091, -1.454297], [-79.864263, -1.451394], [-79.866603, -1.449246], [-79.868403, -1.451018], [-79.870442, -1.449389], [-79.865048, -1.445843], [-79.86815, -1.445145], [-79.866418, -1.441985], [-79.868206, -1.434966], [-79.861613, -1.435407], [-79.867449, -1.42944], [-79.86695, -1.428315], [-79.865581, -1.430554], [-79.862749, -1.429935], [-79.862676, -1.426399], [-79.86506, -1.421589], [-79.862096, -1.423122], [-79.859752, -1.41915], [-79.856552, -1.419628], [-79.857209, -1.417015], [-79.854351, -1.416724], [-79.855806, -1.41315], [-79.854384, -1.412793], [-79.854474, -1.414412], [-79.851663, -1.415906], [-79.852475, -1.412752], [-79.847659, -1.409855], [-79.847785, -1.408136], [-79.850599, -1.408075], [-79.851865, -1.409939], [-79.854563, -1.410085], [-79.851579, -1.407252], [-79.854599, -1.405788], [-79.852139, -1.402811], [-79.84943, -1.403202], [-79.851506, -1.397281], [-79.84941, -1.395466], [-79.847042, -1.398832], [-79.845445, -1.396129], [-79.847405, -1.392043], [-79.844054, -1.388594], [-79.846902, -1.389473], [-79.848063, -1.386715], [-79.845253, -1.386588], [-79.846506, -1.383455], [-79.844575, -1.380785], [-79.842217, -1.37915], [-79.839502, -1.380315], [-79.838893, -1.377746], [-79.836599, -1.37772], [-79.833067, -1.369758], [-79.830542, -1.368312], [-79.829308, -1.369992], [-79.826587, -1.36936], [-79.827702, -1.366291], [-79.824776, -1.366868], [-79.824743, -1.364846], [-79.82274, -1.36485], [-79.821336, -1.361564], [-79.823, -1.360022], [-79.820274, -1.359537], [-79.820424, -1.357182], [-79.817908, -1.357759], [-79.815936, -1.355278], [-79.813238, -1.355195], [-79.81203, -1.351883], [-79.808628, -1.350913], [-79.810801, -1.350528], [-79.809911, -1.347459], [-79.808304, -1.347891], [-79.80735, -1.345646], [-79.80312, -1.344923], [-79.805666, -1.34316], [-79.802796, -1.340112], [-79.804304, -1.338234], [-79.802533, -1.336917], [-79.804766, -1.335922], [-79.803948, -1.332284], [-79.802028, -1.3339], [-79.800161, -1.332961], [-79.799966, -1.33128], [-79.801688, -1.330176], [-79.798371, -1.328446], [-79.799936, -1.326725], [-79.798011, -1.320059], [-79.796566, -1.321533], [-79.794661, -1.320029], [-79.794292, -1.316093], [-79.792677, -1.314946], [-79.793393, -1.3131], [-79.791653, -1.311761], [-79.792589, -1.308345], [-79.789439, -1.306472], [-79.78956, -1.304963], [-79.792285, -1.30657], [-79.791716, -1.304186], [-79.793427, -1.304451], [-79.792482, -1.301739], [-79.79002, -1.302049], [-79.789876, -1.300379], [-79.78748, -1.300315], [-79.787639, -1.298868], [-79.785022, -1.297391], [-79.785699, -1.296209], [-79.788671, -1.29798], [-79.790367, -1.294631], [-79.787911, -1.294832], [-79.788549, -1.292847], [-79.785329, -1.292765], [-79.782285, -1.290477], [-79.782273, -1.292568], [-79.780223, -1.292913], [-79.775418, -1.29015], [-79.777431, -1.288094], [-79.774462, -1.288318], [-79.77607, -1.285514], [-79.775228, -1.28177], [-79.777361, -1.283031], [-79.777046, -1.281167], [-79.778802, -1.281025], [-79.780574, -1.276903], [-79.777598, -1.277764], [-79.777913, -1.27427], [-79.775903, -1.275724], [-79.774528, -1.272266], [-79.772398, -1.273822], [-79.773255, -1.270475], [-79.769923, -1.270456], [-79.769393, -1.2685], [-79.76729, -1.270219], [-79.764028, -1.269052], [-79.766279, -1.2671], [-79.766159, -1.26545], [-79.763479, -1.265875], [-79.764329, -1.25975], [-79.766093, -1.259025], [-79.76693, -1.260692], [-79.771156, -1.257672], [-79.768477, -1.256253], [-79.768147, -1.254038], [-79.766298, -1.254097], [-79.765329, -1.250571], [-79.764519, -1.252724], [-79.763457, -1.250514], [-79.759732, -1.253028], [-79.757808, -1.252081], [-79.759323, -1.250619], [-79.758118, -1.24687], [-79.755304, -1.247322], [-79.752208, -1.244359], [-79.754727, -1.242299], [-79.754351, -1.239781], [-79.756897, -1.237401], [-79.758884, -1.237848], [-79.759137, -1.234818], [-79.756043, -1.232771], [-79.757356, -1.235563], [-79.754718, -1.234446], [-79.755229, -1.236604], [-79.752939, -1.237346], [-79.752905, -1.232345], [-79.754519, -1.230756], [-79.752602, -1.227266], [-79.753171, -1.224685], [-79.748938, -1.22329], [-79.748979, -1.221476], [-79.74564, -1.219303], [-79.747714, -1.218613], [-79.747041, -1.215816], [-79.749185, -1.216506], [-79.747546, -1.213576], [-79.74887, -1.214305], [-79.749967, -1.212594], [-79.745453, -1.209718], [-79.750141, -1.206461], [-79.748174, -1.207324], [-79.748579, -1.205688], [-79.746721, -1.204594], [-79.749006, -1.204754], [-79.749155, -1.202058], [-79.747066, -1.200144], [-79.749545, -1.200353], [-79.748741, -1.196219], [-79.747166, -1.195838], [-79.748729, -1.192048], [-79.743872, -1.1933], [-79.745311, -1.190886], [-79.742478, -1.189248], [-79.740372, -1.185692], [-79.74144, -1.183291], [-79.739818, -1.182161], [-79.738464, -1.183001], [-79.73665, -1.180389], [-79.734626, -1.181491], [-79.732518, -1.177617], [-79.731767, -1.178861], [-79.730861, -1.178163], [-79.730179, -1.182044], [-79.728957, -1.18162], [-79.729194, -1.179177], [-79.727406, -1.181944], [-79.724488, -1.181084], [-79.724278, -1.18212], [-79.722498, -1.180149], [-79.721533, -1.183163], [-79.720539, -1.181214], [-79.718259, -1.180821], [-79.719755, -1.180042], [-79.716986, -1.177897], [-79.717608, -1.176407], [-79.713499, -1.174205], [-79.713634, -1.172825], [-79.716023, -1.173322], [-79.715889, -1.169123], [-79.718092, -1.171031], [-79.717671, -1.167466], [-79.719036, -1.166045], [-79.716677, -1.164528], [-79.714929, -1.160102], [-79.716113, -1.159594], [-79.716808, -1.155301], [-79.715172, -1.154676], [-79.715672, -1.153154], [-79.713045, -1.154115], [-79.712182, -1.152458], [-79.711379, -1.154144], [-79.705901, -1.154483], [-79.704853, -1.156357], [-79.70228, -1.153351], [-79.700213, -1.156029], [-79.698683, -1.153045], [-79.697003, -1.153106], [-79.697687, -1.151109], [-79.695861, -1.151718], [-79.695185, -1.150607], [-79.697256, -1.14823], [-79.694483, -1.147224], [-79.691835, -1.151042], [-79.692751, -1.15358], [-79.691116, -1.152173], [-79.68846, -1.152931], [-79.690247, -1.150887], [-79.687392, -1.150157], [-79.688058, -1.147244], [-79.686519, -1.145977], [-79.687902, -1.145033], [-79.68562, -1.144194], [-79.687439, -1.141491], [-79.68618, -1.141618], [-79.685831, -1.139519], [-79.683679, -1.139763], [-79.684293, -1.138735], [-79.682755, -1.137492], [-79.68516, -1.134768], [-79.682109, -1.135444], [-79.681471, -1.133152], [-79.683768, -1.132257], [-79.683065, -1.131163], [-79.685303, -1.128925], [-79.685486, -1.127494], [-79.683459, -1.127108], [-79.683772, -1.123059], [-79.681168, -1.12169], [-79.678885, -1.124717], [-79.679418, -1.123211], [-79.677779, -1.121417], [-79.675341, -1.122822], [-79.676281, -1.121335], [-79.6741, -1.118083], [-79.672008, -1.119748], [-79.671489, -1.118638], [-79.673083, -1.115759], [-79.671494, -1.116206], [-79.67102, -1.113589], [-79.668633, -1.113148], [-79.665496, -1.116244], [-79.667571, -1.117099], [-79.668106, -1.11969], [-79.665415, -1.120401], [-79.663249, -1.118423], [-79.662219, -1.121888], [-79.659994, -1.121573], [-79.657501, -1.118839], [-79.652295, -1.118231], [-79.652063, -1.114656], [-79.649432, -1.1113], [-79.647547, -1.112452], [-79.646528, -1.109895], [-79.64218, -1.109487], [-79.641122, -1.106688], [-79.642444, -1.106111], [-79.640787, -1.10464], [-79.642943, -1.10351], [-79.640716, -1.102186], [-79.642714, -1.101036], [-79.642265, -1.098066], [-79.640224, -1.094776], [-79.639891, -1.098779], [-79.637836, -1.095171], [-79.640458, -1.094295], [-79.640312, -1.092707], [-79.639181, -1.093261], [-79.638941, -1.091119], [-79.637373, -1.091473], [-79.636509, -1.088139], [-79.634599, -1.089212], [-79.633797, -1.087474], [-79.63219, -1.087398], [-79.633182, -1.084614], [-79.631517, -1.083178], [-79.630529, -1.085001], [-79.62657, -1.081106], [-79.62277, -1.079857], [-79.626257, -1.077501], [-79.62339, -1.077284], [-79.622161, -1.072487], [-79.618761, -1.070964], [-79.618752, -1.068388], [-79.620502, -1.067992], [-79.617057, -1.064212], [-79.615508, -1.064008], [-79.613892, -1.066002], [-79.611994, -1.063411], [-79.612073, -1.06497], [-79.61041, -1.064695], [-79.610377, -1.069117], [-79.60382, -1.069234], [-79.602586, -1.071512], [-79.602001, -1.070195], [-79.600303, -1.07062], [-79.600176, -1.072935], [-79.59731, -1.072421], [-79.596045, -1.0703], [-79.594474, -1.071079], [-79.594326, -1.06919], [-79.591756, -1.071119], [-79.592472, -1.069484], [-79.591729, -1.068144], [-79.591307, -1.069549], [-79.590314, -1.068261], [-79.587877, -1.069159], [-79.586755, -1.064804], [-79.585183, -1.064419], [-79.586305, -1.062477], [-79.585307, -1.060389], [-79.587427, -1.058768], [-79.58582, -1.056682], [-79.582946, -1.056356], [-79.583534, -1.055459], [-79.582659, -1.055885], [-79.580407, -1.052249], [-79.57653, -1.050454], [-79.577294, -1.049116], [-79.574905, -1.047874], [-79.576149, -1.04627], [-79.574829, -1.046186], [-79.574699, -1.044065], [-79.573465, -1.044289], [-79.57661, -1.039129], [-79.57538, -1.035187], [-79.57798, -1.027933], [-79.576585, -1.023735], [-79.577605, -1.02239], [-79.575824, -1.019941], [-79.576847, -1.018205], [-79.575507, -1.017497], [-79.574254, -1.0115], [-79.569238, -1.008524], [-79.569108, -1.006662], [-79.573592, -1.003919], [-79.57351, -1.002098], [-79.571724, -1.001684], [-79.571145, -0.998699], [-79.563917, -0.992274], [-79.564013, -0.990387], [-79.560685, -0.988521], [-79.561703, -0.983535], [-79.559852, -0.98305], [-79.559341, -0.981174], [-79.557388, -0.982217], [-79.557023, -0.980335], [-79.558217, -0.980095], [-79.557239, -0.979037], [-79.550444, -0.981338], [-79.549154, -0.976124], [-79.546496, -0.974856], [-79.543399, -0.977763], [-79.540011, -0.978349], [-79.538597, -0.976044], [-79.524293, -0.971331], [-79.525182, -0.967739], [-79.530581, -0.964108], [-79.563325, -0.964108], [-79.563908, -0.962939], [-79.561252, -0.96142], [-79.560298, -0.962311], [-79.560486, -0.961032], [-79.556922, -0.959632], [-79.556149, -0.961403], [-79.554304, -0.960052], [-79.554455, -0.961401], [-79.552525, -0.961564], [-79.5509, -0.958499], [-79.543595, -0.954371], [-79.541789, -0.947258], [-79.546963, -0.942592], [-79.54554, -0.939373], [-79.545841, -0.935226], [-79.541879, -0.930062], [-79.53812, -0.932103], [-79.537022, -0.928267], [-79.534256, -0.928216], [-79.532198, -0.925224], [-79.530096, -0.916926], [-79.527596, -0.915072], [-79.522701, -0.905407], [-79.522078, -0.901614], [-79.523327, -0.898858], [-79.520931, -0.896866], [-79.520972, -0.892511], [-79.518723, -0.891669], [-79.519142, -0.885821], [-79.51278, -0.875851], [-79.511725, -0.86447], [-79.509681, -0.864065], [-79.50697, -0.858211], [-79.518587, -0.85086], [-79.525012, -0.861581], [-79.528076, -0.854832], [-79.535047, -0.847884], [-79.54251, -0.849517], [-79.553889, -0.848611], [-79.554864, -0.851086], [-79.560517, -0.85186], [-79.57649, -0.844393], [-79.577421, -0.846844], [-79.580331, -0.847017], [-79.581528, -0.850483], [-79.583982, -0.84855], [-79.59408, -0.851349], [-79.595352, -0.855236], [-79.600278, -0.855889], [-79.601094, -0.859258], [-79.611219, -0.850696], [-79.611514, -0.849011], [-79.609214, -0.847316], [-79.609863, -0.841152], [-79.607353, -0.838327], [-79.609782, -0.834486], [-79.608522, -0.833313], [-79.605693, -0.834771], [-79.604481, -0.834053], [-79.605838, -0.827185], [-79.601488, -0.826873], [-79.599681, -0.828978], [-79.598183, -0.828116], [-79.602844, -0.824887], [-79.601846, -0.822757], [-79.600514, -0.824719], [-79.598993, -0.824479], [-79.598875, -0.822014], [-79.599874, -0.818281], [-79.603665, -0.813191], [-79.606198, -0.804308], [-79.604221, -0.801809], [-79.606105, -0.796134], [-79.602663, -0.795654], [-79.603101, -0.793232], [-79.597758, -0.789785], [-79.602648, -0.784072], [-79.601403, -0.782942], [-79.597219, -0.783285], [-79.598304, -0.779485], [-79.595796, -0.772152], [-79.596434, -0.769424], [-79.601027, -0.76843], [-79.601761, -0.763271], [-79.599717, -0.761729], [-79.59771, -0.764926], [-79.595894, -0.76436], [-79.598263, -0.758819], [-79.595839, -0.757248], [-79.595602, -0.755376], [-79.604503, -0.753771], [-79.599713, -0.750773], [-79.601355, -0.745203], [-79.598175, -0.744728], [-79.596982, -0.740152], [-79.588631, -0.742129], [-79.58799, -0.739024], [-79.591307, -0.736752], [-79.588556, -0.733838], [-79.588124, -0.730604], [-79.577208, -0.722216], [-79.577209, -0.717384], [-79.579333, -0.713544], [-79.582417, -0.714807], [-79.583648, -0.713133], [-79.580415, -0.712019], [-79.580231, -0.707781], [-79.57614, -0.699696], [-79.574314, -0.700901], [-79.573642, -0.707592], [-79.574827, -0.711215], [-79.569533, -0.711326], [-79.56573, -0.709305], [-79.562818, -0.717191], [-79.563482, -0.7217], [-79.558434, -0.720339], [-79.555868, -0.71582], [-79.553669, -0.722261], [-79.54051, -0.71952], [-79.543459, -0.71635], [-79.542946, -0.714253], [-79.538095, -0.717908], [-79.535785, -0.71785], [-79.537678, -0.714836], [-79.536386, -0.712155], [-79.533647, -0.712125], [-79.535826, -0.707915], [-79.533564, -0.70532], [-79.534287, -0.701999], [-79.537464, -0.699319], [-79.534756, -0.694236], [-79.539938, -0.694879], [-79.539995, -0.693204], [-79.536383, -0.690781], [-79.536526, -0.688043], [-79.540956, -0.691146], [-79.542221, -0.690113], [-79.541696, -0.683212], [-79.536951, -0.684293], [-79.536509, -0.683403], [-79.538478, -0.679114], [-79.539329, -0.671655], [-79.544122, -0.670178], [-79.540195, -0.663292], [-79.541272, -0.662697], [-79.540427, -0.65994], [-79.542481, -0.659682], [-79.542667, -0.658088], [-79.54174, -0.656781], [-79.539515, -0.65869], [-79.532126, -0.659894], [-79.53324, -0.655228], [-79.530445, -0.65382], [-79.52506, -0.657157], [-79.526687, -0.652032], [-79.521824, -0.651793], [-79.52442, -0.650121], [-79.525163, -0.646367], [-79.52153, -0.644625], [-79.51968, -0.646745], [-79.517536, -0.646456], [-79.514393, -0.643201], [-79.516925, -0.641138], [-79.516428, -0.638222], [-79.512641, -0.639025], [-79.510596, -0.634667], [-79.509368, -0.636619], [-79.508035, -0.636094], [-79.507865, -0.631486], [-79.50589, -0.629798], [-79.504758, -0.625347], [-79.506904, -0.625232], [-79.507852, -0.627171], [-79.508773, -0.624436], [-79.504502, -0.620975], [-79.505123, -0.618541], [-79.506992, -0.61763], [-79.500701, -0.608515], [-79.4981, -0.610237], [-79.493937, -0.605191], [-79.49414, -0.609312], [-79.492125, -0.607311], [-79.486586, -0.610071], [-79.485107, -0.609582], [-79.484723, -0.605873], [-79.487167, -0.606855], [-79.488104, -0.603687], [-79.48338, -0.60002], [-79.485718, -0.598767], [-79.485636, -0.594184], [-79.488513, -0.591373], [-79.485994, -0.587998], [-79.493527, -0.583669], [-79.492666, -0.579142], [-79.489974, -0.579109], [-79.493655, -0.571874], [-79.497307, -0.569097], [-79.49499, -0.566784], [-79.494902, -0.561885], [-79.491423, -0.557641], [-79.493232, -0.554038], [-79.489842, -0.551327], [-79.488417, -0.546047], [-79.485458, -0.543727], [-79.461661, -0.548489], [-79.457879, -0.553248], [-79.458617, -0.563562], [-79.457485, -0.564363], [-79.454255, -0.559289], [-79.454349, -0.555265], [-79.452237, -0.550027], [-79.450687, -0.550856], [-79.450535, -0.548883], [-79.445356, -0.548063], [-79.444599, -0.546457], [-79.442227, -0.548347], [-79.442756, -0.546241], [-79.439972, -0.544543], [-79.429972, -0.545208], [-79.427258, -0.542025], [-79.416684, -0.538571], [-79.416462, -0.546816], [-79.408676, -0.544469], [-79.406978, -0.542546], [-79.390934, -0.543641], [-79.390589, -0.546029], [-79.377643, -0.545848], [-79.373581, -0.544628], [-79.372774, -0.540252], [-79.362367, -0.540301], [-79.353329, -0.542054], [-79.351369, -0.541008], [-79.350286, -0.543799], [-79.34733, -0.544226], [-79.345547, -0.546829], [-79.346354, -0.551513], [-79.345325, -0.556047], [-79.34993, -0.555666], [-79.355817, -0.558676], [-79.350494, -0.572194], [-79.361984, -0.573293], [-79.366827, -0.580228], [-79.364973, -0.586205], [-79.356843, -0.588634], [-79.356809, -0.5933], [-79.358092, -0.595229], [-79.357249, -0.598684], [-79.353062, -0.603698], [-79.352137, -0.611838], [-79.348352, -0.614502], [-79.349545, -0.616632], [-79.348416, -0.621848], [-79.349075, -0.628366], [-79.346413, -0.628915], [-79.345585, -0.630528], [-79.34808, -0.632749], [-79.352938, -0.632961], [-79.355472, -0.634608], [-79.354619, -0.640695], [-79.357695, -0.63938], [-79.36068, -0.640889], [-79.359822, -0.646555], [-79.364371, -0.648245], [-79.362563, -0.652772], [-79.363097, -0.655665], [-79.367398, -0.651697], [-79.36978, -0.652401], [-79.370135, -0.655509], [-79.359531, -0.669462], [-79.362414, -0.676577], [-79.351117, -0.685166], [-79.349279, -0.690316], [-79.34391, -0.690388], [-79.340527, -0.69339], [-79.33216, -0.693287], [-79.323791, -0.69877], [-79.316368, -0.69803], [-79.31, -0.693814], [-79.308358, -0.696213], [-79.307065, -0.694635], [-79.305763, -0.695086], [-79.302573, -0.699461], [-79.298298, -0.700143], [-79.293823, -0.699339], [-79.290379, -0.693713], [-79.285615, -0.696283], [-79.284657, -0.687216], [-79.278216, -0.679401], [-79.270559, -0.674648], [-79.263547, -0.661759], [-79.254817, -0.658423], [-79.249672, -0.652328], [-79.244136, -0.65113], [-79.243142, -0.647342], [-79.236949, -0.645492], [-79.235464, -0.643375], [-79.228945, -0.643344], [-79.223186, -0.640453], [-79.21569, -0.640298], [-79.21312, -0.635735], [-79.205108, -0.629368], [-79.202123, -0.62891], [-79.199885, -0.623328], [-79.201493, -0.621176], [-79.198408, -0.620062], [-79.194816, -0.612459], [-79.196434, -0.608], [-79.18785, -0.603015], [-79.186499, -0.60078], [-79.169926, -0.593014], [-79.160209, -0.586135], [-79.157934, -0.581904], [-79.152156, -0.57624], [-79.146271, -0.565072], [-79.146642, -0.562901], [-79.141496, -0.558054], [-79.136876, -0.549522], [-79.125239, -0.542744], [-79.12015, -0.541258], [-79.110009, -0.542606], [-79.106644, -0.544638], [-79.103182, -0.549385], [-79.095617, -0.551526], [-79.089527, -0.555658], [-79.087667, -0.563004], [-79.083487, -0.566796], [-79.084368, -0.570913], [-79.088008, -0.573646], [-79.08979, -0.578469], [-79.09292, -0.582018], [-79.09139, -0.587566], [-79.09657, -0.597013], [-79.096967, -0.603616], [-79.100332, -0.606574], [-79.108077, -0.618434], [-79.11103, -0.619822], [-79.111943, -0.624435], [-79.117667, -0.629715], [-79.121858, -0.641701], [-79.128916, -0.649381], [-79.139244, -0.706198], [-79.139238, -0.712772], [-79.146176, -0.717449], [-79.14676, -0.719269], [-79.151953, -0.721853], [-79.158703, -0.738321], [-79.162033, -0.739935], [-79.167522, -0.747722], [-79.171692, -0.750309], [-79.174205, -0.759016], [-79.176315, -0.760605], [-79.177926, -0.760042], [-79.180217, -0.762494], [-79.184531, -0.76237], [-79.186625, -0.763952], [-79.186834, -0.799198], [-79.195379, -0.806405], [-79.199715, -0.805943], [-79.202503, -0.807253], [-79.205547, -0.805577], [-79.208692, -0.808658], [-79.215858, -0.810347], [-79.21857, -0.80959], [-79.220421, -0.8115], [-79.224615, -0.824028], [-79.224649, -0.827298], [-79.223142, -0.82798], [-79.22691, -0.830334], [-79.224018, -0.832572], [-79.224308, -0.83548], [-79.229094, -0.835958], [-79.232839, -0.833308], [-79.234277, -0.833681], [-79.236015, -0.837388], [-79.236221, -0.842035], [-79.239342, -0.850062], [-79.238527, -0.852628], [-79.241211, -0.874665], [-79.243609, -0.878758], [-79.249129, -0.878512], [-79.249469, -0.881454], [-79.264994, -0.880666], [-79.271635, -0.885264], [-79.279287, -0.886778], [-79.280543, -0.888763], [-79.287064, -0.89077], [-79.287064, -0.908586], [-79.292667, -0.914334], [-79.295863, -0.91481], [-79.296741, -0.921253], [-79.298928, -0.922864], [-79.298928, -0.928854], [-79.301387, -0.927868], [-79.306292, -0.928761], [-79.306292, -0.948833], [-79.309928, -0.949292], [-79.315555, -0.958827], [-79.320514, -0.998248], [-79.318809, -0.996145], [-79.314122, -0.996005], [-79.306656, -0.992858], [-79.301824, -0.992915], [-79.299273, -0.988542], [-79.293291, -0.987612], [-79.293709, -1.008895], [-79.30226, -1.015751], [-79.301775, -1.018151], [-79.304982, -1.020348], [-79.305015, -1.022595], [-79.306678, -1.023835], [-79.306039, -1.026987], [-79.308416, -1.030755], [-79.308065, -1.032506], [-79.312078, -1.034977], [-79.311657, -1.044964], [-79.313262, -1.046698], [-79.310492, -1.048765], [-79.30903, -1.052514], [-79.308432, -1.059613], [-79.31011, -1.064432], [-79.314675, -1.066972], [-79.311872, -1.07078], [-79.316166, -1.071944], [-79.314338, -1.077547], [-79.317614, -1.078096], [-79.320396, -1.081096], [-79.321279, -1.096192], [-79.325621, -1.102183], [-79.327696, -1.1103], [-79.326522, -1.115288], [-79.332489, -1.113199], [-79.333269, -1.114754], [-79.331205, -1.1187], [-79.332569, -1.123237], [-79.335226, -1.122307], [-79.3371, -1.124136], [-79.338527, -1.122984], [-79.339943, -1.125855], [-79.336658, -1.12587], [-79.334874, -1.128663], [-79.332608, -1.12908], [-79.337936, -1.134441], [-79.315032, -1.166657], [-79.29704, -1.168534], [-79.299493, -1.177202], [-79.295762, -1.176579], [-79.294323, -1.1782], [-79.286736, -1.178957], [-79.288805, -1.20557], [-79.290371, -1.205198], [-79.295389, -1.208296], [-79.307266, -1.207134], [-79.310976, -1.210719], [-79.321491, -1.215873], [-79.323664, -1.218961], [-79.33245, -1.223938], [-79.336511, -1.231371], [-79.3364, -1.237777], [-79.338227, -1.241273], [-79.340165, -1.242122], [-79.339855, -1.244228], [-79.341958, -1.24527], [-79.340421, -1.251581], [-79.342379, -1.252568], [-79.348119, -1.261138], [-79.346398, -1.263324], [-79.349213, -1.265723], [-79.349152, -1.272184], [-79.35311, -1.272789], [-79.357074, -1.27789], [-79.35881, -1.282964], [-79.361131, -1.283839], [-79.363693, -1.290445], [-79.366864, -1.294228], [-79.367784, -1.296992], [-79.366695, -1.299641], [-79.369339, -1.299673], [-79.370354, -1.301989], [-79.375162, -1.303158], [-79.375902, -1.307914], [-79.37884, -1.304925], [-79.383326, -1.305849], [-79.388259, -1.313884], [-79.389077, -1.318041], [-79.392601, -1.322224], [-79.391952, -1.323386], [-79.389061, -1.322505], [-79.387888, -1.325349], [-79.385642, -1.3239], [-79.383923, -1.326208], [-79.382242, -1.32513], [-79.379946, -1.326779], [-79.377684, -1.325866], [-79.369418, -1.32829], [-79.362327, -1.322431], [-79.360343, -1.317578], [-79.362812, -1.314157], [-79.359441, -1.311654], [-79.359272, -1.304607], [-79.355735, -1.303513], [-79.346981, -1.296887], [-79.337182, -1.292932], [-79.332688, -1.296423], [-79.332131, -1.299038], [-79.322787, -1.308776], [-79.322611, -1.312185], [-79.320218, -1.315155], [-79.32307, -1.321419], [-79.316461, -1.325751], [-79.305691, -1.326748], [-79.293674, -1.33346], [-79.289401, -1.332957], [-79.282536, -1.328085], [-79.279918, -1.327707], [-79.266492, -1.331388], [-79.273682, -1.337736], [-79.278449, -1.354867], [-79.281769, -1.353847], [-79.291049, -1.355839], [-79.297014, -1.355603], [-79.292643, -1.366324], [-79.290231, -1.368856], [-79.291208, -1.377693], [-79.289612, -1.382942], [-79.290812, -1.385943], [-79.289017, -1.388161], [-79.288869, -1.393635], [-79.297711, -1.395821], [-79.307427, -1.390803], [-79.316234, -1.391683], [-79.321988, -1.390735], [-79.327812, -1.396885], [-79.325313, -1.404665], [-79.328373, -1.405836], [-79.325361, -1.407472], [-79.326118, -1.412612], [-79.32859, -1.415351], [-79.328744, -1.419753], [-79.332235, -1.430166], [-79.336469, -1.436493], [-79.331362, -1.439564], [-79.32446, -1.437055], [-79.321192, -1.437587], [-79.317791, -1.435183], [-79.316825, -1.437677], [-79.327833, -1.445306], [-79.332292, -1.445957], [-79.339423, -1.449946], [-79.345275, -1.454713], [-79.356063, -1.454813], [-79.355342, -1.45123], [-79.358254, -1.450043], [-79.358801, -1.446503], [-79.361306, -1.44837], [-79.361306, -1.451819], [-79.355474, -1.46281], [-79.347153, -1.471721], [-79.344612, -1.470876], [-79.344003, -1.466347], [-79.342302, -1.466811], [-79.343176, -1.463835], [-79.341347, -1.463799], [-79.341222, -1.462412], [-79.337736, -1.460619], [-79.331283, -1.461151], [-79.338214, -1.470157], [-79.332254, -1.46924], [-79.328579, -1.474764], [-79.328307, -1.480685], [-79.32678, -1.481559], [-79.327512, -1.48395], [-79.323796, -1.483335], [-79.321936, -1.488949], [-79.31858, -1.491873], [-79.319325, -1.492802], [-79.317622, -1.495573], [-79.320836, -1.499298], [-79.322475, -1.506627], [-79.321829, -1.512715], [-79.311932, -1.515632], [-79.310564, -1.519987], [-79.305194, -1.525608], [-79.29627, -1.526054], [-79.294257, -1.523963], [-79.284515, -1.526714], [-79.2827, -1.530187], [-79.278704, -1.532072], [-79.271663, -1.540495], [-79.26776, -1.542387], [-79.261885, -1.538668], [-79.252445, -1.540353], [-79.247812, -1.54383], [-79.245211, -1.5436], [-79.245009, -1.547201], [-79.248656, -1.557241], [-79.248106, -1.561057], [-79.253119, -1.566745], [-79.253355, -1.56977], [-79.270659, -1.588323], [-79.27109, -1.591503], [-79.273099, -1.592626], [-79.274067, -1.595937], [-79.272379, -1.599909], [-79.276897, -1.604329], [-79.278617, -1.610478], [-79.282888, -1.607101], [-79.287873, -1.605421], [-79.291123, -1.601055], [-79.293824, -1.601036], [-79.294832, -1.599224], [-79.297441, -1.600799], [-79.298705, -1.599418], [-79.305276, -1.604696], [-79.306609, -1.606604], [-79.305687, -1.607979], [-79.310625, -1.611573], [-79.309969, -1.612796], [-79.31675, -1.620763], [-79.31675, -1.627582], [-79.326807, -1.627693], [-79.330558, -1.629329], [-79.332545, -1.628398], [-79.339215, -1.629866], [-79.341258, -1.632524], [-79.344762, -1.630703], [-79.349781, -1.634397], [-79.353146, -1.633175], [-79.355654, -1.637736], [-79.347969, -1.644923], [-79.319944, -1.647644], [-79.319544, -1.659705], [-79.315596, -1.659706], [-79.309281, -1.655347], [-79.304525, -1.656314], [-79.301965, -1.653268], [-79.297199, -1.654011], [-79.291995, -1.650503], [-79.28855, -1.651329], [-79.289123, -1.659027], [-79.28804, -1.661048], [-79.291326, -1.669455], [-79.287112, -1.668674], [-79.28453, -1.66652], [-79.277729, -1.666596], [-79.273247, -1.668808], [-79.273591, -1.672884], [-79.26976, -1.675811], [-79.269071, -1.679225], [-79.272853, -1.680145], [-79.272446, -1.684369], [-79.270439, -1.684127], [-79.270357, -1.688082], [-79.268289, -1.688572], [-79.269587, -1.691976], [-79.262645, -1.694279], [-79.262645, -1.695857], [-79.261429, -1.695098], [-79.26215, -1.700768], [-79.261145, -1.703294], [-79.263765, -1.705274], [-79.267305, -1.697666], [-79.269572, -1.698419], [-79.267319, -1.699839], [-79.262834, -1.708881], [-79.259744, -1.710831], [-79.249506, -1.723615], [-79.246233, -1.726081], [-79.241996, -1.725564], [-79.241173, -1.729164], [-79.234832, -1.732741], [-79.231785, -1.743608], [-79.234917, -1.747774], [-79.237198, -1.747644], [-79.236167, -1.750023], [-79.23718, -1.752593], [-79.241958, -1.751987], [-79.242835, -1.75325], [-79.238323, -1.756733], [-79.230681, -1.758482], [-79.234993, -1.769802], [-79.247152, -1.772251], [-79.245606, -1.779608], [-79.248979, -1.787462], [-79.246532, -1.790562], [-79.247265, -1.79419], [-79.244058, -1.800758], [-79.239214, -1.802887], [-79.240627, -1.805055], [-79.23885, -1.804823], [-79.247094, -1.815237], [-79.25201, -1.814774], [-79.248745, -1.816618], [-79.243677, -1.825783], [-79.235972, -1.82866], [-79.234214, -1.834591], [-79.230406, -1.840438], [-79.230108, -1.844733], [-79.231548, -1.84938], [-79.234113, -1.85206], [-79.238824, -1.852826], [-79.241709, -1.857792], [-79.245203, -1.856961], [-79.246213, -1.857975], [-79.246213, -1.916166], [-79.256028, -1.941038], [-79.256028, -1.978243], [-79.240159, -1.981712], [-79.240159, -1.991171], [-79.242347, -1.992103], [-79.245139, -1.999488], [-79.247778, -2.002497], [-79.257938, -2.0055], [-79.259423, -2.002452], [-79.267143, -2.001823], [-79.268706, -2.000386], [-79.269504, -2.002027], [-79.271183, -2.002041], [-79.271559, -2.004241], [-79.268279, -2.013009], [-79.261112, -2.017215], [-79.265774, -2.021897], [-79.266486, -2.027816], [-79.264789, -2.034791], [-79.262806, -2.033274], [-79.259885, -2.039547], [-79.254816, -2.043096], [-79.253405, -2.046511], [-79.247599, -2.048297], [-79.244818, -2.054753], [-79.242763, -2.053448], [-79.239765, -2.055075], [-79.238589, -2.056859], [-79.240374, -2.057837], [-79.24028, -2.061682], [-79.237736, -2.06315], [-79.236738, -2.066441], [-79.229086, -2.072395], [-79.227745, -2.075589], [-79.214381, -2.077171], [-79.188053, -2.076943], [-79.199645, -2.085816], [-79.211456, -2.086559], [-79.214148, -2.08793], [-79.22194, -2.084313], [-79.221941, -2.095216], [-79.20983, -2.09445], [-79.207182, -2.093129], [-79.207825, -2.097404], [-79.205444, -2.108494], [-79.207714, -2.110824], [-79.214641, -2.113207], [-79.222532, -2.10833], [-79.228493, -2.107316], [-79.23156, -2.108165], [-79.235433, -2.104125], [-79.244433, -2.103072], [-79.244433, -2.110313], [-79.238543, -2.115728], [-79.238593, -2.13248], [-79.242593, -2.130493], [-79.246546, -2.124611], [-79.256648, -2.121304], [-79.2606, -2.117025], [-79.262399, -2.117193], [-79.262039, -2.115669], [-79.263575, -2.114305], [-79.27246, -2.113198], [-79.273691, -2.112124], [-79.271206, -2.104102], [-79.277473, -2.102089], [-79.280007, -2.099364], [-79.284812, -2.097341], [-79.291349, -2.097452], [-79.29802, -2.093776], [-79.298903, -2.094693], [-79.304043, -2.086466], [-79.318055, -2.08122], [-79.318891, -2.078634], [-79.31679, -2.074617], [-79.318507, -2.068741], [-79.31724, -2.063109], [-79.318407, -2.058992], [-79.321624, -2.056019], [-79.323083, -2.052282], [-79.321368, -2.050939], [-79.328039, -2.047697], [-79.326901, -2.045192], [-79.32993, -2.043478], [-79.331014, -2.039743], [-79.332234, -2.042342], [-79.334493, -2.041868], [-79.333215, -2.039319], [-79.333987, -2.035512], [-79.336484, -2.038247], [-79.335874, -2.03448], [-79.33853, -2.032475], [-79.33676, -2.026829], [-79.33817, -2.021461], [-79.342097, -2.020874], [-79.343521, -2.022158], [-79.344312, -2.020731], [-79.342397, -2.019444], [-79.344515, -2.018144], [-79.342576, -2.016133], [-79.34694, -2.016137], [-79.345142, -2.015411], [-79.345255, -2.012618], [-79.350014, -2.013016], [-79.348622, -2.011065], [-79.352852, -2.009325], [-79.351687, -2.007306], [-79.353442, -2.006252], [-79.352984, -2.004224], [-79.355463, -2.003667], [-79.358147, -1.998107], [-79.356015, -1.997129], [-79.357164, -1.994036], [-79.361326, -1.990799], [-79.358849, -1.990068], [-79.360244, -1.988289], [-79.35884, -1.986961], [-79.36199, -1.987695], [-79.366644, -1.980838], [-79.368637, -1.980609], [-79.367673, -1.978752], [-79.370695, -1.978321], [-79.369052, -1.976021], [-79.36865, -1.971268], [-79.369884, -1.971902], [-79.372599, -1.970207], [-79.373179, -1.968067], [-79.375449, -1.969486], [-79.376546, -1.967732], [-79.382885, -1.968887], [-79.389042, -1.964999], [-79.392503, -1.966567], [-79.39551, -1.964778], [-79.395601, -1.965909], [-79.40093, -1.967662], [-79.401112, -1.964511], [-79.403107, -1.96498], [-79.401937, -1.962926], [-79.403111, -1.961597], [-79.40077, -1.960264], [-79.403719, -1.960224], [-79.404992, -1.958548], [-79.405829, -1.960297], [-79.407103, -1.957548], [-79.409351, -1.958216], [-79.409218, -1.956323], [-79.411473, -1.955241], [-79.409331, -1.953366], [-79.411287, -1.952164], [-79.409564, -1.951008], [-79.412155, -1.948506], [-79.409996, -1.947118], [-79.410725, -1.945266], [-79.405944, -1.94501], [-79.405289, -1.943692], [-79.406663, -1.943696], [-79.40675, -1.941777], [-79.415875, -1.939799], [-79.416743, -1.937691], [-79.418393, -1.9387], [-79.419541, -1.935193], [-79.421517, -1.937456], [-79.422543, -1.935719], [-79.423713, -1.938175], [-79.428002, -1.94013], [-79.432841, -1.938342], [-79.432365, -1.939839], [-79.436537, -1.93904], [-79.437254, -1.940881], [-79.438426, -1.938753], [-79.440108, -1.939218], [-79.440397, -1.937259], [-79.442969, -1.938345], [-79.442339, -1.936018], [-79.446737, -1.935002], [-79.451909, -1.928675], [-79.453102, -1.929628], [-79.455654, -1.926973], [-79.453701, -1.925536], [-79.455731, -1.916846], [-79.459974, -1.915755], [-79.464042, -1.918395], [-79.465829, -1.914007], [-79.467673, -1.914759], [-79.467092, -1.91252], [-79.468864, -1.91047], [-79.471169, -1.911519], [-79.471656, -1.909965], [-79.476123, -1.91021], [-79.474896, -1.908686], [-79.477871, -1.908854], [-79.480224, -1.904549], [-79.481727, -1.904795], [-79.485494, -1.901232], [-79.486498, -1.897977], [-79.484573, -1.89632], [-79.48731, -1.894327], [-79.484891, -1.892491], [-79.48787, -1.891007], [-79.488965, -1.884265], [-79.493089, -1.886452], [-79.497751, -1.884867], [-79.499193, -1.887521], [-79.502556, -1.887087], [-79.506354, -1.883733], [-79.513405, -1.882181], [-79.513577, -1.883215], [-79.516284, -1.881636], [-79.520103, -1.882308], [-79.522181, -1.880431], [-79.524597, -1.885279], [-79.532574, -1.883025], [-79.538329, -1.885229], [-79.541354, -1.88243], [-79.549804, -1.886074], [-79.555598, -1.885547], [-79.558416, -1.890544], [-79.557872, -1.89333], [-79.562547, -1.898992], [-79.56667, -1.899367], [-79.569072, -1.897921], [-79.573678, -1.900717], [-79.577032, -1.901071], [-79.577849, -1.903501], [-79.580366, -1.905133], [-79.583625, -1.904663], [-79.589813, -1.906593], [-79.591638, -1.904988], [-79.597062, -1.908119], [-79.599967, -1.906219], [-79.602273, -1.906666], [-79.603726, -1.904162], [-79.60626, -1.905551], [-79.609449, -1.903329], [-79.609977, -1.907457], [-79.61296, -1.905177], [-79.613138, -1.909728], [-79.617536, -1.910459], [-79.620689, -1.913416], [-79.621891, -1.911378], [-79.622921, -1.913044], [-79.62396, -1.910399], [-79.62797, -1.90962], [-79.63096, -1.906032], [-79.63531, -1.903693], [-79.637113, -1.899139], [-79.648194, -1.8992], [-79.648194, -1.921926], [-79.653009, -1.921012], [-79.656466, -1.923151], [-79.661721, -1.919161], [-79.660402, -1.914467], [-79.666779, -1.913064], [-79.667346, -1.911171], [-79.671015, -1.910113], [-79.671507, -1.902079], [-79.670104, -1.898], [-79.67183, -1.898]]]]}}, {"type": "Feature", "id": "AZUAY", "properties": {"codigo": "01", "nombre": "AZUAY", "centroide_lon": -79.15413, "centroide_lat": -3.01407}, "geometry": {"type": "MultiPolygon", "coordinates": [[[[-79.053776, -3.461882], [-79.04817, -3.464157], [-79.047901, -3.468369], [-79.042863, -3.472375], [-79.043579, -3.478391], [-79.045179, -3.478337], [-79.044271, -3.482167], [-79.047841, -3.482749], [-79.048486, -3.484947], [-79.054327, -3.488052], [-79.05865, -3.498528], [-79.062097, -3.501418], [-79.067107, -3.502134], [-79.066153, -3.508435], [-79.068073, -3.512758], [-79.062523, -3.51968], [-79.059675, -3.520958], [-79.061824, -3.524032], [-79.060774, -3.526926], [-79.061807, -3.528447], [-79.056656, -3.530413], [-79.057839, -3.531067], [-79.05638, -3.534189], [-79.057767, -3.536611], [-79.056043, -3.538071], [-79.057101, -3.541002], [-79.051638, -3.543961], [-79.051552, -3.547528], [-79.046082, -3.549443], [-79.046308, -3.552099], [-79.048598, -3.552911], [-79.04866, -3.556778], [-79.051922, -3.558874], [-79.049348, -3.561676], [-79.054986, -3.571772], [-79.056644, -3.572598], [-79.054551, -3.574786], [-79.050503, -3.574789], [-79.047006, -3.572747], [-79.044868, -3.576727], [-79.054569, -3.581242], [-79.05783, -3.58624], [-79.063763, -3.586958], [-79.068964, -3.590715], [-79.065585, -3.595608], [-79.059667, -3.59857], [-79.056277, -3.598543], [-79.057305, -3.601231], [-79.061734, -3.603643], [-79.057942, -3.606553], [-79.059058, -3.607943], [-79.058374, -3.610681], [-79.066684, -3.611329], [-79.067848, -3.617543], [-79.072668, -3.618098], [-79.076873, -3.620993], [-79.07913, -3.620431], [-79.081281, -3.623101], [-79.09159, -3.623635], [-79.102854, -3.627097], [-79.105028, -3.625957], [-79.106585, -3.622195], [-79.105572, -3.61745], [-79.106546, -3.615371], [-79.108535, -3.61485], [-79.109676, -3.612654], [-79.115074, -3.611936], [-79.116799, -3.60959], [-79.117977, -3.601504], [-79.125409, -3.600085], [-79.1311, -3.601235], [-79.133455, -3.598383], [-79.132712, -3.594523], [-79.133212, -3.592601], [-79.135602, -3.591882], [-79.134121, -3.586618], [-79.135468, -3.584089], [-79.133132, -3.580301], [-79.137189, -3.578621], [-79.139926, -3.567897], [-79.139445, -3.557706], [-79.134481, -3.551024], [-79.135981, -3.545011], [-79.133125, -3.540561], [-79.136773, -3.533568], [-79.136178, -3.527637], [-79.141838, -3.524817], [-79.143769, -3.52088], [-79.151527, -3.514212], [-79.154724, -3.505904], [-79.158873, -3.504221], [-79.15901, -3.498849], [-79.156035, -3.489059], [-79.158302, -3.487753], [-79.159377, -3.480086], [-79.156926, -3.475664], [-79.158423, -3.475586], [-79.161184, -3.470359], [-79.16591, -3.470979], [-79.167754, -3.46829], [-79.175999, -3.46747], [-79.176604, -3.461614], [-79.179708, -3.457279], [-79.179801, -3.446284], [-79.181236, -3.440781], [-79.18343, -3.439149], [-79.18985, -3.439741], [-79.194705, -3.445883], [-79.208574, -3.448963], [-79.213035, -3.455103], [-79.217803, -3.454491], [-79.221447, -3.458125], [-79.220872, -3.460378], [-79.222337, -3.462422], [-79.226788, -3.462663], [-79.228243, -3.464932], [-79.23146, -3.462465], [-79.235121, -3.464913], [-79.24064, -3.466053], [-79.242968, -3.468496], [-79.246811, -3.468089], [-79.253836, -3.472146], [-79.25677, -3.47587], [-79.263634, -3.476241], [-79.265953, -3.477669], [-79.2674, -3.476252], [-79.270892, -3.476512], [-79.272234, -3.474226], [-79.276788, -3.476632], [-79.281547, -3.471911], [-79.281794, -3.468314], [-79.284382, -3.46885], [-79.286203, -3.467039], [-79.289163, -3.466945], [-79.288269, -3.462354], [-79.29051, -3.460636], [-79.28971, -3.457692], [-79.293174, -3.451553], [-79.295841, -3.451057], [-79.294816, -3.449196], [-79.29762, -3.444903], [-79.296444, -3.441469], [-79.29955, -3.439247], [-79.29943, -3.43701], [-79.302038, -3.43585], [-79.301225, -3.433368], [-79.303577, -3.428362], [-79.30289, -3.420085], [-79.303877, -3.418478], [-79.301418, -3.416808], [-79.302673, -3.412292], [-79.301072, -3.41141], [-79.299611, -3.406788], [-79.300709, -3.40507], [-79.304492, -3.404872], [-79.308321, -3.400168], [-79.308832, -3.394036], [-79.305527, -3.391101], [-79.304829, -3.383671], [-79.301048, -3.376795], [-79.302415, -3.368704], [-79.300796, -3.366477], [-79.301726, -3.363838], [-79.304522, -3.361202], [-79.303736, -3.359826], [-79.305423, -3.357338], [-79.31212, -3.354916], [-79.312271, -3.351831], [-79.315436, -3.353423], [-79.323898, -3.349394], [-79.330168, -3.348443], [-79.332006, -3.34423], [-79.331493, -3.341987], [-79.334015, -3.339931], [-79.340825, -3.342844], [-79.346259, -3.341691], [-79.350208, -3.338789], [-79.355402, -3.343376], [-79.364375, -3.343442], [-79.367142, -3.345376], [-79.371981, -3.34438], [-79.377078, -3.349456], [-79.381648, -3.346702], [-79.390114, -3.345738], [-79.394986, -3.346939], [-79.404137, -3.345174], [-79.408994, -3.342657], [-79.41555, -3.344244], [-79.417259, -3.341885], [-79.42315, -3.341649], [-79.428906, -3.344024], [-79.433377, -3.34222], [-79.436222, -3.337875], [-79.447887, -3.334772], [-79.452201, -3.330266], [-79.461879, -3.330154], [-79.46665, -3.32839], [-79.475032, -3.318942], [-79.480553, -3.317443], [-79.481897, -3.31549], [-79.497488, -3.31493], [-79.507948, -3.310818], [-79.511629, -3.310996], [-79.514891, -3.307441], [-79.522641, -3.308767], [-79.526537, -3.311697], [-79.549236, -3.316023], [-79.554125, -3.316423], [-79.557819, -3.314398], [-79.564545, -3.316395], [-79.569038, -3.314637], [-79.573808, -3.317624], [-79.576238, -3.322166], [-79.579801, -3.325018], [-79.588914, -3.322385], [-79.596595, -3.322415], [-79.603342, -3.326202], [-79.608212, -3.324279], [-79.610431, -3.329378], [-79.615247, -3.328533], [-79.616552, -3.324948], [-79.62194, -3.324801], [-79.624729, -3.327191], [-79.628204, -3.324005], [-79.6281, -3.319841], [-79.630831, -3.318544], [-79.632305, -3.321949], [-79.641817, -3.325181], [-79.646614, -3.324534], [-79.6491, -3.326473], [-79.656153, -3.325995], [-79.659168, -3.32218], [-79.662532, -3.323694], [-79.668988, -3.321632], [-79.669466, -3.320307], [-79.663303, -3.32064], [-79.660338, -3.318607], [-79.652625, -3.307608], [-79.644235, -3.302309], [-79.638812, -3.288298], [-79.639725, -3.281698], [-79.63736, -3.280018], [-79.636756, -3.275249], [-79.633309, -3.267822], [-79.63832, -3.260004], [-79.636775, -3.248244], [-79.632633, -3.243554], [-79.627741, -3.232153], [-79.622161, -3.227312], [-79.609694, -3.2223], [-79.601476, -3.2152], [-79.601404, -3.202469], [-79.599399, -3.198997], [-79.601254, -3.195455], [-79.601015, -3.189454], [-79.598885, -3.185882], [-79.599815, -3.176293], [-79.603658, -3.172396], [-79.60293, -3.168828], [-79.604279, -3.166198], [-79.607016, -3.165005], [-79.606636, -3.158612], [-79.611669, -3.157576], [-79.616471, -3.15184], [-79.619716, -3.13665], [-79.636767, -3.137191], [-79.638213, -3.13415], [-79.640701, -3.134199], [-79.641584, -3.13125], [-79.652773, -3.126684], [-79.658617, -3.127273], [-79.667101, -3.122092], [-79.672906, -3.121096], [-79.684787, -3.112083], [-79.688724, -3.105503], [-79.695652, -3.103807], [-79.706235, -3.104547], [-79.709431, -3.101502], [-79.719503, -3.097596], [-79.72275, -3.096989], [-79.72792, -3.098566], [-79.730876, -3.097585], [-79.736691, -3.09446], [-79.740782, -3.086911], [-79.745544, -3.083736], [-79.75048, -3.07713], [-79.754401, -3.075675], [-79.754917, -3.070027], [-79.759262, -3.068972], [-79.758962, -3.067607], [-79.763083, -3.067259], [-79.763773, -3.06226], [-79.760148, -3.063379], [-79.755699, -3.060109], [-79.755559, -3.058011], [-79.749517, -3.054119], [-79.749697, -3.050012], [-79.745422, -3.045411], [-79.745446, -3.0298], [-79.739563, -3.029561], [-79.734052, -3.009989], [-79.724482, -3.015072], [-79.712292, -3.015345], [-79.716912, -3.005748], [-79.715444, -3.000727], [-79.716701, -2.994872], [-79.715301, -2.991832], [-79.717127, -2.992943], [-79.718516, -2.990897], [-79.721731, -2.990757], [-79.724038, -2.986796], [-79.725996, -2.987277], [-79.727776, -2.985859], [-79.725867, -2.979212], [-79.719728, -2.978092], [-79.709589, -2.973103], [-79.702213, -2.976491], [-79.694719, -2.975122], [-79.684352, -2.976504], [-79.669946, -2.971505], [-79.660141, -2.97481], [-79.656264, -2.980171], [-79.654093, -2.986458], [-79.65116, -2.98872], [-79.645252, -2.989479], [-79.645252, -2.982966], [-79.635516, -2.977412], [-79.636996, -2.974282], [-79.636096, -2.971131], [-79.640788, -2.967709], [-79.642231, -2.959306], [-79.645854, -2.956101], [-79.634678, -2.950857], [-79.626116, -2.938529], [-79.608366, -2.921071], [-79.59384, -2.917768], [-79.596947, -2.912404], [-79.596703, -2.910043], [-79.591716, -2.910176], [-79.585752, -2.908101], [-79.585752, -2.901824], [-79.599255, -2.903563], [-79.620141, -2.898927], [-79.620149, -2.892132], [-79.614389, -2.892131], [-79.614176, -2.894221], [-79.594928, -2.895556], [-79.561216, -2.895556], [-79.560206, -2.893628], [-79.550771, -2.889545], [-79.550771, -2.881038], [-79.551659, -2.877304], [-79.552897, -2.878482], [-79.558259, -2.877302], [-79.559934, -2.878755], [-79.562863, -2.876594], [-79.568913, -2.875879], [-79.570831, -2.877836], [-79.577551, -2.875124], [-79.578598, -2.876727], [-79.580999, -2.87518], [-79.585758, -2.877317], [-79.591704, -2.876598], [-79.601288, -2.86665], [-79.601388, -2.857748], [-79.605946, -2.855103], [-79.610439, -2.857401], [-79.614823, -2.854169], [-79.622468, -2.854464], [-79.628601, -2.850538], [-79.634817, -2.849127], [-79.641364, -2.843794], [-79.648088, -2.842362], [-79.653167, -2.837095], [-79.655016, -2.837278], [-79.657406, -2.834236], [-79.663071, -2.831974], [-79.670316, -2.82485], [-79.658657, -2.81854], [-79.650973, -2.817565], [-79.647066, -2.81947], [-79.642849, -2.816279], [-79.637776, -2.815507], [-79.635989, -2.823359], [-79.630137, -2.823622], [-79.621871, -2.814162], [-79.617951, -2.814243], [-79.502941, -2.767744], [-79.488303, -2.692982], [-79.486969, -2.677846], [-79.46004, -2.657386], [-79.464457, -2.64524], [-79.463858, -2.63839], [-79.466399, -2.632618], [-79.467306, -2.625086], [-79.471471, -2.621934], [-79.473098, -2.618544], [-79.473098, -2.607572], [-79.452309, -2.607572], [-79.447574, -2.611207], [-79.445837, -2.609549], [-79.443295, -2.609915], [-79.444188, -2.60903], [-79.441471, -2.603832], [-79.437173, -2.601764], [-79.436261, -2.603531], [-79.424998, -2.606785], [-79.424998, -2.555767], [-79.428286, -2.553096], [-79.428287, -2.518039], [-79.424627, -2.520589], [-79.420541, -2.521073], [-79.411678, -2.520628], [-79.397492, -2.516905], [-79.391702, -2.524604], [-79.391702, -2.529654], [-79.379187, -2.529654], [-79.379814, -2.534747], [-79.375958, -2.544199], [-79.361928, -2.544199], [-79.361927, -2.551177], [-79.35579, -2.561443], [-79.356057, -2.567611], [-79.367369, -2.567611], [-79.362295, -2.574967], [-79.358517, -2.574717], [-79.355004, -2.577495], [-79.347795, -2.577807], [-79.339281, -2.571486], [-79.329383, -2.572012], [-79.321385, -2.575295], [-79.309427, -2.569104], [-79.308236, -2.570961], [-79.304176, -2.572018], [-79.306232, -2.577842], [-79.306737, -2.58991], [-79.308815, -2.596597], [-79.303752, -2.619423], [-79.299311, -2.621764], [-79.297475, -2.624738], [-79.295061, -2.624895], [-79.295034, -2.628786], [-79.282664, -2.642164], [-79.280221, -2.650542], [-79.276922, -2.651388], [-79.273911, -2.655548], [-79.268771, -2.656687], [-79.266143, -2.660656], [-79.259001, -2.661569], [-79.25863, -2.665669], [-79.25569, -2.669527], [-79.247493, -2.675107], [-79.244864, -2.67496], [-79.240696, -2.677642], [-79.23877, -2.685579], [-79.232636, -2.693396], [-79.223973, -2.690209], [-79.219245, -2.690407], [-79.217224, -2.689378], [-79.216541, -2.685886], [-79.206331, -2.692665], [-79.201971, -2.705638], [-79.20473, -2.713289], [-79.216087, -2.71943], [-79.214748, -2.723003], [-79.208142, -2.722583], [-79.208685, -2.723898], [-79.207302, -2.725052], [-79.200887, -2.72555], [-79.19547, -2.732796], [-79.187251, -2.734004], [-79.183155, -2.742543], [-79.179838, -2.742399], [-79.176818, -2.745007], [-79.166478, -2.738804], [-79.166065, -2.733162], [-79.163673, -2.730796], [-79.162303, -2.732044], [-79.157587, -2.731451], [-79.152896, -2.73438], [-79.145329, -2.731198], [-79.144694, -2.726299], [-79.141066, -2.722322], [-79.143631, -2.714139], [-79.13479, -2.714139], [-79.134023, -2.715689], [-79.129938, -2.714485], [-79.127056, -2.715941], [-79.122254, -2.715234], [-79.120038, -2.716775], [-79.111281, -2.706166], [-79.093935, -2.696916], [-79.08095, -2.664517], [-79.080263, -2.648124], [-79.054414, -2.637832], [-79.034507, -2.646167], [-79.023871, -2.653999], [-79.019025, -2.66354], [-79.019026, -2.67243], [-79.021428, -2.672493], [-79.024086, -2.678675], [-79.020211, -2.683036], [-79.021918, -2.690911], [-79.01153, -2.706651], [-79.009901, -2.70989], [-79.010204, -2.713713], [-79.008109, -2.715148], [-78.987996, -2.715148], [-78.98546, -2.719633], [-78.992804, -2.731096], [-78.990603, -2.738435], [-78.994792, -2.742758], [-78.995211, -2.7485], [-78.992507, -2.750854], [-78.99185, -2.749604], [-78.988274, -2.749574], [-78.981475, -2.746612], [-78.973932, -2.748505], [-78.970849, -2.753434], [-78.968972, -2.75337], [-78.965567, -2.757056], [-78.963504, -2.761459], [-78.952786, -2.76899], [-78.951293, -2.773925], [-78.948521, -2.7756], [-78.948629, -2.779188], [-78.94615, -2.784624], [-78.948369, -2.789077], [-78.946295, -2.79294], [-78.945123, -2.792761], [-78.94799, -2.803565], [-78.947493, -2.816109], [-78.948867, -2.819384], [-78.944514, -2.828921], [-78.937264, -2.831792], [-78.937264, -2.833738], [-78.92389, -2.833738], [-78.923564, -2.828179], [-78.920732, -2.831171], [-78.917415, -2.831863], [-78.915778, -2.835221], [-78.913187, -2.835037], [-78.911024, -2.836793], [-78.904869, -2.835787], [-78.89968, -2.837452], [-78.892938, -2.834273], [-78.888451, -2.83724], [-78.886518, -2.835191], [-78.884968, -2.837078], [-78.881875, -2.837639], [-78.88049, -2.841277], [-78.875803, -2.840694], [-78.87277, -2.837816], [-78.880936, -2.829083], [-78.874291, -2.824136], [-78.875645, -2.821422], [-78.874962, -2.819208], [-78.870141, -2.819857], [-78.869314, -2.82247], [-78.86198, -2.823542], [-78.859084, -2.821563], [-78.853032, -2.823851], [-78.845019, -2.822926], [-78.839884, -2.817922], [-78.830214, -2.820545], [-78.823429, -2.824858], [-78.815413, -2.822275], [-78.818518, -2.819999], [-78.81832, -2.81769], [-78.821284, -2.816404], [-78.821607, -2.810259], [-78.819975, -2.810259], [-78.819975, -2.793439], [-78.818197, -2.792018], [-78.817455, -2.784507], [-78.815412, -2.784395], [-78.815404, -2.77855], [-78.809902, -2.776564], [-78.808976, -2.774799], [-78.800027, -2.77864], [-78.79502, -2.774227], [-78.798968, -2.765984], [-78.795539, -2.750593], [-78.792216, -2.743657], [-78.793482, -2.74169], [-78.792625, -2.734542], [-78.800656, -2.720823], [-78.798642, -2.719851], [-78.800958, -2.718945], [-78.799716, -2.715733], [-78.800859, -2.712702], [-78.79834, -2.706634], [-78.786534, -2.699445], [-78.787483, -2.696715], [-78.78492, -2.695618], [-78.785988, -2.691907], [-78.782994, -2.686753], [-78.77832, -2.685242], [-78.774482, -2.675283], [-78.766266, -2.670569], [-78.763127, -2.672453], [-78.762113, -2.670009], [-78.751574, -2.675069], [-78.748036, -2.674193], [-78.747144, -2.676907], [-78.741518, -2.678435], [-78.743113, -2.684657], [-78.737427, -2.685114], [-78.732507, -2.691315], [-78.730197, -2.689753], [-78.724402, -2.691092], [-78.722564, -2.689366], [-78.713615, -2.689995], [-78.702663, -2.6861], [-78.701999, -2.682267], [-78.697575, -2.677441], [-78.695744, -2.677055], [-78.695099, -2.678704], [-78.691219, -2.680514], [-78.689802, -2.673863], [-78.686682, -2.669421], [-78.679043, -2.674575], [-78.668852, -2.678084], [-78.666842, -2.677331], [-78.662227, -2.66379], [-78.659822, -2.662286], [-78.660649, -2.660073], [-78.658353, -2.654668], [-78.637331, -2.648113], [-78.632417, -2.641405], [-78.626604, -2.638051], [-78.620148, -2.631725], [-78.61841, -2.627459], [-78.616775, -2.627458], [-78.622215, -2.618232], [-78.62528, -2.607587], [-78.622169, -2.59385], [-78.618703, -2.592972], [-78.61745, -2.589975], [-78.603339, -2.585426], [-78.59071, -2.576776], [-78.579856, -2.573974], [-78.57165, -2.564554], [-78.570636, -2.559883], [-78.565844, -2.554431], [-78.55891, -2.556443], [-78.556257, -2.559629], [-78.560189, -2.565243], [-78.560538, -2.574244], [-78.567589, -2.591247], [-78.565032, -2.596803], [-78.563082, -2.606748], [-78.559618, -2.612366], [-78.555657, -2.614128], [-78.555107, -2.617108], [-78.551897, -2.617185], [-78.548477, -2.62064], [-78.536021, -2.627093], [-78.53213, -2.62653], [-78.530897, -2.621768], [-78.528326, -2.61951], [-78.526759, -2.608993], [-78.524062, -2.605619], [-78.522839, -2.59571], [-78.520958, -2.594002], [-78.519085, -2.588139], [-78.505988, -2.575464], [-78.497762, -2.571813], [-78.480565, -2.572479], [-78.478699, -2.574932], [-78.473074, -2.576814], [-78.470875, -2.580848], [-78.46119, -2.590599], [-78.444427, -2.593865], [-78.436577, -2.599115], [-78.435111, -2.601049], [-78.434998, -2.607591], [-78.429647, -2.611672], [-78.428873, -2.61534], [-78.42491, -2.618894], [-78.422137, -2.630606], [-78.431094, -2.636076], [-78.434596, -2.643515], [-78.438615, -2.645224], [-78.441033, -2.649031], [-78.445001, -2.651607], [-78.456687, -2.655003], [-78.460074, -2.658282], [-78.466223, -2.658757], [-78.474164, -2.662859], [-78.483138, -2.660124], [-78.487946, -2.661274], [-78.505063, -2.674567], [-78.515101, -2.680154], [-78.515561, -2.68554], [-78.518189, -2.688583], [-78.521148, -2.688956], [-78.523656, -2.692251], [-78.530476, -2.692278], [-78.532238, -2.69458], [-78.536606, -2.693137], [-78.546805, -2.696105], [-78.55244, -2.694901], [-78.563485, -2.70035], [-78.566907, -2.705228], [-78.572962, -2.705134], [-78.579502, -2.70926], [-78.576898, -2.712847], [-78.577703, -2.719038], [-78.582907, -2.724334], [-78.588361, -2.735316], [-78.588155, -2.738329], [-78.593034, -2.745844], [-78.589875, -2.752946], [-78.592101, -2.761583], [-78.600478, -2.76191], [-78.602212, -2.768112], [-78.604985, -2.769784], [-78.607446, -2.776191], [-78.610346, -2.777907], [-78.610383, -2.781784], [-78.61464, -2.786734], [-78.611848, -2.787328], [-78.61187, -2.789597], [-78.603138, -2.800899], [-78.602664, -2.80473], [-78.600048, -2.807004], [-78.595707, -2.818572], [-78.588605, -2.817134], [-78.585949, -2.818287], [-78.583013, -2.821268], [-78.582179, -2.824847], [-78.575627, -2.830582], [-78.575306, -2.832815], [-78.577611, -2.836163], [-78.576757, -2.8428], [-78.578871, -2.845024], [-78.577507, -2.849432], [-78.575553, -2.851045], [-78.592204, -2.862101], [-78.601305, -2.872867], [-78.602344, -2.880064], [-78.604812, -2.882279], [-78.60481, -2.885195], [-78.611626, -2.890373], [-78.612175, -2.894045], [-78.615655, -2.899662], [-78.631618, -2.91355], [-78.632487, -2.91931], [-78.634363, -2.921749], [-78.629181, -2.922688], [-78.628719, -2.936355], [-78.632473, -2.938027], [-78.637304, -2.951798], [-78.635813, -2.957325], [-78.632202, -2.958932], [-78.632813, -2.969851], [-78.631419, -2.970566], [-78.634939, -2.973257], [-78.637811, -2.980814], [-78.64713, -2.987194], [-78.649931, -2.985942], [-78.656998, -2.987311], [-78.65882, -2.989888], [-78.657431, -2.992009], [-78.659932, -2.994846], [-78.657349, -2.999734], [-78.661998, -3.004041], [-78.662506, -3.00946], [-78.664832, -3.01196], [-78.662542, -3.015803], [-78.665044, -3.022614], [-78.675304, -3.028703], [-78.676254, -3.03649], [-78.673169, -3.039142], [-78.673799, -3.042336], [-78.672373, -3.046785], [-78.67075, -3.047459], [-78.672685, -3.057634], [-78.670832, -3.063033], [-78.678686, -3.068336], [-78.679647, -3.067667], [-78.684951, -3.070572], [-78.683013, -3.071616], [-78.684387, -3.080612], [-78.682665, -3.082569], [-78.686633, -3.096096], [-78.689203, -3.100407], [-78.688352, -3.104869], [-78.695703, -3.107304], [-78.697929, -3.120468], [-78.705299, -3.13678], [-78.710225, -3.133477], [-78.726392, -3.140076], [-78.727914, -3.142611], [-78.73011, -3.142954], [-78.732202, -3.140863], [-78.736675, -3.139647], [-78.740909, -3.142266], [-78.742868, -3.140699], [-78.743773, -3.144798], [-78.75049, -3.148285], [-78.750065, -3.152964], [-78.754855, -3.160077], [-78.765985, -3.162821], [-78.772531, -3.166136], [-78.783152, -3.176915], [-78.783359, -3.184789], [-78.789084, -3.189591], [-78.790374, -3.193005], [-78.794147, -3.191674], [-78.799052, -3.197806], [-78.801051, -3.197982], [-78.801967, -3.200324], [-78.804826, -3.202045], [-78.805043, -3.204162], [-78.811111, -3.207347], [-78.811705, -3.212048], [-78.824548, -3.228498], [-78.827282, -3.230115], [-78.826309, -3.232744], [-78.82994, -3.235501], [-78.830594, -3.240439], [-78.835035, -3.245702], [-78.841844, -3.24435], [-78.845898, -3.240065], [-78.84508, -3.237803], [-78.846569, -3.236921], [-78.845919, -3.232837], [-78.847171, -3.230999], [-78.850502, -3.229068], [-78.853388, -3.231171], [-78.854254, -3.229702], [-78.85677, -3.229647], [-78.860343, -3.233924], [-78.866355, -3.235438], [-78.865578, -3.239868], [-78.866847, -3.241778], [-78.878852, -3.248077], [-78.879963, -3.250635], [-78.891442, -3.251267], [-78.894359, -3.253599], [-78.898499, -3.253979], [-78.901824, -3.257095], [-78.903393, -3.265626], [-78.90578, -3.268257], [-78.909323, -3.269386], [-78.91215, -3.27315], [-78.921404, -3.271938], [-78.924169, -3.269169], [-78.927033, -3.272045], [-78.934405, -3.273107], [-78.936185, -3.275657], [-78.93447, -3.278453], [-78.936336, -3.281044], [-78.9338, -3.289016], [-78.934326, -3.296143], [-78.939614, -3.296553], [-78.942306, -3.299772], [-78.947147, -3.297404], [-78.95056, -3.299745], [-78.953926, -3.299852], [-78.952415, -3.300792], [-78.950756, -3.306946], [-78.946473, -3.308509], [-78.948811, -3.312501], [-78.946493, -3.314616], [-78.947448, -3.317613], [-78.945343, -3.323053], [-78.944061, -3.333751], [-78.941591, -3.335981], [-78.942966, -3.343416], [-78.947267, -3.342167], [-78.951137, -3.343639], [-78.961648, -3.343406], [-78.961128, -3.346233], [-78.967263, -3.348701], [-78.969376, -3.353444], [-78.975665, -3.349668], [-78.978668, -3.351706], [-78.981245, -3.350126], [-78.983181, -3.352707], [-78.989757, -3.35346], [-78.995559, -3.360119], [-79.002291, -3.361693], [-79.004928, -3.366569], [-79.012858, -3.367074], [-79.01744, -3.373963], [-79.020682, -3.37407], [-79.024853, -3.37743], [-79.027554, -3.376653], [-79.03006, -3.380663], [-79.028674, -3.385115], [-79.035403, -3.390391], [-79.044049, -3.393336], [-79.051012, -3.399658], [-79.051644, -3.402183], [-79.05023, -3.404034], [-79.051928, -3.405676], [-79.049636, -3.407848], [-79.049635, -3.409799], [-79.056363, -3.418224], [-79.058385, -3.423438], [-79.057557, -3.42794], [-79.060364, -3.432412], [-79.065918, -3.434495], [-79.068846, -3.438078], [-79.061929, -3.437155], [-79.060254, -3.441237], [-79.056763, -3.444738], [-79.053985, -3.454283], [-79.05625, -3.454985], [-79.0562, -3.458645], [-79.053776, -3.461882]]]]}}, {"type": "Feature", "id": "ESMERALDAS", "properties": {"codigo": "08", "nombre": "ESMERALDAS", "centroide_lon": -79.22048, "centroide_lat": 0.70634}, "geometry": {"type": "MultiPolygon", "coordinates": [[[[-79.359752, 0.232894], [-79.35333, 0.227753], [-79.348069, 0.211977], [-79.345089, 0.211328], [-79.337716, 0.213797], [-79.328633, 0.209073], [-79.323162, 0.199764], [-79.314571, 0.193255], [-79.305303, 0.181434], [-79.304102, 0.173231], [-79.313389, 0.158166], [-79.32286, 0.157558], [-79.324909, 0.156203], [-79.327029, 0.146067], [-79.331804, 0.137049], [-79.330062, 0.127998], [-79.331805, 0.115081], [-79.342384, 0.101376], [-79.347796, 0.09722], [-79.354694, 0.076024], [-79.354735, 0.067419], [-79.368343, 0.052935], [-79.366787, 0.044416], [-79.371529, 0.033087], [-79.368596, 0.02828], [-79.36798, 0.022421], [-79.370832, 0.0238], [-79.39023, 0.024614], [-79.393584, 0.026237], [-79.406947, 0.025887], [-79.408117, 0.024951], [-79.40765, 0.022812], [-79.405568, 0.018709], [-79.403735, 0.018462], [-79.402045, 0.014121], [-79.415472, 0.019219], [-79.416813, 0.021235], [-79.421043, 0.022536], [-79.421415, 0.024709], [-79.424073, 0.020781], [-79.427543, 0.024265], [-79.427075, 0.022887], [-79.428908, 0.023387], [-79.42824, 0.021386], [-79.429645, 0.021328], [-79.427932, 0.019342], [-79.429049, 0.017895], [-79.426719, 0.016591], [-79.427926, 0.014449], [-79.424943, 0.013233], [-79.426924, 0.011816], [-79.423979, 0.011763], [-79.421698, 0.007137], [-79.424597, 0.004749], [-79.430784, 0.004752], [-79.43326, 0.006041], [-79.437775, 0.004272], [-79.446563, 0.004666], [-79.456066, -0.001915], [-79.461727, 0.000848], [-79.463252, 0.002412], [-79.462804, 0.003988], [-79.463622, 0.004503], [-79.463647, -0.002965], [-79.461106, -0.001854], [-79.459179, -0.008498], [-79.45638, -0.007404], [-79.453438, -0.00992], [-79.455327, -0.011438], [-79.453113, -0.013037], [-79.452773, -0.016846], [-79.449964, -0.017588], [-79.450225, -0.020627], [-79.447361, -0.020388], [-79.449125, -0.023159], [-79.444704, -0.028404], [-79.447175, -0.029913], [-79.445245, -0.030626], [-79.443589, -0.028327], [-79.442871, -0.030794], [-79.438526, -0.029164], [-79.436256, -0.03137], [-79.434806, -0.02854], [-79.432443, -0.027611], [-79.436021, -0.033166], [-79.448641, -0.039681], [-79.457744, -0.034717], [-79.459925, -0.036543], [-79.462468, -0.035323], [-79.461349, -0.038678], [-79.464596, -0.034673], [-79.468982, -0.034102], [-79.471282, -0.031159], [-79.475457, -0.02917], [-79.477405, -0.03107], [-79.49881, -0.027937], [-79.512844, -0.027417], [-79.512703, -0.031999], [-79.514641, -0.032724], [-79.516067, -0.031024], [-79.514897, -0.028391], [-79.515946, -0.026352], [-79.519931, -0.025885], [-79.522321, -0.028152], [-79.523325, -0.026852], [-79.528358, -0.026853], [-79.53043, -0.024331], [-79.532791, -0.026121], [-79.534008, -0.023945], [-79.535644, -0.025464], [-79.536035, -0.029106], [-79.540341, -0.024378], [-79.549492, -0.025059], [-79.551218, -0.023329], [-79.55284, -0.025211], [-79.561589, -0.023323], [-79.563673, -0.021492], [-79.564565, -0.022816], [-79.571101, -0.020913], [-79.575738, -0.023529], [-79.577358, -0.019463], [-79.579337, -0.018303], [-79.588928, -0.020949], [-79.59822, -0.020675], [-79.59822, -0.028625], [-79.600772, -0.030702], [-79.602979, -0.022762], [-79.605684, -0.022231], [-79.602785, -0.019875], [-79.607278, -0.010918], [-79.606464, -0.006974], [-79.609862, -0.00643], [-79.612467, -0.007889], [-79.612539, 0.011434], [-79.622505, 0.013449], [-79.624888, 0.018623], [-79.624141, 0.023326], [-79.616605, 0.026976], [-79.61466, 0.032548], [-79.624807, 0.034321], [-79.625701, 0.036301], [-79.623604, 0.043953], [-79.616928, 0.051918], [-79.620315, 0.057633], [-79.611908, 0.056799], [-79.605661, 0.061034], [-79.600689, 0.06051], [-79.597338, 0.063584], [-79.604126, 0.07426], [-79.602828, 0.082339], [-79.59191, 0.085608], [-79.588615, 0.090179], [-79.587107, 0.097431], [-79.582186, 0.102222], [-79.580239, 0.106907], [-79.571402, 0.112334], [-79.569345, 0.11509], [-79.575135, 0.120166], [-79.582038, 0.117564], [-79.597396, 0.120929], [-79.599314, 0.130841], [-79.602627, 0.132391], [-79.606471, 0.131652], [-79.60891, 0.129283], [-79.610576, 0.136031], [-79.616668, 0.132423], [-79.617699, 0.134184], [-79.613527, 0.139726], [-79.6178, 0.141519], [-79.617861, 0.146291], [-79.622276, 0.147299], [-79.621117, 0.149999], [-79.623588, 0.151371], [-79.625971, 0.157899], [-79.640285, 0.155289], [-79.640122, 0.152451], [-79.64778, 0.152953], [-79.649549, 0.143975], [-79.651312, 0.143166], [-79.651553, 0.146355], [-79.657502, 0.153482], [-79.656443, 0.156639], [-79.653278, 0.155743], [-79.651829, 0.160062], [-79.658083, 0.160985], [-79.654907, 0.163693], [-79.654877, 0.166492], [-79.658412, 0.168563], [-79.655482, 0.172443], [-79.665332, 0.178078], [-79.666717, 0.177671], [-79.666906, 0.173661], [-79.670047, 0.173342], [-79.672558, 0.16868], [-79.676062, 0.169889], [-79.676045, 0.163886], [-79.682802, 0.164024], [-79.68398, 0.165075], [-79.682898, 0.167988], [-79.68577, 0.166728], [-79.686579, 0.169162], [-79.689442, 0.166791], [-79.693994, 0.168669], [-79.693157, 0.170394], [-79.695707, 0.173466], [-79.695029, 0.176081], [-79.699492, 0.177207], [-79.701953, 0.175985], [-79.702645, 0.177904], [-79.699656, 0.178822], [-79.69895, 0.180768], [-79.704009, 0.180437], [-79.706628, 0.182819], [-79.707767, 0.179871], [-79.711544, 0.182067], [-79.709782, 0.190935], [-79.707943, 0.192252], [-79.70859, 0.193147], [-79.706184, 0.192671], [-79.705669, 0.194], [-79.707785, 0.199642], [-79.705454, 0.202516], [-79.707201, 0.20451], [-79.70487, 0.211687], [-79.699532, 0.215365], [-79.698097, 0.218116], [-79.69649, 0.218098], [-79.696229, 0.219643], [-79.693878, 0.219221], [-79.689161, 0.214911], [-79.684841, 0.216323], [-79.686174, 0.220878], [-79.685168, 0.224439], [-79.687575, 0.225956], [-79.680539, 0.233802], [-79.678569, 0.240434], [-79.674961, 0.243835], [-79.674898, 0.247382], [-79.672336, 0.248135], [-79.668562, 0.255004], [-79.666524, 0.255852], [-79.665478, 0.262274], [-79.673284, 0.275833], [-79.678745, 0.27742], [-79.678417, 0.273555], [-79.68643, 0.274148], [-79.688181, 0.278935], [-79.693315, 0.280383], [-79.695085, 0.287736], [-79.696618, 0.28924], [-79.701494, 0.290099], [-79.708481, 0.288575], [-79.718727, 0.293665], [-79.721331, 0.300673], [-79.71644, 0.307086], [-79.718547, 0.308975], [-79.72243, 0.31942], [-79.718238, 0.329196], [-79.716019, 0.330318], [-79.71269, 0.335837], [-79.706613, 0.339283], [-79.707349, 0.341487], [-79.705611, 0.343346], [-79.710779, 0.348642], [-79.716769, 0.365923], [-79.721683, 0.372517], [-79.72802, 0.375116], [-79.736317, 0.372448], [-79.748176, 0.379702], [-79.7557, 0.378769], [-79.762301, 0.381806], [-79.76455, 0.380354], [-79.76792, 0.381133], [-79.771959, 0.377917], [-79.77641, 0.381223], [-79.779467, 0.377092], [-79.796358, 0.369563], [-79.805457, 0.362836], [-79.807984, 0.351068], [-79.81557, 0.345764], [-79.815264, 0.342915], [-79.813331, 0.340834], [-79.817464, 0.337054], [-79.81714, 0.331803], [-79.810339, 0.328927], [-79.803771, 0.332058], [-79.803187, 0.328937], [-79.810605, 0.322194], [-79.823034, 0.318025], [-79.823842, 0.31947], [-79.826367, 0.318334], [-79.831865, 0.324435], [-79.837991, 0.324121], [-79.840905, 0.322267], [-79.844771, 0.322427], [-79.848218, 0.320462], [-79.856017, 0.319279], [-79.856591, 0.317642], [-79.858434, 0.319121], [-79.85766, 0.317547], [-79.862369, 0.317281], [-79.864363, 0.314639], [-79.865924, 0.316015], [-79.865243, 0.318086], [-79.870393, 0.318404], [-79.876624, 0.316733], [-79.881627, 0.322593], [-79.8853, 0.322297], [-79.889314, 0.31711], [-79.90426, 0.315144], [-79.903947, 0.312336], [-79.895254, 0.312566], [-79.89467, 0.302098], [-79.900958, 0.301168], [-79.899271, 0.298605], [-79.904119, 0.297541], [-79.90147, 0.292269], [-79.903459, 0.288467], [-79.907271, 0.288446], [-79.90599, 0.29334], [-79.907959, 0.294279], [-79.909587, 0.288243], [-79.908843, 0.284385], [-79.910331, 0.281753], [-79.906339, 0.283125], [-79.903881, 0.276137], [-79.908788, 0.276372], [-79.910924, 0.271348], [-79.91959, 0.275876], [-79.922966, 0.269644], [-79.927103, 0.266571], [-79.926466, 0.262732], [-79.921003, 0.25985], [-79.921046, 0.257668], [-79.9231, 0.255514], [-79.933057, 0.254093], [-79.937421, 0.2582], [-79.94538, 0.26192], [-79.955419, 0.259616], [-79.963179, 0.260421], [-79.973962, 0.265189], [-79.980778, 0.273066], [-79.987979, 0.292504], [-79.988572, 0.303777], [-79.994858, 0.343707], [-79.99752, 0.348494], [-80.005818, 0.35704], [-80.021246, 0.366385], [-80.030022, 0.373885], [-80.02613, 0.378862], [-80.027486, 0.381652], [-80.035076, 0.392866], [-80.041814, 0.397885], [-80.038714, 0.398654], [-80.039119, 0.401639], [-80.034088, 0.402543], [-80.024944, 0.417928], [-80.039961, 0.430933], [-80.038277, 0.434053], [-80.040477, 0.434686], [-80.043532, 0.438394], [-80.049611, 0.459007], [-80.055663, 0.467149], [-80.050179, 0.476693], [-80.047394, 0.484787], [-80.044313, 0.485708], [-80.04784, 0.494688], [-80.044561, 0.493467], [-80.042449, 0.494552], [-80.038719, 0.50111], [-80.039123, 0.502919], [-80.033956, 0.505677], [-80.032068, 0.509793], [-80.028878, 0.507033], [-80.025689, 0.506445], [-80.022678, 0.507575], [-80.018454, 0.512821], [-80.011262, 0.53159], [-80.009732, 0.550089], [-80.007844, 0.552169], [-80.002341, 0.552344], [-80.002835, 0.554063], [-80.001217, 0.555872], [-80.00481, 0.564376], [-80.002878, 0.566275], [-80.013094, 0.575008], [-80.025938, 0.603285], [-80.036681, 0.61839], [-80.037259, 0.622534], [-80.03551, 0.625159], [-80.037092, 0.632872], [-80.041099, 0.633668], [-80.044749, 0.631806], [-80.049036, 0.636736], [-80.051845, 0.636457], [-80.059764, 0.643161], [-80.066351, 0.651574], [-80.070047, 0.653562], [-80.06841, 0.653047], [-80.068131, 0.656049], [-80.081781, 0.65133], [-80.082614, 0.648168], [-80.085379, 0.649392], [-80.087694, 0.64837], [-80.087845, 0.652986], [-80.093103, 0.659606], [-80.094405, 0.666391], [-80.100243, 0.67969], [-80.102172, 0.695385], [-80.098532, 0.701717], [-80.097677, 0.707099], [-80.095745, 0.708456], [-80.09516, 0.714245], [-80.094978, 0.721301], [-80.099941, 0.738292], [-80.098749, 0.742289], [-80.0996, 0.752421], [-80.096856, 0.764858], [-80.093478, 0.769084], [-80.092124, 0.77552], [-80.089083, 0.776853], [-80.08648, 0.783428], [-80.083443, 0.784262], [-80.081612, 0.786625], [-80.080498, 0.792591], [-80.073542, 0.797068], [-80.060587, 0.815359], [-80.055521, 0.817663], [-80.051299, 0.825269], [-80.049228, 0.824262], [-80.048978, 0.818765], [-80.045709, 0.817749], [-80.029936, 0.817884], [-80.0257, 0.819205], [-80.022505, 0.817332], [-80.012952, 0.820594], [-80.007783, 0.817849], [-80.003113, 0.818786], [-79.993205, 0.816524], [-79.972642, 0.819421], [-79.972958, 0.820314], [-79.972388, 0.819517], [-79.958094, 0.82526], [-79.952291, 0.825873], [-79.930833, 0.842469], [-79.920738, 0.851979], [-79.920076, 0.853155], [-79.921089, 0.853858], [-79.921244, 0.854212], [-79.921218, 0.854535], [-79.919178, 0.852764], [-79.920705, 0.854212], [-79.916952, 0.857083], [-79.914774, 0.854504], [-79.905249, 0.852783], [-79.881565, 0.871546], [-79.876579, 0.869011], [-79.876535, 0.867021], [-79.878422, 0.867158], [-79.876513, 0.865077], [-79.867235, 0.864531], [-79.808653, 0.894999], [-79.794929, 0.907241], [-79.779135, 0.927776], [-79.764723, 0.938709], [-79.748652, 0.957016], [-79.738324, 0.964325], [-79.731582, 0.966934], [-79.718355, 0.966614], [-79.705894, 0.969604], [-79.676537, 0.983242], [-79.673299, 0.983463], [-79.649377, 0.997417], [-79.648661, 0.997278], [-79.64638, 0.994982], [-79.648031, 0.996422], [-79.65205, 0.994065], [-79.649754, 0.989762], [-79.646037, 0.991046], [-79.627106, 0.989519], [-79.625692, 0.992566], [-79.62219, 0.993136], [-79.617026, 0.991823], [-79.612635, 0.986175], [-79.608008, 0.985039], [-79.583054, 0.98671], [-79.559638, 0.995572], [-79.556644, 0.993568], [-79.553211, 0.993855], [-79.515361, 1.016845], [-79.510397, 1.018121], [-79.509189, 1.020389], [-79.501685, 1.025092], [-79.458741, 1.049662], [-79.428234, 1.069505], [-79.422519, 1.071157], [-79.418884, 1.075156], [-79.395906, 1.082617], [-79.391948, 1.082767], [-79.390667, 1.077459], [-79.386267, 1.072524], [-79.376163, 1.069596], [-79.368736, 1.069338], [-79.334036, 1.072116], [-79.303745, 1.082274], [-79.300068, 1.080338], [-79.300286, 1.078991], [-79.29236, 1.077731], [-79.275274, 1.081502], [-79.25949, 1.087208], [-79.257221, 1.084289], [-79.257802, 1.082119], [-79.254457, 1.075608], [-79.255403, 1.076439], [-79.25592, 1.07544], [-79.250224, 1.07399], [-79.250513, 1.072905], [-79.245918, 1.073144], [-79.23012, 1.077385], [-79.210936, 1.084647], [-79.209435, 1.082422], [-79.189035, 1.090109], [-79.186524, 1.089345], [-79.181393, 1.092238], [-79.176977, 1.090622], [-79.160321, 1.098788], [-79.133487, 1.119192], [-79.130013, 1.119297], [-79.129379, 1.1229], [-79.106733, 1.149216], [-79.102321, 1.151144], [-79.1035, 1.151937], [-79.103044, 1.153669], [-79.095377, 1.164221], [-79.091446, 1.167748], [-79.087553, 1.168618], [-79.08651, 1.171058], [-79.08801, 1.170954], [-79.087666, 1.173131], [-79.067884, 1.205265], [-79.061545, 1.213495], [-79.051116, 1.22173], [-79.046883, 1.237489], [-79.048588, 1.240113], [-79.046834, 1.243683], [-79.045487, 1.242371], [-79.042387, 1.242821], [-79.02612, 1.252845], [-79.008814, 1.269785], [-79.004006, 1.271906], [-79.000728, 1.270683], [-78.983055, 1.281566], [-78.981579, 1.288345], [-78.976452, 1.297111], [-78.972406, 1.300995], [-78.97034, 1.300949], [-78.970473, 1.30348], [-78.961078, 1.312379], [-78.959593, 1.315451], [-78.956896, 1.317936], [-78.955819, 1.317121], [-78.936757, 1.338398], [-78.931233, 1.337218], [-78.930064, 1.338844], [-78.931409, 1.34201], [-78.930012, 1.347298], [-78.910494, 1.375354], [-78.906675, 1.376797], [-78.903309, 1.373765], [-78.898728, 1.372721], [-78.886008, 1.383107], [-78.887615, 1.39432], [-78.891204, 1.398979], [-78.886623, 1.405506], [-78.881936, 1.420629], [-78.8814, 1.43351], [-78.882817, 1.446358], [-78.868686, 1.469581], [-78.835367, 1.44201], [-78.824564, 1.440662], [-78.817306, 1.432189], [-78.802233, 1.428219], [-78.800614, 1.426409], [-78.796098, 1.410966], [-78.791968, 1.40696], [-78.784124, 1.406821], [-78.782575, 1.405685], [-78.779481, 1.392121], [-78.777516, 1.390674], [-78.767742, 1.390716], [-78.762103, 1.394004], [-78.758877, 1.393864], [-78.75235, 1.389389], [-78.747274, 1.37916], [-78.744082, 1.376229], [-78.742829, 1.37751], [-78.740566, 1.377157], [-78.731723, 1.368451], [-78.729211, 1.370327], [-78.728506, 1.36814], [-78.725964, 1.369564], [-78.72067, 1.369204], [-78.717848, 1.363443], [-78.709822, 1.358994], [-78.706479, 1.350822], [-78.703905, 1.34947], [-78.704851, 1.347422], [-78.70337, 1.345893], [-78.702659, 1.337791], [-78.701029, 1.339988], [-78.699434, 1.336611], [-78.700984, 1.33547], [-78.697617, 1.336713], [-78.695023, 1.33471], [-78.694735, 1.330176], [-78.690484, 1.331272], [-78.69047, 1.334285], [-78.684924, 1.333095], [-78.6806, 1.330042], [-78.678936, 1.326372], [-78.676357, 1.326079], [-78.674839, 1.322214], [-78.672301, 1.323664], [-78.671672, 1.321096], [-78.669507, 1.319634], [-78.66364, 1.320979], [-78.661016, 1.319697], [-78.662215, 1.312301], [-78.659771, 1.312766], [-78.661086, 1.310468], [-78.658899, 1.308475], [-78.659655, 1.307256], [-78.658105, 1.307058], [-78.65994, 1.304988], [-78.656646, 1.30351], [-78.657386, 1.30219], [-78.654483, 1.298497], [-78.652591, 1.291089], [-78.646434, 1.289112], [-78.648595, 1.283821], [-78.649063, 1.276524], [-78.64204, 1.268853], [-78.638254, 1.268068], [-78.640293, 1.264681], [-78.636343, 1.268109], [-78.630167, 1.265469], [-78.633378, 1.26196], [-78.627103, 1.261663], [-78.625066, 1.254084], [-78.621459, 1.250065], [-78.614957, 1.246253], [-78.612636, 1.247499], [-78.604733, 1.247013], [-78.593262, 1.238586], [-78.585715, 1.243296], [-78.580417, 1.24241], [-78.548314, 1.243526], [-78.544166, 1.244749], [-78.541077, 1.23513], [-78.546996, 1.229805], [-78.547129, 1.226942], [-78.544884, 1.22649], [-78.539508, 1.229761], [-78.534891, 1.225541], [-78.530526, 1.224547], [-78.527553, 1.220494], [-78.521009, 1.221311], [-78.521717, 1.215831], [-78.520228, 1.213238], [-78.51391, 1.213445], [-78.515719, 1.204798], [-78.514715, 1.203464], [-78.511912, 1.204323], [-78.511222, 1.203357], [-78.512713, 1.200207], [-78.512327, 1.196337], [-78.517106, 1.190715], [-78.516813, 1.188415], [-78.508756, 1.188937], [-78.506919, 1.183003], [-78.502908, 1.187182], [-78.495824, 1.185214], [-78.498157, 1.182483], [-78.497743, 1.178748], [-78.49959, 1.176854], [-78.502656, 1.179596], [-78.50579, 1.174852], [-78.512632, 1.171991], [-78.511048, 1.168148], [-78.513477, 1.158803], [-78.512248, 1.157523], [-78.50856, 1.161001], [-78.506757, 1.160155], [-78.505996, 1.152227], [-78.509302, 1.150591], [-78.507557, 1.145687], [-78.504142, 1.144972], [-78.503334, 1.136603], [-78.500272, 1.133646], [-78.504584, 1.130623], [-78.502918, 1.127788], [-78.506339, 1.121349], [-78.505683, 1.113858], [-78.5076, 1.107443], [-78.506946, 1.105716], [-78.504723, 1.106221], [-78.503415, 1.104343], [-78.507989, 1.096518], [-78.505619, 1.093262], [-78.500605, 1.090684], [-78.500396, 1.087037], [-78.502539, 1.086357], [-78.501174, 1.08325], [-78.501861, 1.078894], [-78.499901, 1.075002], [-78.503508, 1.074952], [-78.505348, 1.071689], [-78.511542, 1.071402], [-78.519078, 1.068275], [-78.522253, 1.068622], [-78.522659, 1.067517], [-78.520819, 1.066553], [-78.524812, 1.061888], [-78.524024, 1.057981], [-78.529736, 1.056882], [-78.53907, 1.051817], [-78.543213, 1.04741], [-78.544231, 1.045296], [-78.542557, 1.043447], [-78.542482, 1.038554], [-78.546372, 1.034746], [-78.547404, 1.031645], [-78.547308, 1.029133], [-78.544357, 1.029533], [-78.542599, 1.027884], [-78.545951, 1.027086], [-78.544973, 1.023593], [-78.549317, 1.020059], [-78.545881, 1.016628], [-78.547639, 1.014588], [-78.547806, 1.011229], [-78.541943, 1.00862], [-78.544511, 1.006002], [-78.541457, 1.000255], [-78.541283, 0.996863], [-78.537901, 0.993515], [-78.539946, 0.989878], [-78.536332, 0.980573], [-78.537942, 0.978355], [-78.536755, 0.973114], [-78.539409, 0.961793], [-78.543018, 0.955623], [-78.545898, 0.956403], [-78.547406, 0.954167], [-78.544465, 0.944112], [-78.546876, 0.94174], [-78.537852, 0.933692], [-78.533403, 0.932307], [-78.530398, 0.929646], [-78.530103, 0.927932], [-78.53268, 0.928248], [-78.533172, 0.925645], [-78.529452, 0.920164], [-78.520453, 0.918109], [-78.515824, 0.911249], [-78.511366, 0.910512], [-78.508874, 0.905159], [-78.506645, 0.904259], [-78.503812, 0.899204], [-78.495985, 0.891534], [-78.492601, 0.890736], [-78.48438, 0.885169], [-78.461848, 0.885547], [-78.458194, 0.879519], [-78.453181, 0.8789], [-78.454384, 0.873734], [-78.452957, 0.871468], [-78.453102, 0.867326], [-78.450606, 0.862953], [-78.4532, 0.857849], [-78.452279, 0.850956], [-78.454487, 0.842519], [-78.452042, 0.837755], [-78.447637, 0.836983], [-78.446384, 0.832725], [-78.446753, 0.826391], [-78.449345, 0.82679], [-78.452552, 0.823465], [-78.442977, 0.81892], [-78.441602, 0.813888], [-78.444207, 0.812488], [-78.442709, 0.80581], [-78.444784, 0.801258], [-78.447089, 0.799375], [-78.448784, 0.801084], [-78.452355, 0.796485], [-78.449388, 0.792686], [-78.451001, 0.789478], [-78.453885, 0.78969], [-78.456766, 0.785971], [-78.459323, 0.78569], [-78.461437, 0.778529], [-78.466421, 0.777765], [-78.467424, 0.773654], [-78.477205, 0.773483], [-78.481483, 0.770153], [-78.494411, 0.767273], [-78.50328, 0.769759], [-78.504904, 0.771374], [-78.504162, 0.773035], [-78.506716, 0.773188], [-78.507937, 0.775248], [-78.51248, 0.775451], [-78.516367, 0.77125], [-78.521339, 0.771559], [-78.524685, 0.769454], [-78.536299, 0.772436], [-78.532447, 0.768159], [-78.531902, 0.762793], [-78.528846, 0.764401], [-78.524651, 0.762726], [-78.518663, 0.75711], [-78.518321, 0.753732], [-78.516399, 0.752358], [-78.518614, 0.750514], [-78.518538, 0.745409], [-78.51962, 0.744587], [-78.517949, 0.737087], [-78.520407, 0.735254], [-78.521327, 0.730918], [-78.524957, 0.731464], [-78.524448, 0.728548], [-78.517776, 0.725258], [-78.514701, 0.716945], [-78.510493, 0.713398], [-78.509319, 0.708973], [-78.50489, 0.709068], [-78.501344, 0.707251], [-78.49737, 0.708117], [-78.492317, 0.706411], [-78.490095, 0.691707], [-78.491507, 0.689616], [-78.487244, 0.688682], [-78.486393, 0.683922], [-78.4818, 0.682297], [-78.479398, 0.67847], [-78.477745, 0.666325], [-78.473366, 0.662764], [-78.471718, 0.652936], [-78.466553, 0.651017], [-78.463699, 0.644789], [-78.463431, 0.636822], [-78.460783, 0.628815], [-78.455683, 0.626783], [-78.45297, 0.621858], [-78.444102, 0.618391], [-78.44297, 0.616059], [-78.438506, 0.614144], [-78.434975, 0.608619], [-78.432789, 0.607786], [-78.42978, 0.600857], [-78.430593, 0.596722], [-78.429077, 0.589852], [-78.426389, 0.585932], [-78.429334, 0.578564], [-78.428848, 0.574565], [-78.430271, 0.572037], [-78.43388, 0.573045], [-78.438645, 0.569898], [-78.439147, 0.562811], [-78.440912, 0.561619], [-78.443534, 0.562776], [-78.443896, 0.559089], [-78.447186, 0.556852], [-78.445832, 0.551135], [-78.453972, 0.54132], [-78.453661, 0.538608], [-78.457988, 0.540276], [-78.464445, 0.539722], [-78.465242, 0.532012], [-78.474683, 0.534443], [-78.475203, 0.536871], [-78.487457, 0.542158], [-78.48926, 0.545019], [-78.49163, 0.544262], [-78.49406, 0.54571], [-78.49814, 0.54559], [-78.500175, 0.543217], [-78.502385, 0.544572], [-78.506475, 0.543576], [-78.511978, 0.536506], [-78.511245, 0.534977], [-78.514323, 0.53516], [-78.519838, 0.528918], [-78.523525, 0.529266], [-78.528981, 0.526055], [-78.531364, 0.527907], [-78.535681, 0.526857], [-78.539398, 0.522469], [-78.541976, 0.522681], [-78.545085, 0.519746], [-78.551874, 0.518593], [-78.558933, 0.509166], [-78.557892, 0.50508], [-78.555499, 0.50235], [-78.557599, 0.498015], [-78.557995, 0.489032], [-78.560296, 0.482586], [-78.562728, 0.481592], [-78.567544, 0.475755], [-78.568973, 0.476614], [-78.571754, 0.473402], [-78.575375, 0.472831], [-78.580583, 0.469246], [-78.586295, 0.469498], [-78.589447, 0.467329], [-78.59234, 0.467752], [-78.597253, 0.460354], [-78.600551, 0.459792], [-78.601356, 0.454588], [-78.606985, 0.452572], [-78.606147, 0.447188], [-78.608702, 0.443704], [-78.607749, 0.438955], [-78.614429, 0.429427], [-78.61324, 0.426832], [-78.614513, 0.419257], [-78.613217, 0.416624], [-78.616897, 0.410774], [-78.622115, 0.407683], [-78.627111, 0.406999], [-78.62788, 0.404021], [-78.634233, 0.398617], [-78.641324, 0.397137], [-78.641711, 0.393899], [-78.644261, 0.389842], [-78.647512, 0.3885], [-78.649463, 0.382874], [-78.652426, 0.382658], [-78.653828, 0.380001], [-78.657915, 0.377265], [-78.665914, 0.379711], [-78.669056, 0.375681], [-78.672787, 0.37404], [-78.678209, 0.373445], [-78.683337, 0.375787], [-78.686083, 0.375374], [-78.690232, 0.377215], [-78.692719, 0.380116], [-78.694816, 0.379416], [-78.696363, 0.382306], [-78.699318, 0.3831], [-78.702637, 0.390265], [-78.702562, 0.395285], [-78.70593, 0.397406], [-78.709465, 0.397582], [-78.709957, 0.399716], [-78.718567, 0.402986], [-78.730463, 0.401501], [-78.734915, 0.403952], [-78.740722, 0.400876], [-78.743852, 0.401857], [-78.748185, 0.400996], [-78.751887, 0.402465], [-78.751747, 0.404361], [-78.75458, 0.407722], [-78.765496, 0.407789], [-78.774242, 0.400311], [-78.779809, 0.403177], [-78.786763, 0.403196], [-78.790424, 0.404903], [-78.797931, 0.401116], [-78.798273, 0.40281], [-78.793243, 0.409258], [-78.795948, 0.412571], [-78.800124, 0.412539], [-78.812367, 0.416732], [-78.815103, 0.419532], [-78.816195, 0.42621], [-78.825817, 0.430303], [-78.833631, 0.4356], [-78.839645, 0.434685], [-78.843637, 0.433538], [-78.846703, 0.430238], [-78.850719, 0.430037], [-78.854272, 0.427075], [-78.858016, 0.4199], [-78.857601, 0.41679], [-78.858314, 0.417508], [-78.863304, 0.414579], [-78.867167, 0.407224], [-78.871505, 0.404175], [-78.871922, 0.39981], [-78.874477, 0.396701], [-78.88226, 0.390364], [-78.884756, 0.389707], [-78.885349, 0.391262], [-78.887132, 0.38887], [-78.888676, 0.389947], [-78.89236, 0.388393], [-78.893252, 0.384267], [-78.890876, 0.384266], [-78.890163, 0.382831], [-78.891589, 0.381037], [-78.891174, 0.378764], [-78.897649, 0.379603], [-78.899372, 0.378049], [-78.897531, 0.375237], [-78.893314, 0.373024], [-78.893017, 0.370332], [-78.895335, 0.368001], [-78.899196, 0.368241], [-78.90276, 0.371531], [-78.905315, 0.368661], [-78.903474, 0.366328], [-78.906682, 0.36603], [-78.907573, 0.363339], [-78.911008, 0.362646], [-78.910999, 0.401544], [-78.917797, 0.394451], [-78.927748, 0.3937], [-78.943472, 0.382022], [-78.952236, 0.368646], [-78.959041, 0.351542], [-78.961243, 0.349282], [-78.96717, 0.344641], [-78.973491, 0.342245], [-78.984658, 0.330546], [-78.995761, 0.325781], [-79.00373, 0.318652], [-79.010956, 0.317607], [-79.013402, 0.314065], [-79.019263, 0.312376], [-79.022919, 0.306675], [-79.028902, 0.307193], [-79.036017, 0.30448], [-79.040914, 0.304821], [-79.043988, 0.30351], [-79.046069, 0.305759], [-79.049253, 0.317418], [-79.052717, 0.319151], [-79.057824, 0.324834], [-79.064502, 0.328379], [-79.070368, 0.323896], [-79.079977, 0.333779], [-79.08505, 0.332958], [-79.092029, 0.336267], [-79.099009, 0.334999], [-79.101757, 0.332775], [-79.108738, 0.336009], [-79.116238, 0.334708], [-79.119783, 0.337682], [-79.121137, 0.336723], [-79.126999, 0.338359], [-79.12748, 0.340392], [-79.129625, 0.341422], [-79.132016, 0.340249], [-79.134833, 0.342594], [-79.13895, 0.341696], [-79.13975, 0.343375], [-79.14229, 0.341703], [-79.146202, 0.342109], [-79.148057, 0.343878], [-79.150783, 0.3435], [-79.150546, 0.344776], [-79.15165, 0.34385], [-79.162093, 0.348102], [-79.162879, 0.346866], [-79.166056, 0.347797], [-79.167425, 0.34729], [-79.166776, 0.345863], [-79.167923, 0.34707], [-79.174105, 0.344557], [-79.175361, 0.344931], [-79.173743, 0.346438], [-79.175158, 0.347805], [-79.177928, 0.345806], [-79.180871, 0.347233], [-79.184168, 0.345739], [-79.183378, 0.344078], [-79.185389, 0.345011], [-79.185823, 0.342773], [-79.18825, 0.342945], [-79.18815, 0.341482], [-79.19038, 0.339824], [-79.191649, 0.341174], [-79.193357, 0.339907], [-79.195066, 0.341935], [-79.195879, 0.340949], [-79.198527, 0.34191], [-79.198341, 0.343133], [-79.20246, 0.343392], [-79.205276, 0.346204], [-79.205937, 0.344498], [-79.207512, 0.346178], [-79.211169, 0.344867], [-79.21166, 0.346102], [-79.218081, 0.343048], [-79.219363, 0.340835], [-79.221643, 0.343213], [-79.222839, 0.341925], [-79.229706, 0.341623], [-79.232432, 0.339414], [-79.236453, 0.340134], [-79.239641, 0.342656], [-79.240813, 0.339892], [-79.243014, 0.339841], [-79.241589, 0.339094], [-79.243054, 0.338064], [-79.243958, 0.339706], [-79.246128, 0.339097], [-79.246414, 0.341095], [-79.248286, 0.340365], [-79.250082, 0.341792], [-79.253296, 0.339323], [-79.254749, 0.341396], [-79.255259, 0.340426], [-79.2615, 0.340655], [-79.262254, 0.339403], [-79.263792, 0.340445], [-79.265072, 0.338316], [-79.271784, 0.337047], [-79.275009, 0.333779], [-79.274792, 0.33033], [-79.268568, 0.329908], [-79.273902, 0.322334], [-79.274088, 0.314484], [-79.271881, 0.314082], [-79.272145, 0.308883], [-79.279023, 0.309239], [-79.279023, 0.29231], [-79.281239, 0.289436], [-79.281323, 0.285864], [-79.284875, 0.285172], [-79.285235, 0.287199], [-79.286436, 0.284809], [-79.288084, 0.285172], [-79.287496, 0.28263], [-79.29203, 0.28156], [-79.291981, 0.276364], [-79.29423, 0.277218], [-79.294354, 0.274043], [-79.29589, 0.272666], [-79.294995, 0.270651], [-79.296641, 0.269804], [-79.295479, 0.267909], [-79.300555, 0.267152], [-79.30151, 0.265303], [-79.300762, 0.264273], [-79.299097, 0.265103], [-79.298034, 0.259455], [-79.304305, 0.263204], [-79.306877, 0.261259], [-79.308019, 0.263375], [-79.308946, 0.26069], [-79.312414, 0.262775], [-79.316716, 0.257491], [-79.314797, 0.256788], [-79.314929, 0.254799], [-79.317529, 0.256624], [-79.31924, 0.254573], [-79.326019, 0.254313], [-79.327993, 0.251368], [-79.330574, 0.253267], [-79.333768, 0.249664], [-79.340542, 0.247864], [-79.342372, 0.250098], [-79.345409, 0.246825], [-79.350714, 0.246037], [-79.353028, 0.247522], [-79.359845, 0.247522], [-79.358966, 0.244283], [-79.362562, 0.240575], [-79.363185, 0.237931], [-79.359752, 0.232894]]]]}}, {"type": "Feature", "id": "SANTA ELENA", "properties": {"codigo": "24", "nombre": "SANTA ELENA", "centroide_lon": -80.57794, "centroide_lat": -2.1395}, "geometry": {"type": "MultiPolygon", "coordinates": [[[[-80.869271, -2.324673], [-80.877092, -2.322478], [-80.886376, -2.32506], [-80.888793, -2.326861], [-80.889996, -2.330195], [-80.888969, -2.331669], [-80.88461, -2.332135], [-80.890107, -2.331967], [-80.890559, -2.338589], [-80.894293, -2.334093], [-80.899258, -2.333153], [-80.899919, -2.328718], [-80.89507, -2.318839], [-80.895689, -2.314938], [-80.907571, -2.300321], [-80.913634, -2.293779], [-80.915996, -2.292932], [-80.912013, -2.290301], [-80.913803, -2.289856], [-80.921376, -2.276482], [-80.974803, -2.220564], [-80.99157, -2.205722], [-80.996936, -2.203634], [-80.996051, -2.201187], [-81.0014, -2.19697], [-81.004561, -2.190545], [-81.007673, -2.188657], [-81.010767, -2.190187], [-81.011252, -2.188379], [-81.006484, -2.187511], [-81.001326, -2.184527], [-80.990474, -2.184289], [-80.988102, -2.185107], [-80.986758, -2.188513], [-80.984031, -2.189474], [-80.986704, -2.192243], [-80.984982, -2.196086], [-80.977832, -2.199789], [-80.974698, -2.199263], [-80.97248, -2.199845], [-80.974187, -2.199511], [-80.975149, -2.201822], [-80.972603, -2.205144], [-80.966391, -2.205494], [-80.954296, -2.202019], [-80.949059, -2.205066], [-80.950211, -2.209189], [-80.945657, -2.210948], [-80.944, -2.214308], [-80.944772, -2.216286], [-80.940765, -2.219423], [-80.929988, -2.220948], [-80.924378, -2.220231], [-80.92276, -2.21915], [-80.923818, -2.216749], [-80.921811, -2.215994], [-80.923286, -2.216863], [-80.921431, -2.219793], [-80.918417, -2.218681], [-80.914912, -2.220885], [-80.914343, -2.219723], [-80.913388, -2.220723], [-80.913525, -2.21958], [-80.913147, -2.220726], [-80.910267, -2.220804], [-80.905661, -2.218892], [-80.906461, -2.21744], [-80.906363, -2.217397], [-80.906885, -2.21632], [-80.906816, -2.216286], [-80.905125, -2.218957], [-80.890567, -2.212505], [-80.882128, -2.206235], [-80.876748, -2.206279], [-80.869315, -2.198629], [-80.857437, -2.197545], [-80.84926, -2.193614], [-80.83853, -2.184376], [-80.828263, -2.167801], [-80.82505, -2.167085], [-80.81996, -2.161356], [-80.817504, -2.156171], [-80.814281, -2.15764], [-80.810854, -2.15629], [-80.810443, -2.155055], [-80.809102, -2.154741], [-80.810394, -2.155178], [-80.809927, -2.157854], [-80.806455, -2.159555], [-80.794629, -2.154598], [-80.793142, -2.153001], [-80.794437, -2.151219], [-80.793795, -2.150565], [-80.79367, -2.151993], [-80.790836, -2.152343], [-80.766155, -2.130631], [-80.756711, -2.119325], [-80.748007, -2.103081], [-80.737001, -2.067319], [-80.735181, -2.054229], [-80.735293, -2.028506], [-80.737871, -2.018803], [-80.739719, -2.02122], [-80.742154, -2.020761], [-80.746282, -2.01412], [-80.750172, -2.011353], [-80.749513, -2.005842], [-80.751115, -1.99869], [-80.754437, -1.994493], [-80.756491, -1.994177], [-80.75573, -1.991558], [-80.757204, -1.988203], [-80.754271, -1.985135], [-80.752637, -1.985578], [-80.751488, -1.981957], [-80.755401, -1.979359], [-80.755994, -1.98141], [-80.759341, -1.982776], [-80.761923, -1.980124], [-80.763041, -1.976088], [-80.760793, -1.975389], [-80.759964, -1.972158], [-80.756547, -1.971657], [-80.755141, -1.969741], [-80.753846, -1.970636], [-80.751997, -1.968867], [-80.748053, -1.968279], [-80.743571, -1.970203], [-80.733151, -1.960632], [-80.728092, -1.95024], [-80.726472, -1.925352], [-80.734493, -1.885074], [-80.74639, -1.853474], [-80.754751, -1.824073], [-80.757223, -1.820137], [-80.76082, -1.819414], [-80.756864, -1.813171], [-80.768732, -1.762826], [-80.775924, -1.744777], [-80.781813, -1.734238], [-80.795389, -1.715465], [-80.797816, -1.714832], [-80.799704, -1.716324], [-80.802536, -1.711574], [-80.795735, -1.704724], [-80.794451, -1.704106], [-80.795291, -1.705558], [-80.794336, -1.706551], [-80.791171, -1.704554], [-80.78867, -1.700403], [-80.779634, -1.697897], [-80.779414, -1.695339], [-80.775953, -1.693085], [-80.775382, -1.690823], [-80.771836, -1.689268], [-80.772873, -1.688246], [-80.770204, -1.688026], [-80.767238, -1.684369], [-80.763529, -1.684506], [-80.758946, -1.676655], [-80.75379, -1.676841], [-80.752866, -1.674425], [-80.749468, -1.675017], [-80.751495, -1.67297], [-80.748139, -1.668655], [-80.74446, -1.669102], [-80.745701, -1.67226], [-80.743918, -1.672108], [-80.743794, -1.676689], [-80.740379, -1.677417], [-80.739858, -1.680368], [-80.737349, -1.681037], [-80.736802, -1.678539], [-80.736112, -1.681665], [-80.731697, -1.683097], [-80.73076, -1.686024], [-80.728328, -1.686218], [-80.727985, -1.684108], [-80.72496, -1.683404], [-80.723701, -1.686645], [-80.722056, -1.681403], [-80.71944, -1.680014], [-80.714927, -1.680924], [-80.713867, -1.679222], [-80.715175, -1.676628], [-80.710675, -1.675828], [-80.708336, -1.673728], [-80.705654, -1.676421], [-80.705328, -1.674004], [-80.70324, -1.673283], [-80.702215, -1.676112], [-80.700708, -1.675275], [-80.698634, -1.676303], [-80.697666, -1.675544], [-80.698378, -1.673019], [-80.69585, -1.671788], [-80.693498, -1.673478], [-80.692011, -1.671561], [-80.690972, -1.673934], [-80.689322, -1.672341], [-80.687296, -1.675451], [-80.678525, -1.674158], [-80.677801, -1.676949], [-80.674369, -1.676129], [-80.671421, -1.67931], [-80.667603, -1.676903], [-80.664676, -1.678465], [-80.661732, -1.675716], [-80.654166, -1.67379], [-80.653679, -1.669599], [-80.65043, -1.668801], [-80.649025, -1.670824], [-80.646564, -1.670498], [-80.646981, -1.67293], [-80.644538, -1.675406], [-80.645447, -1.680603], [-80.642249, -1.682769], [-80.639087, -1.688223], [-80.636815, -1.688963], [-80.633921, -1.694075], [-80.635692, -1.695296], [-80.634261, -1.698627], [-80.631277, -1.698209], [-80.631067, -1.701271], [-80.625424, -1.703198], [-80.624508, -1.705579], [-80.623659, -1.704877], [-80.621905, -1.706606], [-80.619178, -1.705711], [-80.619758, -1.707575], [-80.616752, -1.709763], [-80.615831, -1.712435], [-80.618906, -1.711895], [-80.617656, -1.720296], [-80.619339, -1.72251], [-80.6187, -1.723598], [-80.620745, -1.724955], [-80.619121, -1.725385], [-80.62091, -1.726784], [-80.619144, -1.726824], [-80.61969, -1.729625], [-80.613698, -1.732032], [-80.614301, -1.734306], [-80.613155, -1.733367], [-80.610892, -1.73455], [-80.611694, -1.735506], [-80.610398, -1.737215], [-80.61348, -1.738252], [-80.610707, -1.741178], [-80.611872, -1.741658], [-80.610488, -1.743047], [-80.61282, -1.744601], [-80.610995, -1.747818], [-80.611465, -1.749914], [-80.610221, -1.750399], [-80.610064, -1.752637], [-80.61162, -1.752576], [-80.610496, -1.756849], [-80.606619, -1.759036], [-80.604176, -1.764945], [-80.598408, -1.769439], [-80.594141, -1.778599], [-80.588319, -1.781594], [-80.586783, -1.785006], [-80.57627, -1.784145], [-80.575675, -1.787492], [-80.573182, -1.784573], [-80.54896, -1.78079], [-80.549544, -1.782711], [-80.552216, -1.783606], [-80.552129, -1.788958], [-80.555628, -1.791319], [-80.554607, -1.798122], [-80.558605, -1.805781], [-80.557405, -1.806469], [-80.557626, -1.809996], [-80.559372, -1.810523], [-80.563868, -1.819206], [-80.571192, -1.824403], [-80.559778, -1.824678], [-80.559776, -1.830736], [-80.565456, -1.831053], [-80.565845, -1.839434], [-80.557033, -1.847572], [-80.555549, -1.853232], [-80.546599, -1.862178], [-80.541341, -1.873465], [-80.534817, -1.877622], [-80.53453, -1.882283], [-80.531295, -1.886103], [-80.531016, -1.888692], [-80.528357, -1.889876], [-80.52736, -1.89452], [-80.523719, -1.895262], [-80.520869, -1.900323], [-80.516501, -1.902477], [-80.516357, -1.905829], [-80.518451, -1.908116], [-80.51677, -1.913035], [-80.519378, -1.916502], [-80.519127, -1.919975], [-80.516669, -1.92174], [-80.513395, -1.920634], [-80.504743, -1.926268], [-80.501553, -1.926231], [-80.49478, -1.923185], [-80.4928, -1.924458], [-80.488638, -1.922297], [-80.484102, -1.922842], [-80.481532, -1.926327], [-80.4749, -1.92694], [-80.473564, -1.925853], [-80.471468, -1.928452], [-80.47263, -1.929768], [-80.471408, -1.932259], [-80.472492, -1.932702], [-80.47099, -1.933523], [-80.470065, -1.937687], [-80.467081, -1.938127], [-80.465139, -1.940821], [-80.466433, -1.943399], [-80.46498, -1.943789], [-80.467052, -1.945234], [-80.465253, -1.94739], [-80.455346, -1.940681], [-80.452712, -1.941172], [-80.451414, -1.944718], [-80.447088, -1.945583], [-80.440419, -1.943139], [-80.438995, -1.944287], [-80.43922, -1.948321], [-80.442169, -1.95189], [-80.441947, -1.956903], [-80.435859, -1.956881], [-80.430353, -1.962705], [-80.426528, -1.962656], [-80.42647, -1.964887], [-80.417182, -1.969997], [-80.417772, -1.975771], [-80.414509, -1.976655], [-80.414155, -1.98126], [-80.410736, -1.983131], [-80.403957, -1.983663], [-80.399088, -1.982429], [-80.396065, -1.984758], [-80.389921, -1.986397], [-80.382492, -1.984569], [-80.376246, -1.985866], [-80.373888, -1.984936], [-80.370316, -1.988142], [-80.370763, -1.990392], [-80.367811, -1.996021], [-80.364613, -1.996881], [-80.363567, -1.994066], [-80.349425, -1.998168], [-80.347008, -1.996443], [-80.346332, -1.998071], [-80.344838, -1.997898], [-80.341696, -2.001468], [-80.34456, -2.01641], [-80.343094, -2.01729], [-80.344045, -2.019646], [-80.342938, -2.023624], [-80.33897, -2.030137], [-80.333576, -2.030456], [-80.331837, -2.038253], [-80.326978, -2.03969], [-80.324127, -2.042712], [-80.322051, -2.046617], [-80.323534, -2.050524], [-80.322429, -2.053817], [-80.318621, -2.056879], [-80.318319, -2.060734], [-80.312718, -2.06377], [-80.313517, -2.065283], [-80.319283, -2.067431], [-80.321202, -2.074612], [-80.318613, -2.075645], [-80.313531, -2.074877], [-80.303174, -2.082647], [-80.306216, -2.090039], [-80.303512, -2.092355], [-80.299345, -2.090553], [-80.298908, -2.088351], [-80.29394, -2.089881], [-80.294224, -2.092351], [-80.290894, -2.09143], [-80.285434, -2.084592], [-80.285379, -2.081758], [-80.283095, -2.081872], [-80.278129, -2.07804], [-80.268515, -2.083588], [-80.268457, -2.085695], [-80.264343, -2.090154], [-80.264246, -2.095037], [-80.259662, -2.098523], [-80.256021, -2.103929], [-80.253346, -2.104845], [-80.256668, -2.10708], [-80.256134, -2.108272], [-80.254212, -2.110274], [-80.24954, -2.110387], [-80.248007, -2.114247], [-80.244952, -2.115063], [-80.246716, -2.118203], [-80.246696, -2.122951], [-80.245396, -2.124003], [-80.245822, -2.127854], [-80.243108, -2.129718], [-80.245707, -2.132249], [-80.244945, -2.134899], [-80.246734, -2.138227], [-80.245743, -2.139498], [-80.247364, -2.140244], [-80.245753, -2.143268], [-80.246829, -2.144794], [-80.247686, -2.143975], [-80.248121, -2.147287], [-80.251774, -2.149514], [-80.251082, -2.15126], [-80.249628, -2.15085], [-80.24939, -2.153298], [-80.250774, -2.153191], [-80.249332, -2.157622], [-80.246984, -2.158258], [-80.245893, -2.161372], [-80.244053, -2.161051], [-80.242783, -2.164334], [-80.240901, -2.164762], [-80.242609, -2.165351], [-80.240115, -2.169419], [-80.241519, -2.169866], [-80.238671, -2.17872], [-80.239884, -2.179077], [-80.238771, -2.180351], [-80.239761, -2.181958], [-80.23829, -2.182419], [-80.236375, -2.188539], [-80.238717, -2.191906], [-80.236201, -2.19186], [-80.235959, -2.193541], [-80.232244, -2.194691], [-80.228055, -2.192077], [-80.227376, -2.193483], [-80.226006, -2.192376], [-80.219745, -2.194908], [-80.214844, -2.20238], [-80.213174, -2.201977], [-80.209536, -2.205253], [-80.2004, -2.209525], [-80.200546, -2.211688], [-80.203317, -2.218512], [-80.207342, -2.218491], [-80.207859, -2.225176], [-80.216655, -2.232137], [-80.219086, -2.23284], [-80.228256, -2.229834], [-80.233317, -2.233296], [-80.232136, -2.243335], [-80.235211, -2.252413], [-80.240527, -2.250333], [-80.244523, -2.246139], [-80.249789, -2.246263], [-80.25578, -2.243942], [-80.259817, -2.245398], [-80.263719, -2.244185], [-80.265325, -2.24555], [-80.262482, -2.247849], [-80.262219, -2.253261], [-80.264822, -2.264774], [-80.269172, -2.268636], [-80.272536, -2.26888], [-80.284735, -2.274589], [-80.284566, -2.278854], [-80.280985, -2.282588], [-80.285231, -2.285038], [-80.283138, -2.288434], [-80.282336, -2.285691], [-80.280543, -2.285762], [-80.282707, -2.294049], [-80.279715, -2.294299], [-80.280999, -2.297272], [-80.283337, -2.296525], [-80.28177, -2.30056], [-80.288945, -2.304584], [-80.287338, -2.307514], [-80.28761, -2.312162], [-80.284764, -2.314038], [-80.284454, -2.318099], [-80.279181, -2.320697], [-80.283458, -2.321967], [-80.28282, -2.334897], [-80.284193, -2.336887], [-80.292216, -2.336716], [-80.297822, -2.34002], [-80.299722, -2.342778], [-80.304119, -2.34278], [-80.30422, -2.341231], [-80.309778, -2.339185], [-80.311378, -2.3412], [-80.316734, -2.341971], [-80.321739, -2.340236], [-80.325517, -2.342258], [-80.323546, -2.344637], [-80.323189, -2.350264], [-80.329028, -2.346909], [-80.338478, -2.34853], [-80.34405, -2.346559], [-80.354392, -2.348455], [-80.355512, -2.346029], [-80.360365, -2.342632], [-80.368705, -2.34361], [-80.374164, -2.346692], [-80.375, -2.353559], [-80.374001, -2.357333], [-80.372651, -2.357702], [-80.375784, -2.360451], [-80.375577, -2.362932], [-80.382019, -2.366666], [-80.382389, -2.368129], [-80.379361, -2.370564], [-80.380253, -2.378847], [-80.382702, -2.379987], [-80.395464, -2.37639], [-80.396361, -2.378622], [-80.400748, -2.380108], [-80.406063, -2.378709], [-80.407133, -2.380921], [-80.409474, -2.381382], [-80.408182, -2.385318], [-80.413693, -2.385525], [-80.418835, -2.381833], [-80.427702, -2.381103], [-80.431126, -2.374592], [-80.447555, -2.374592], [-80.448296, -2.377917], [-80.445694, -2.384835], [-80.446446, -2.397619], [-80.453245, -2.40716], [-80.461358, -2.413982], [-80.460193, -2.420026], [-80.46082, -2.430332], [-80.452504, -2.453452], [-80.457288, -2.464384], [-80.456882, -2.467326], [-80.458568, -2.468006], [-80.458396, -2.470662], [-80.462698, -2.471274], [-80.466002, -2.473592], [-80.465999, -2.479519], [-80.45952, -2.487292], [-80.459528, -2.490861], [-80.475813, -2.491411], [-80.476108, -2.492767], [-80.479564, -2.493032], [-80.481862, -2.496039], [-80.49022, -2.498372], [-80.492408, -2.500301], [-80.495883, -2.49987], [-80.501361, -2.494766], [-80.505774, -2.495963], [-80.509202, -2.493774], [-80.515649, -2.494512], [-80.517803, -2.490571], [-80.521945, -2.489158], [-80.524604, -2.490397], [-80.527339, -2.488968], [-80.528195, -2.490427], [-80.530153, -2.488572], [-80.533125, -2.491782], [-80.537045, -2.490778], [-80.538319, -2.491863], [-80.538786, -2.489411], [-80.542956, -2.488873], [-80.5424, -2.49065], [-80.543854, -2.491991], [-80.545645, -2.490854], [-80.546564, -2.49285], [-80.548298, -2.492187], [-80.55143, -2.494216], [-80.551299, -2.495431], [-80.552753, -2.493929], [-80.552486, -2.49574], [-80.554466, -2.495799], [-80.554713, -2.497503], [-80.556672, -2.498077], [-80.556253, -2.499778], [-80.563552, -2.506768], [-80.626255, -2.44763], [-80.637406, -2.43953], [-80.660016, -2.418418], [-80.681542, -2.403902], [-80.686693, -2.401939], [-80.687109, -2.399626], [-80.687839, -2.402062], [-80.692682, -2.404914], [-80.692684, -2.407181], [-80.706369, -2.3969], [-80.718171, -2.391416], [-80.723413, -2.390643], [-80.725352, -2.393695], [-80.735557, -2.391179], [-80.743825, -2.393284], [-80.753352, -2.388437], [-80.765074, -2.38915], [-80.772291, -2.387555], [-80.775072, -2.389272], [-80.797596, -2.378169], [-80.801761, -2.378475], [-80.838189, -2.346151], [-80.853085, -2.334723], [-80.869271, -2.324673]]]]}}, {"type": "Feature", "id": "TUNGURAHUA", "properties": {"codigo": "18", "nombre": "TUNGURAHUA", "centroide_lon": -78.50707, "centroide_lat": -1.29438}, "geometry": {"type": "MultiPolygon", "coordinates": [[[[-78.463614, -1.462205], [-78.47756, -1.452805], [-78.486549, -1.449653], [-78.493313, -1.44539], [-78.497917, -1.440146], [-78.496482, -1.435129], [-78.499602, -1.433959], [-78.505735, -1.439613], [-78.504177, -1.443256], [-78.507657, -1.449563], [-78.508831, -1.459104], [-78.511497, -1.462048], [-78.513182, -1.474183], [-78.523957, -1.470967], [-78.523957, -1.469729], [-78.533051, -1.468774], [-78.542048, -1.460116], [-78.542467, -1.461811], [-78.539695, -1.464147], [-78.54012, -1.469495], [-78.53764, -1.473519], [-78.539961, -1.479847], [-78.546893, -1.475499], [-78.563102, -1.475649], [-78.567363, -1.479269], [-78.57074, -1.478756], [-78.57384, -1.480429], [-78.583966, -1.487654], [-78.58582, -1.490387], [-78.596546, -1.490994], [-78.598248, -1.489511], [-78.601984, -1.489358], [-78.604391, -1.490327], [-78.607763, -1.492474], [-78.608529, -1.496631], [-78.615676, -1.500149], [-78.620407, -1.506318], [-78.627273, -1.508404], [-78.635648, -1.508404], [-78.636039, -1.50598], [-78.63316, -1.504334], [-78.632276, -1.50152], [-78.633799, -1.49613], [-78.636416, -1.493165], [-78.636422, -1.494655], [-78.640621, -1.493286], [-78.642328, -1.495957], [-78.646938, -1.498106], [-78.666874, -1.499976], [-78.676635, -1.495528], [-78.688365, -1.496672], [-78.68967, -1.495282], [-78.688995, -1.491217], [-78.692777, -1.486735], [-78.699142, -1.481722], [-78.716539, -1.4757], [-78.72261, -1.470353], [-78.726428, -1.470162], [-78.732432, -1.463482], [-78.736318, -1.456386], [-78.738368, -1.45652], [-78.741601, -1.453175], [-78.753844, -1.446932], [-78.755351, -1.443843], [-78.765179, -1.439153], [-78.768523, -1.435496], [-78.769812, -1.431688], [-78.772588, -1.430126], [-78.777985, -1.430434], [-78.781793, -1.432171], [-78.785066, -1.436095], [-78.791016, -1.437033], [-78.791016, -1.440206], [-78.80049, -1.447548], [-78.813736, -1.445218], [-78.8252, -1.457611], [-78.832899, -1.461584], [-78.843651, -1.459576], [-78.8459, -1.466261], [-78.852561, -1.470896], [-78.871629, -1.468345], [-78.874828, -1.463786], [-78.886598, -1.458779], [-78.89623, -1.443208], [-78.901389, -1.440026], [-78.909758, -1.431121], [-78.907653, -1.425844], [-78.913101, -1.420099], [-78.916938, -1.409934], [-78.923227, -1.408323], [-78.924845, -1.405495], [-78.931737, -1.401965], [-78.926433, -1.396891], [-78.925565, -1.391977], [-78.931477, -1.383521], [-78.926114, -1.376396], [-78.931861, -1.366378], [-78.935638, -1.364708], [-78.938896, -1.359957], [-78.937714, -1.354491], [-78.935393, -1.353526], [-78.933361, -1.349871], [-78.934258, -1.337731], [-78.922925, -1.330042], [-78.918889, -1.328764], [-78.915332, -1.325214], [-78.912668, -1.317585], [-78.915802, -1.311901], [-78.912194, -1.306737], [-78.905334, -1.305183], [-78.902013, -1.298276], [-78.897996, -1.29547], [-78.896954, -1.288367], [-78.893039, -1.284658], [-78.893931, -1.280662], [-78.890832, -1.274078], [-78.892843, -1.272818], [-78.891387, -1.269791], [-78.886392, -1.26806], [-78.888549, -1.263199], [-78.885178, -1.258603], [-78.887065, -1.255811], [-78.89032, -1.255015], [-78.891628, -1.25], [-78.890354, -1.247782], [-78.890711, -1.244032], [-78.89446, -1.240294], [-78.891786, -1.232838], [-78.894046, -1.224381], [-78.891378, -1.219573], [-78.884796, -1.213038], [-78.884931, -1.208294], [-78.880524, -1.20892], [-78.87347, -1.203853], [-78.868882, -1.19658], [-78.863102, -1.194], [-78.862211, -1.191411], [-78.864407, -1.190435], [-78.866011, -1.185482], [-78.861295, -1.182507], [-78.861135, -1.177577], [-78.859286, -1.173583], [-78.855586, -1.174258], [-78.851172, -1.180177], [-78.84592, -1.183052], [-78.840343, -1.176841], [-78.836297, -1.174801], [-78.832997, -1.175151], [-78.830962, -1.172095], [-78.831934, -1.165952], [-78.823978, -1.162537], [-78.811238, -1.152608], [-78.806278, -1.155015], [-78.798934, -1.147922], [-78.797757, -1.144999], [-78.789473, -1.141867], [-78.784336, -1.145579], [-78.78037, -1.146121], [-78.775129, -1.140794], [-78.771259, -1.139572], [-78.768909, -1.140722], [-78.765107, -1.137912], [-78.762239, -1.138209], [-78.760819, -1.135447], [-78.752277, -1.136828], [-78.747965, -1.13301], [-78.744803, -1.132243], [-78.738595, -1.133754], [-78.736012, -1.138495], [-78.733386, -1.139049], [-78.725006, -1.149906], [-78.721045, -1.148389], [-78.715133, -1.150126], [-78.711988, -1.148144], [-78.70853, -1.148168], [-78.702519, -1.151155], [-78.695224, -1.149853], [-78.690189, -1.15128], [-78.686504, -1.146416], [-78.682902, -1.147796], [-78.673813, -1.145054], [-78.673657, -1.148558], [-78.671042, -1.15363], [-78.667536, -1.155241], [-78.665094, -1.154449], [-78.65968, -1.142357], [-78.646422, -1.136008], [-78.642839, -1.131948], [-78.627791, -1.125924], [-78.627968, -1.126844], [-78.625938, -1.126424], [-78.61799, -1.119374], [-78.613463, -1.110121], [-78.611458, -1.110453], [-78.609249, -1.115157], [-78.590902, -1.114325], [-78.590006, -1.119433], [-78.587769, -1.118405], [-78.585711, -1.120959], [-78.582763, -1.11937], [-78.576075, -1.120035], [-78.576681, -1.118373], [-78.57544, -1.117398], [-78.567472, -1.115401], [-78.567939, -1.109896], [-78.566218, -1.10544], [-78.570221, -1.100166], [-78.570376, -1.096333], [-78.563987, -1.088667], [-78.56244, -1.084479], [-78.566552, -1.075057], [-78.567725, -1.0744], [-78.56975, -1.076186], [-78.572587, -1.074325], [-78.57529, -1.076219], [-78.576457, -1.074902], [-78.575958, -1.071783], [-78.571403, -1.067043], [-78.572013, -1.065462], [-78.559254, -1.058862], [-78.547509, -1.060669], [-78.536652, -1.060738], [-78.534063, -1.059605], [-78.528799, -1.060928], [-78.526511, -1.058254], [-78.523397, -1.059294], [-78.523194, -1.062994], [-78.521101, -1.066546], [-78.522068, -1.069055], [-78.515654, -1.073707], [-78.516329, -1.078867], [-78.51181, -1.078477], [-78.509631, -1.080283], [-78.509815, -1.084685], [-78.507897, -1.08675], [-78.505694, -1.086637], [-78.502115, -1.094185], [-78.483228, -1.092581], [-78.475542, -1.087789], [-78.4695, -1.086529], [-78.46588, -1.088051], [-78.462858, -1.084413], [-78.459226, -1.084039], [-78.456648, -1.081359], [-78.456635, -1.078994], [-78.460005, -1.076221], [-78.459536, -1.073026], [-78.455409, -1.071612], [-78.453146, -1.067784], [-78.453175, -1.06488], [-78.448787, -1.063794], [-78.446339, -1.061249], [-78.445703, -1.056728], [-78.447239, -1.054751], [-78.445751, -1.047486], [-78.43975, -1.048716], [-78.434604, -1.046431], [-78.434889, -1.043062], [-78.432395, -1.039001], [-78.430341, -1.038369], [-78.424321, -1.030638], [-78.421129, -1.029178], [-78.421608, -1.024841], [-78.419559, -1.023392], [-78.415528, -1.024389], [-78.410102, -1.019392], [-78.407257, -1.010679], [-78.408569, -1.006479], [-78.407535, -1.001471], [-78.409506, -0.998211], [-78.403934, -0.994269], [-78.402619, -0.995902], [-78.397139, -0.995934], [-78.3955, -0.994543], [-78.39378, -0.996654], [-78.394718, -0.997963], [-78.391396, -0.998291], [-78.389701, -1.000184], [-78.387159, -0.999259], [-78.379103, -1.005171], [-78.377318, -1.004156], [-78.374294, -1.005821], [-78.37211, -1.004647], [-78.370835, -1.00055], [-78.361153, -0.998696], [-78.358473, -1.005034], [-78.354851, -1.005979], [-78.35364, -1.008813], [-78.350288, -1.0098], [-78.351073, -1.015678], [-78.345714, -1.023428], [-78.344528, -1.027997], [-78.336488, -1.033262], [-78.334674, -1.03688], [-78.331909, -1.035038], [-78.329981, -1.038318], [-78.329969, -1.04239], [-78.326155, -1.043875], [-78.327738, -1.046313], [-78.327264, -1.048418], [-78.329318, -1.049882], [-78.329256, -1.053316], [-78.331191, -1.053968], [-78.333297, -1.058307], [-78.333418, -1.060703], [-78.329869, -1.063627], [-78.333291, -1.065153], [-78.332979, -1.072818], [-78.335318, -1.075133], [-78.335943, -1.079818], [-78.33257, -1.08289], [-78.332271, -1.085138], [-78.337709, -1.087127], [-78.342184, -1.093508], [-78.342952, -1.097694], [-78.340183, -1.100166], [-78.340709, -1.104084], [-78.338905, -1.107171], [-78.334102, -1.109964], [-78.337834, -1.117422], [-78.339218, -1.129146], [-78.337979, -1.135164], [-78.340255, -1.138871], [-78.346594, -1.141549], [-78.34742, -1.150025], [-78.359403, -1.160993], [-78.351893, -1.163779], [-78.35328, -1.16557], [-78.351181, -1.168457], [-78.352575, -1.169915], [-78.350571, -1.171864], [-78.351035, -1.173717], [-78.346596, -1.172117], [-78.343301, -1.174004], [-78.340617, -1.173438], [-78.339851, -1.165239], [-78.331327, -1.164931], [-78.325658, -1.162873], [-78.322092, -1.164863], [-78.317743, -1.149763], [-78.311331, -1.142846], [-78.302847, -1.146518], [-78.299291, -1.143695], [-78.292023, -1.142087], [-78.28786, -1.142473], [-78.286797, -1.144646], [-78.283665, -1.140989], [-78.274697, -1.144339], [-78.269783, -1.139173], [-78.266486, -1.139201], [-78.264517, -1.141052], [-78.265722, -1.148752], [-78.264205, -1.157028], [-78.259326, -1.153924], [-78.254684, -1.155264], [-78.246076, -1.15418], [-78.239759, -1.147799], [-78.23312, -1.14424], [-78.229164, -1.138941], [-78.225525, -1.142592], [-78.224553, -1.141381], [-78.219538, -1.141486], [-78.21244, -1.146735], [-78.207953, -1.145977], [-78.19937, -1.156625], [-78.194769, -1.15654], [-78.193211, -1.1583], [-78.190014, -1.158719], [-78.189433, -1.161823], [-78.187144, -1.163334], [-78.186294, -1.168172], [-78.187131, -1.176264], [-78.189836, -1.179442], [-78.188073, -1.182753], [-78.182926, -1.181807], [-78.177429, -1.187176], [-78.169837, -1.187703], [-78.165546, -1.184247], [-78.158753, -1.183379], [-78.15261, -1.179576], [-78.146658, -1.184753], [-78.142077, -1.184796], [-78.139967, -1.1828], [-78.134498, -1.182292], [-78.129457, -1.191526], [-78.122994, -1.192278], [-78.118365, -1.188318], [-78.116642, -1.188838], [-78.115096, -1.194479], [-78.117481, -1.2013], [-78.116318, -1.203242], [-78.121325, -1.219417], [-78.124704, -1.225354], [-78.120155, -1.232712], [-78.120231, -1.237011], [-78.11857, -1.239758], [-78.119829, -1.242851], [-78.11936, -1.247075], [-78.116279, -1.25029], [-78.119906, -1.259665], [-78.11834, -1.268754], [-78.115494, -1.270233], [-78.115168, -1.274895], [-78.110074, -1.27871], [-78.113414, -1.286137], [-78.113001, -1.297928], [-78.118366, -1.306887], [-78.115994, -1.318387], [-78.114386, -1.31907], [-78.114809, -1.321948], [-78.121702, -1.336935], [-78.118784, -1.342729], [-78.117717, -1.349782], [-78.118559, -1.359561], [-78.119771, -1.36314], [-78.129126, -1.367456], [-78.125747, -1.379203], [-78.128354, -1.384181], [-78.133951, -1.387458], [-78.13508, -1.390817], [-78.140719, -1.396597], [-78.146138, -1.395725], [-78.148295, -1.397255], [-78.149004, -1.406433], [-78.143179, -1.41272], [-78.150082, -1.42079], [-78.151169, -1.42942], [-78.158232, -1.434155], [-78.16144, -1.433514], [-78.168374, -1.435018], [-78.170942, -1.437188], [-78.173083, -1.442744], [-78.176598, -1.444501], [-78.177949, -1.448685], [-78.180036, -1.448508], [-78.186766, -1.455996], [-78.19241, -1.455405], [-78.195223, -1.463317], [-78.195007, -1.467876], [-78.197214, -1.468061], [-78.198489, -1.470091], [-78.19539, -1.471734], [-78.196779, -1.474815], [-78.204794, -1.47175], [-78.217576, -1.473751], [-78.221609, -1.476084], [-78.221437, -1.485709], [-78.223032, -1.487167], [-78.226872, -1.487831], [-78.234149, -1.493421], [-78.234793, -1.492521], [-78.237896, -1.494021], [-78.242879, -1.491864], [-78.249171, -1.496646], [-78.252636, -1.496647], [-78.253858, -1.498526], [-78.257962, -1.499185], [-78.258842, -1.501171], [-78.265145, -1.503333], [-78.27635, -1.498311], [-78.279875, -1.487133], [-78.279014, -1.481985], [-78.284749, -1.479164], [-78.287524, -1.481294], [-78.297612, -1.480039], [-78.300918, -1.483414], [-78.306368, -1.484867], [-78.311334, -1.490396], [-78.312296, -1.494078], [-78.317078, -1.497509], [-78.319205, -1.49844], [-78.326952, -1.496522], [-78.331218, -1.500001], [-78.335735, -1.499689], [-78.345192, -1.503554], [-78.345116, -1.513896], [-78.349096, -1.519425], [-78.348483, -1.523578], [-78.35073, -1.523135], [-78.357008, -1.521262], [-78.358467, -1.5173], [-78.361391, -1.514747], [-78.364578, -1.514236], [-78.363613, -1.506204], [-78.364546, -1.502485], [-78.362835, -1.499054], [-78.364467, -1.496964], [-78.372458, -1.496208], [-78.374987, -1.493084], [-78.37827, -1.49374], [-78.383502, -1.492141], [-78.387203, -1.49416], [-78.388861, -1.492302], [-78.393232, -1.491163], [-78.395406, -1.484603], [-78.411156, -1.48766], [-78.423322, -1.485348], [-78.44456, -1.470274], [-78.463614, -1.462205]]]]}}, {"type": "Feature", "id": "EL ORO", "properties": {"codigo": "07", "nombre": "EL ORO", "centroide_lon": -79.83273, "centroide_lat": -3.50954}, "geometry": {"type": "MultiPolygon", "coordinates": [[[[-79.85385, -3.824489], [-79.860247, -3.823641], [-79.864033, -3.820384], [-79.86698, -3.82239], [-79.872648, -3.821282], [-79.875122, -3.825427], [-79.879865, -3.82616], [-79.884753, -3.82383], [-79.891501, -3.826222], [-79.893695, -3.829775], [-79.895505, -3.826851], [-79.902592, -3.828286], [-79.905493, -3.826884], [-79.908722, -3.828486], [-79.911837, -3.827285], [-79.911889, -3.824178], [-79.914117, -3.823417], [-79.915501, -3.824578], [-79.914074, -3.826952], [-79.917372, -3.827877], [-79.919628, -3.825635], [-79.924586, -3.828316], [-79.926324, -3.825829], [-79.931274, -3.826101], [-79.933139, -3.830912], [-79.93628, -3.83222], [-79.942719, -3.83219], [-79.954457, -3.828342], [-79.963008, -3.832683], [-79.966631, -3.83228], [-79.970319, -3.838757], [-79.976019, -3.838047], [-79.979411, -3.84252], [-79.985193, -3.841704], [-79.992668, -3.847457], [-79.997836, -3.85598], [-80.008152, -3.859041], [-80.009227, -3.86538], [-80.011558, -3.867854], [-80.019329, -3.867236], [-80.03311, -3.874046], [-80.038445, -3.872131], [-80.041805, -3.872537], [-80.049216, -3.874994], [-80.052683, -3.879562], [-80.056044, -3.880937], [-80.060987, -3.880191], [-80.063408, -3.882172], [-80.068168, -3.881395], [-80.070227, -3.87892], [-80.077333, -3.883636], [-80.084749, -3.882787], [-80.101563, -3.88719], [-80.104136, -3.883502], [-80.106403, -3.884894], [-80.105418, -3.88864], [-80.1071, -3.889721], [-80.109627, -3.88891], [-80.112337, -3.88409], [-80.118035, -3.886262], [-80.122148, -3.885268], [-80.125767, -3.887968], [-80.133128, -3.889938], [-80.141076, -3.883267], [-80.142818, -3.884065], [-80.147845, -3.880805], [-80.154183, -3.8735], [-80.156987, -3.872355], [-80.159597, -3.868454], [-80.157327, -3.867649], [-80.156255, -3.863077], [-80.159761, -3.860725], [-80.156858, -3.857458], [-80.155373, -3.858953], [-80.153769, -3.855251], [-80.15138, -3.855224], [-80.153567, -3.853542], [-80.153053, -3.848379], [-80.160275, -3.841481], [-80.158007, -3.835731], [-80.1631, -3.827848], [-80.160561, -3.824213], [-80.160095, -3.820827], [-80.161895, -3.819012], [-80.1622, -3.814643], [-80.160602, -3.814008], [-80.160844, -3.810296], [-80.159258, -3.808888], [-80.162523, -3.804079], [-80.160609, -3.802452], [-80.166519, -3.799581], [-80.172524, -3.79102], [-80.176277, -3.792861], [-80.182482, -3.785361], [-80.182459, -3.780145], [-80.185199, -3.778196], [-80.185696, -3.774965], [-80.190376, -3.774832], [-80.192188, -3.776087], [-80.193165, -3.774911], [-80.192964, -3.770911], [-80.188954, -3.762573], [-80.191996, -3.759639], [-80.192781, -3.753887], [-80.190597, -3.754385], [-80.189039, -3.752183], [-80.19239, -3.748651], [-80.191319, -3.747418], [-80.18774, -3.747642], [-80.183646, -3.751774], [-80.183654, -3.748512], [-80.188918, -3.743157], [-80.185253, -3.742315], [-80.183723, -3.740222], [-80.180693, -3.741506], [-80.180702, -3.738952], [-80.184931, -3.73356], [-80.182376, -3.735562], [-80.180252, -3.735306], [-80.183002, -3.730181], [-80.18035, -3.727576], [-80.18273, -3.726715], [-80.182773, -3.724263], [-80.185911, -3.720667], [-80.185272, -3.715724], [-80.187117, -3.713413], [-80.190675, -3.712616], [-80.194059, -3.708452], [-80.19495, -3.700236], [-80.199603, -3.688222], [-80.194931, -3.680561], [-80.190396, -3.678539], [-80.192862, -3.673009], [-80.188735, -3.672891], [-80.187081, -3.670393], [-80.186536, -3.660954], [-80.187863, -3.657754], [-80.185618, -3.647245], [-80.187759, -3.630036], [-80.190382, -3.625872], [-80.195792, -3.625328], [-80.197447, -3.619462], [-80.197155, -3.617404], [-80.19111, -3.613439], [-80.19202, -3.607422], [-80.188562, -3.599847], [-80.199791, -3.592058], [-80.206293, -3.593875], [-80.211749, -3.592287], [-80.218794, -3.57513], [-80.218436, -3.57302], [-80.213235, -3.570824], [-80.214324, -3.5676], [-80.211173, -3.562052], [-80.209411, -3.55474], [-80.205225, -3.552334], [-80.20853, -3.549182], [-80.208877, -3.540905], [-80.21136, -3.539604], [-80.210248, -3.536271], [-80.207584, -3.537131], [-80.206835, -3.533499], [-80.208291, -3.53286], [-80.208533, -3.5306], [-80.209498, -3.531858], [-80.211363, -3.530781], [-80.209696, -3.528567], [-80.210801, -3.526636], [-80.214267, -3.526211], [-80.216025, -3.524329], [-80.211157, -3.519039], [-80.214788, -3.517505], [-80.21463, -3.51411], [-80.21789, -3.511042], [-80.215049, -3.504423], [-80.215806, -3.500632], [-80.218576, -3.49922], [-80.221847, -3.50129], [-80.223216, -3.500521], [-80.223739, -3.502021], [-80.225363, -3.500055], [-80.226373, -3.502008], [-80.22931, -3.501864], [-80.230579, -3.494537], [-80.232932, -3.492529], [-80.232312, -3.490322], [-80.234399, -3.489632], [-80.235246, -3.487191], [-80.237329, -3.486353], [-80.239557, -3.488979], [-80.240817, -3.486082], [-80.243638, -3.485558], [-80.2441, -3.487412], [-80.24559, -3.487289], [-80.243103, -3.481511], [-80.245132, -3.478981], [-80.239506, -3.477008], [-80.240684, -3.473026], [-80.239461, -3.472743], [-80.239851, -3.470546], [-80.24228, -3.469859], [-80.243145, -3.4666], [-80.240428, -3.46392], [-80.241143, -3.461348], [-80.234225, -3.455275], [-80.236108, -3.453145], [-80.234555, -3.451078], [-80.229262, -3.451538], [-80.221962, -3.445936], [-80.221269, -3.436284], [-80.229098, -3.428388], [-80.239957, -3.424347], [-80.242068, -3.420735], [-80.253374, -3.413408], [-80.259687, -3.411519], [-80.272686, -3.415372], [-80.277196, -3.415286], [-80.298004, -3.403412], [-80.302415, -3.395648], [-80.313685, -3.392125], [-80.308882, -3.381844], [-80.288485, -3.355034], [-80.271062, -3.326272], [-80.268731, -3.326053], [-80.268009, -3.327898], [-80.251794, -3.334127], [-80.247709, -3.332143], [-80.239482, -3.33192], [-80.23706, -3.333094], [-80.23612, -3.337245], [-80.219099, -3.337874], [-80.216761, -3.335258], [-80.215814, -3.337157], [-80.209973, -3.336926], [-80.210968, -3.341396], [-80.209887, -3.343114], [-80.205172, -3.340767], [-80.197891, -3.340001], [-80.195108, -3.341265], [-80.194839, -3.339908], [-80.191248, -3.339498], [-80.18905, -3.34221], [-80.187926, -3.341124], [-80.186034, -3.343022], [-80.183433, -3.342079], [-80.182172, -3.343561], [-80.179212, -3.342347], [-80.179528, -3.340899], [-80.177818, -3.339867], [-80.162138, -3.340722], [-80.16097, -3.338324], [-80.158413, -3.33919], [-80.158235, -3.337019], [-80.154418, -3.337151], [-80.15055, -3.334714], [-80.144267, -3.334944], [-80.141658, -3.333314], [-80.13838, -3.335346], [-80.136761, -3.334223], [-80.133709, -3.33508], [-80.131916, -3.337692], [-80.12684, -3.33634], [-80.122343, -3.332591], [-80.119606, -3.333412], [-80.111565, -3.327543], [-80.109904, -3.322846], [-80.09841, -3.313319], [-80.094945, -3.312059], [-80.088344, -3.306146], [-80.085022, -3.307183], [-80.076669, -3.298419], [-80.074694, -3.29337], [-80.070468, -3.288716], [-80.071099, -3.287722], [-80.068129, -3.287095], [-80.064856, -3.283663], [-80.055739, -3.264025], [-80.04262, -3.223433], [-80.037272, -3.216174], [-80.029593, -3.209174], [-80.027847, -3.209172], [-80.025953, -3.21278], [-80.026588, -3.217747], [-80.023577, -3.22299], [-80.024969, -3.226284], [-80.021689, -3.229935], [-80.024071, -3.233366], [-80.022322, -3.23653], [-80.023085, -3.238512], [-80.017425, -3.24682], [-80.018143, -3.24881], [-80.016928, -3.249352], [-80.016032, -3.254046], [-80.011714, -3.261283], [-80.001078, -3.262534], [-80.000578, -3.254396], [-79.999003, -3.254169], [-80.001479, -3.244827], [-79.99847, -3.238614], [-79.998696, -3.237289], [-80.000329, -3.237381], [-79.999861, -3.232867], [-79.99429, -3.224648], [-79.991823, -3.225596], [-79.991277, -3.222936], [-79.987687, -3.222127], [-79.987959, -3.219866], [-79.986024, -3.219728], [-79.986341, -3.217929], [-79.976325, -3.21708], [-79.97902, -3.213579], [-79.975877, -3.206764], [-79.968999, -3.199765], [-79.956336, -3.192498], [-79.954805, -3.193537], [-79.952881, -3.19245], [-79.954358, -3.190198], [-79.95117, -3.183918], [-79.934868, -3.179766], [-79.93716, -3.17322], [-79.936488, -3.170958], [-79.928296, -3.171416], [-79.927136, -3.170252], [-79.930373, -3.166538], [-79.931142, -3.162749], [-79.929746, -3.163787], [-79.926426, -3.162879], [-79.917216, -3.167573], [-79.915103, -3.16559], [-79.912591, -3.166741], [-79.907558, -3.16049], [-79.904412, -3.148438], [-79.905, -3.146132], [-79.903733, -3.145548], [-79.90468, -3.142568], [-79.900367, -3.127077], [-79.902346, -3.102377], [-79.899425, -3.098403], [-79.89238, -3.054245], [-79.890355, -3.055554], [-79.892287, -3.075827], [-79.890486, -3.076558], [-79.885908, -3.074427], [-79.877837, -3.075258], [-79.877691, -3.067933], [-79.872925, -3.064726], [-79.870808, -3.059886], [-79.869324, -3.060151], [-79.863124, -3.054202], [-79.861971, -3.052103], [-79.863414, -3.049761], [-79.856067, -3.051318], [-79.855073, -3.048263], [-79.850994, -3.049315], [-79.849944, -3.047187], [-79.847618, -3.04811], [-79.847351, -3.051536], [-79.843, -3.054919], [-79.841101, -3.051491], [-79.840881, -3.053716], [-79.839624, -3.054695], [-79.838572, -3.053494], [-79.83712, -3.055292], [-79.837442, -3.05251], [-79.834582, -3.054097], [-79.832484, -3.051124], [-79.831241, -3.052965], [-79.827544, -3.052275], [-79.828675, -3.053386], [-79.827999, -3.055144], [-79.825453, -3.055444], [-79.82192, -3.049908], [-79.816438, -3.050945], [-79.81553, -3.049959], [-79.798585, -3.055073], [-79.775595, -3.064307], [-79.768048, -3.060626], [-79.767237, -3.06197], [-79.764977, -3.060997], [-79.763083, -3.067259], [-79.758962, -3.067607], [-79.759262, -3.068972], [-79.754917, -3.070027], [-79.754401, -3.075675], [-79.75048, -3.07713], [-79.745544, -3.083736], [-79.740782, -3.086911], [-79.736691, -3.09446], [-79.730876, -3.097585], [-79.72792, -3.098566], [-79.72275, -3.096989], [-79.719503, -3.097596], [-79.709431, -3.101502], [-79.706235, -3.104547], [-79.695652, -3.103807], [-79.688724, -3.105503], [-79.684787, -3.112083], [-79.672906, -3.121096], [-79.667101, -3.122092], [-79.658617, -3.127273], [-79.652773, -3.126684], [-79.641584, -3.13125], [-79.640701, -3.134199], [-79.638213, -3.13415], [-79.636767, -3.137191], [-79.619716, -3.13665], [-79.616471, -3.15184], [-79.611669, -3.157576], [-79.606636, -3.158612], [-79.607016, -3.165005], [-79.603419, -3.167623], [-79.603688, -3.17232], [-79.59986, -3.176182], [-79.600263, -3.17881], [-79.59868, -3.180649], [-79.599249, -3.187265], [-79.601015, -3.189454], [-79.601247, -3.195505], [-79.599399, -3.198997], [-79.601404, -3.202469], [-79.60141, -3.215036], [-79.609694, -3.2223], [-79.622161, -3.227312], [-79.627741, -3.232153], [-79.632633, -3.243554], [-79.636775, -3.248244], [-79.63832, -3.260004], [-79.633309, -3.267822], [-79.636756, -3.275249], [-79.63736, -3.280018], [-79.639725, -3.281698], [-79.638812, -3.288298], [-79.644235, -3.302309], [-79.652625, -3.307608], [-79.660338, -3.318607], [-79.663303, -3.32064], [-79.669466, -3.320307], [-79.668895, -3.321714], [-79.662532, -3.323694], [-79.659168, -3.32218], [-79.656153, -3.325995], [-79.6491, -3.326473], [-79.646614, -3.324534], [-79.641817, -3.325181], [-79.632305, -3.321949], [-79.630831, -3.318544], [-79.6281, -3.319841], [-79.628204, -3.324005], [-79.624729, -3.327191], [-79.62194, -3.324801], [-79.616552, -3.324948], [-79.615247, -3.328533], [-79.610431, -3.329378], [-79.608212, -3.324279], [-79.603342, -3.326202], [-79.596595, -3.322415], [-79.588914, -3.322385], [-79.579801, -3.325018], [-79.576238, -3.322166], [-79.573808, -3.317624], [-79.569038, -3.314637], [-79.564545, -3.316395], [-79.557819, -3.314398], [-79.554125, -3.316423], [-79.549236, -3.316023], [-79.526537, -3.311697], [-79.522641, -3.308767], [-79.514891, -3.307441], [-79.511629, -3.310996], [-79.507948, -3.310818], [-79.497488, -3.31493], [-79.481897, -3.31549], [-79.480553, -3.317443], [-79.475032, -3.318942], [-79.467179, -3.328056], [-79.461519, -3.330171], [-79.462641, -3.336331], [-79.460599, -3.337838], [-79.46155, -3.340842], [-79.460021, -3.343212], [-79.460365, -3.346677], [-79.463604, -3.35449], [-79.466519, -3.355887], [-79.467345, -3.360355], [-79.468869, -3.36105], [-79.46812, -3.366525], [-79.471513, -3.38223], [-79.471527, -3.3907], [-79.474704, -3.398227], [-79.468826, -3.404637], [-79.46841, -3.413537], [-79.461501, -3.422677], [-79.461284, -3.431485], [-79.433857, -3.429656], [-79.431706, -3.432053], [-79.431069, -3.437841], [-79.426284, -3.438142], [-79.422029, -3.443718], [-79.42449, -3.444891], [-79.426444, -3.451262], [-79.425669, -3.456394], [-79.429961, -3.461053], [-79.429697, -3.464097], [-79.434508, -3.464755], [-79.43598, -3.466881], [-79.439054, -3.466868], [-79.443728, -3.469655], [-79.446691, -3.481094], [-79.451492, -3.483947], [-79.458156, -3.494118], [-79.459246, -3.498687], [-79.464611, -3.502083], [-79.467301, -3.501414], [-79.469496, -3.50283], [-79.470559, -3.505172], [-79.48126, -3.514007], [-79.478983, -3.520453], [-79.474833, -3.522989], [-79.475246, -3.526068], [-79.474138, -3.526955], [-79.482605, -3.540592], [-79.480526, -3.553453], [-79.481987, -3.561505], [-79.477421, -3.567732], [-79.480126, -3.572181], [-79.47908, -3.580792], [-79.482793, -3.586196], [-79.482418, -3.58843], [-79.485126, -3.591387], [-79.488518, -3.59212], [-79.491934, -3.596426], [-79.492458, -3.599465], [-79.496261, -3.603525], [-79.498654, -3.609606], [-79.490847, -3.621578], [-79.492183, -3.624009], [-79.489509, -3.628918], [-79.490554, -3.635933], [-79.487328, -3.638051], [-79.482508, -3.636238], [-79.479595, -3.632943], [-79.480241, -3.629766], [-79.474185, -3.624164], [-79.472733, -3.620801], [-79.467932, -3.618965], [-79.459571, -3.612156], [-79.455525, -3.611211], [-79.452455, -3.607606], [-79.449482, -3.606618], [-79.447828, -3.604712], [-79.447617, -3.597123], [-79.442122, -3.593087], [-79.43912, -3.588564], [-79.435472, -3.587117], [-79.431606, -3.579773], [-79.428073, -3.578944], [-79.420649, -3.583631], [-79.420874, -3.588322], [-79.422365, -3.588552], [-79.415612, -3.606997], [-79.395884, -3.610311], [-79.393373, -3.61283], [-79.391873, -3.612423], [-79.391292, -3.621848], [-79.386961, -3.625816], [-79.383665, -3.625959], [-79.380294, -3.628068], [-79.377898, -3.632778], [-79.372498, -3.638045], [-79.371135, -3.640968], [-79.37118, -3.646804], [-79.367959, -3.648179], [-79.366116, -3.655511], [-79.36634, -3.660107], [-79.369792, -3.663012], [-79.368186, -3.667967], [-79.369246, -3.672332], [-79.378786, -3.696225], [-79.383581, -3.702365], [-79.387407, -3.704281], [-79.390348, -3.707876], [-79.39737, -3.708078], [-79.401598, -3.709812], [-79.402558, -3.712746], [-79.405905, -3.715233], [-79.40592, -3.717153], [-79.410645, -3.718445], [-79.415979, -3.725694], [-79.410816, -3.733077], [-79.410051, -3.739085], [-79.407141, -3.741331], [-79.407656, -3.744508], [-79.403162, -3.753101], [-79.405092, -3.755456], [-79.402967, -3.767241], [-79.405282, -3.772539], [-79.405064, -3.782727], [-79.406403, -3.786003], [-79.413843, -3.786892], [-79.426228, -3.792052], [-79.428794, -3.794273], [-79.429789, -3.801054], [-79.432625, -3.802185], [-79.436113, -3.806913], [-79.441844, -3.808418], [-79.444434, -3.811504], [-79.444088, -3.812837], [-79.446562, -3.811487], [-79.448938, -3.813054], [-79.455688, -3.812102], [-79.458612, -3.809281], [-79.462421, -3.809373], [-79.465998, -3.805966], [-79.474713, -3.801652], [-79.478799, -3.802525], [-79.484921, -3.80147], [-79.48902, -3.80305], [-79.492604, -3.801036], [-79.493388, -3.795891], [-79.500458, -3.789535], [-79.509195, -3.794234], [-79.511821, -3.792485], [-79.512433, -3.78938], [-79.516607, -3.78824], [-79.529134, -3.792784], [-79.533329, -3.79278], [-79.537335, -3.796844], [-79.541531, -3.796705], [-79.543962, -3.798556], [-79.549469, -3.797762], [-79.551541, -3.802028], [-79.554997, -3.800814], [-79.559128, -3.803196], [-79.560257, -3.801588], [-79.562757, -3.802222], [-79.565038, -3.800963], [-79.566061, -3.802387], [-79.568435, -3.800167], [-79.568114, -3.798467], [-79.573095, -3.795616], [-79.575582, -3.797073], [-79.576734, -3.793635], [-79.583874, -3.790695], [-79.589149, -3.78139], [-79.58964, -3.782371], [-79.591942, -3.780465], [-79.595322, -3.774386], [-79.596858, -3.77404], [-79.598264, -3.770526], [-79.597436, -3.769614], [-79.602291, -3.765224], [-79.602465, -3.762039], [-79.605487, -3.757733], [-79.604938, -3.754689], [-79.606312, -3.754266], [-79.605545, -3.751298], [-79.607207, -3.75239], [-79.618526, -3.750074], [-79.62356, -3.754056], [-79.625379, -3.753697], [-79.62539, -3.756112], [-79.626943, -3.75753], [-79.629759, -3.757326], [-79.632454, -3.760784], [-79.632736, -3.763671], [-79.641166, -3.765026], [-79.644943, -3.767079], [-79.647438, -3.771279], [-79.653905, -3.77228], [-79.657258, -3.774277], [-79.662309, -3.769327], [-79.664299, -3.771484], [-79.670721, -3.773163], [-79.671228, -3.776302], [-79.67312, -3.777953], [-79.680301, -3.778887], [-79.682158, -3.782705], [-79.685133, -3.784395], [-79.685369, -3.793426], [-79.68736, -3.79472], [-79.685468, -3.796727], [-79.68961, -3.801785], [-79.693202, -3.802679], [-79.695418, -3.805636], [-79.694697, -3.807479], [-79.697135, -3.808271], [-79.698756, -3.812672], [-79.701724, -3.813699], [-79.704205, -3.818841], [-79.705661, -3.819075], [-79.706143, -3.822347], [-79.714375, -3.828147], [-79.72415, -3.832207], [-79.728499, -3.830586], [-79.731082, -3.832672], [-79.737667, -3.834357], [-79.745891, -3.831462], [-79.752215, -3.834937], [-79.756894, -3.834577], [-79.76693, -3.838719], [-79.771382, -3.8391], [-79.776232, -3.837336], [-79.785534, -3.844514], [-79.791595, -3.845949], [-79.79556, -3.84454], [-79.801816, -3.845021], [-79.802739, -3.840108], [-79.805473, -3.838854], [-79.806988, -3.835537], [-79.821749, -3.840548], [-79.824429, -3.838501], [-79.830652, -3.837419], [-79.832567, -3.833253], [-79.839112, -3.831966], [-79.845011, -3.827885], [-79.85385, -3.824489]]]]}}, {"type": "Feature", "id": "ORELLANA", "properties": {"codigo": "22", "nombre": "ORELLANA", "centroide_lon": -76.37288, "centroide_lat": -0.78493}, "geometry": {"type": "MultiPolygon", "coordinates": [[[[-75.99993, -0.54721], [-75.992176, -0.555038], [-75.982793, -0.559036], [-75.965379, -0.56367], [-75.930005, -0.568056], [-75.934375, -0.557311], [-75.941094, -0.553431], [-75.942461, -0.554921], [-75.947013, -0.548656], [-75.945547, -0.544491], [-75.946531, -0.539381], [-75.94358, -0.538547], [-75.940389, -0.532207], [-75.955084, -0.41934], [-75.95081, -0.417623], [-75.945872, -0.418387], [-75.945449, -0.416074], [-75.940344, -0.414458], [-75.937676, -0.40964], [-75.933654, -0.409914], [-75.931932, -0.407932], [-75.864236, -0.40841], [-75.861634, -0.403216], [-75.852228, -0.409441], [-75.855791, -0.418074], [-75.855909, -0.423558], [-75.854276, -0.424133], [-75.850022, -0.422301], [-75.844766, -0.425647], [-75.835859, -0.425851], [-75.834411, -0.429611], [-75.835305, -0.433757], [-75.827618, -0.437643], [-75.819768, -0.435518], [-75.817939, -0.432556], [-75.81444, -0.4332], [-75.809949, -0.429436], [-75.804477, -0.42916], [-75.803232, -0.431364], [-75.80217, -0.430123], [-75.795257, -0.429091], [-75.794171, -0.426408], [-75.790814, -0.426048], [-75.789189, -0.424271], [-75.78204, -0.424401], [-75.781777, -0.423058], [-75.780003, -0.423333], [-75.778047, -0.419506], [-75.774838, -0.420195], [-75.769594, -0.424676], [-75.758342, -0.42286], [-75.756559, -0.42138], [-75.753212, -0.42254], [-75.749257, -0.420028], [-75.743838, -0.421372], [-75.739688, -0.424599], [-75.733055, -0.435206], [-75.728474, -0.437577], [-75.722388, -0.444235], [-75.722619, -0.448546], [-75.717473, -0.457132], [-75.717972, -0.466095], [-75.711858, -0.466612], [-75.711328, -0.468627], [-75.700892, -0.472842], [-75.698832, -0.470608], [-75.695011, -0.470344], [-75.691653, -0.466346], [-75.683643, -0.467524], [-75.682447, -0.465362], [-75.675861, -0.4635], [-75.673656, -0.459942], [-75.668441, -0.459931], [-75.662543, -0.455501], [-75.658997, -0.456709], [-75.65633, -0.452426], [-75.65264, -0.452398], [-75.647426, -0.457895], [-75.647182, -0.468274], [-75.640863, -0.466458], [-75.639616, -0.469156], [-75.637199, -0.469641], [-75.636622, -0.472997], [-75.633874, -0.474532], [-75.632177, -0.473533], [-75.62925, -0.474169], [-75.628777, -0.4755], [-75.624555, -0.474779], [-75.623464, -0.477089], [-75.620805, -0.476183], [-75.617186, -0.477929], [-75.615357, -0.476583], [-75.616415, -0.478254], [-75.615585, -0.480886], [-75.612917, -0.48278], [-75.609721, -0.482836], [-75.605907, -0.485178], [-75.597686, -0.48494], [-75.593822, -0.492554], [-75.591969, -0.504441], [-75.590562, -0.50634], [-75.584695, -0.506724], [-75.584791, -0.497286], [-75.581239, -0.493041], [-75.577421, -0.491944], [-75.573665, -0.494095], [-75.568784, -0.502323], [-75.574368, -0.518995], [-75.57167, -0.520868], [-75.562924, -0.520588], [-75.559973, -0.522778], [-75.559378, -0.527364], [-75.563188, -0.541748], [-75.561208, -0.546121], [-75.558704, -0.548108], [-75.54918, -0.549158], [-75.542791, -0.546173], [-75.538857, -0.542389], [-75.535005, -0.541921], [-75.514943, -0.555524], [-75.508031, -0.557123], [-75.501814, -0.55364], [-75.497495, -0.546013], [-75.494213, -0.544283], [-75.488499, -0.548119], [-75.485334, -0.55591], [-75.483467, -0.557329], [-75.474892, -0.552705], [-75.469897, -0.547608], [-75.464544, -0.546084], [-75.457826, -0.548966], [-75.44966, -0.549733], [-75.439716, -0.554548], [-75.424825, -0.566178], [-75.415826, -0.566774], [-75.410534, -0.562749], [-75.405801, -0.563251], [-75.401834, -0.566463], [-75.398042, -0.572355], [-75.395045, -0.582328], [-75.395361, -0.59153], [-75.390266, -0.598612], [-75.387596, -0.606232], [-75.384694, -0.609207], [-75.380315, -0.610274], [-75.374726, -0.609167], [-75.368048, -0.602162], [-75.352155, -0.611346], [-75.346968, -0.62075], [-75.34247, -0.623425], [-75.333008, -0.620288], [-75.322426, -0.614173], [-75.319143, -0.613931], [-75.315857, -0.616935], [-75.309314, -0.628873], [-75.305265, -0.631774], [-75.296207, -0.628001], [-75.291032, -0.622065], [-75.285805, -0.619748], [-75.284621, -0.621272], [-75.28472, -0.638873], [-75.288434, -0.652034], [-75.287736, -0.65392], [-75.282539, -0.654871], [-75.275505, -0.645937], [-75.272194, -0.644742], [-75.263918, -0.645166], [-75.260493, -0.649335], [-75.260545, -0.652865], [-75.273396, -0.663861], [-75.27405, -0.670824], [-75.263266, -0.686324], [-75.251076, -0.691983], [-75.248553, -0.697016], [-75.251344, -0.700492], [-75.267391, -0.706591], [-75.274797, -0.713795], [-75.276984, -0.718448], [-75.270506, -0.750024], [-75.267763, -0.752616], [-75.26161, -0.75448], [-75.254126, -0.764939], [-75.25529, -0.769964], [-75.257667, -0.772577], [-75.26787, -0.778352], [-75.268948, -0.786365], [-75.257392, -0.792113], [-75.248881, -0.794422], [-75.24178, -0.7987], [-75.241381, -0.811569], [-75.245027, -0.82103], [-75.251773, -0.831836], [-75.251534, -0.836995], [-75.243771, -0.850861], [-75.240522, -0.853908], [-75.23096, -0.855596], [-75.224284, -0.86228], [-75.222267, -0.866372], [-75.22154, -0.873137], [-75.223522, -0.888821], [-75.22123, -0.905696], [-75.224168, -0.911908], [-75.231346, -0.920908], [-75.234099, -0.92825], [-75.233758, -0.932547], [-75.225061, -0.945011], [-75.209579, -0.956549], [-75.198986, -0.959507], [-75.187146, -0.9728], [-75.201272, -0.97952], [-75.20731, -0.974815], [-75.221183, -0.978324], [-75.231176, -0.974074], [-75.245913, -0.978877], [-75.257236, -0.971916], [-75.267797, -0.970974], [-75.279476, -0.974378], [-75.293348, -0.98754], [-75.306399, -0.98763], [-75.319276, -0.973137], [-75.332288, -0.972763], [-75.337512, -0.968597], [-75.342998, -0.959778], [-75.345428, -0.948299], [-75.352404, -0.944879], [-75.355602, -0.941353], [-75.363356, -0.936697], [-75.366586, -0.928645], [-75.372151, -0.923409], [-75.376328, -0.921824], [-75.381024, -0.924423], [-75.386091, -0.923523], [-75.388202, -0.925366], [-75.386711, -0.930124], [-75.555894, -1.549447], [-75.557385, -1.549174], [-75.559101, -1.551037], [-75.557692, -1.560842], [-75.561428, -1.564241], [-75.56534, -1.563107], [-75.56765, -1.555888], [-75.573875, -1.55322], [-75.577557, -1.547712], [-75.580274, -1.546876], [-75.583881, -1.549457], [-75.587241, -1.549394], [-75.591587, -1.546336], [-75.595836, -1.54036], [-75.593383, -1.532728], [-75.589632, -1.533081], [-75.588308, -1.531924], [-75.589288, -1.526741], [-75.594383, -1.526868], [-75.59559, -1.525241], [-75.592045, -1.518579], [-75.589465, -1.516494], [-75.58787, -1.510285], [-75.589663, -1.508955], [-75.590727, -1.515592], [-75.594003, -1.515727], [-75.596163, -1.509584], [-75.595134, -1.506178], [-75.599309, -1.502676], [-75.602283, -1.496727], [-75.60977, -1.492694], [-75.609777, -1.496918], [-75.614192, -1.502458], [-75.616215, -1.500801], [-75.613207, -1.498637], [-75.614295, -1.496626], [-75.623884, -1.502286], [-75.633917, -1.500344], [-75.636747, -1.497968], [-75.631488, -1.493927], [-75.631658, -1.491974], [-75.636503, -1.493439], [-75.638788, -1.495935], [-75.64111, -1.49556], [-75.639831, -1.488234], [-75.635369, -1.485], [-75.636613, -1.482221], [-75.641359, -1.485444], [-75.641723, -1.489335], [-75.646453, -1.489466], [-75.647753, -1.492877], [-75.650084, -1.493675], [-75.653527, -1.489728], [-75.65257, -1.488796], [-75.649934, -1.489665], [-75.64857, -1.48791], [-75.652104, -1.480662], [-75.648833, -1.477323], [-75.649511, -1.475841], [-75.651793, -1.47736], [-75.655733, -1.475987], [-75.659565, -1.477713], [-75.660311, -1.487504], [-75.663578, -1.487994], [-75.666982, -1.478231], [-75.671055, -1.476036], [-75.675266, -1.467949], [-75.685278, -1.470029], [-75.688692, -1.466343], [-75.699655, -1.464688], [-75.698631, -1.451708], [-75.699943, -1.447546], [-75.704652, -1.44872], [-75.710469, -1.452796], [-75.71159, -1.462409], [-75.719854, -1.462314], [-75.721672, -1.45659], [-75.716289, -1.452445], [-75.716232, -1.449441], [-75.723646, -1.445061], [-75.726674, -1.439065], [-75.732617, -1.437706], [-75.735782, -1.439358], [-75.737646, -1.438576], [-75.739346, -1.434504], [-75.738116, -1.426388], [-75.740863, -1.422457], [-75.739302, -1.417343], [-75.743585, -1.416904], [-75.746951, -1.41961], [-75.748166, -1.422769], [-75.750107, -1.423431], [-75.75083, -1.422241], [-75.751204, -1.419973], [-75.74442, -1.412992], [-75.744671, -1.409411], [-75.747028, -1.406574], [-75.750241, -1.404967], [-75.754733, -1.405918], [-75.75685, -1.40193], [-75.758787, -1.401506], [-75.756938, -1.407508], [-75.760059, -1.414965], [-75.761499, -1.41175], [-75.771266, -1.405312], [-75.777695, -1.39519], [-75.780482, -1.396292], [-75.777773, -1.400202], [-75.7822, -1.398418], [-75.785665, -1.403539], [-75.793603, -1.404552], [-75.801145, -1.402966], [-75.807107, -1.397907], [-75.815346, -1.397074], [-75.816802, -1.394896], [-75.816262, -1.392284], [-75.804657, -1.392085], [-75.803821, -1.389521], [-75.815161, -1.389576], [-75.822708, -1.383025], [-75.826493, -1.38798], [-75.8358, -1.391695], [-75.836678, -1.388252], [-75.83154, -1.384284], [-75.831343, -1.382287], [-75.834438, -1.377794], [-75.845538, -1.373902], [-75.845324, -1.3688], [-75.84118, -1.362843], [-75.844997, -1.355651], [-75.848859, -1.35504], [-75.850207, -1.359161], [-75.855011, -1.361162], [-75.866861, -1.35549], [-75.87971, -1.356495], [-75.883402, -1.346811], [-75.881658, -1.339428], [-75.875521, -1.334569], [-75.877192, -1.331491], [-75.884363, -1.334731], [-75.887798, -1.340323], [-75.892344, -1.338253], [-75.89564, -1.334111], [-75.900396, -1.333889], [-75.90151, -1.336615], [-75.89651, -1.340228], [-75.893761, -1.348913], [-75.898183, -1.349942], [-75.902071, -1.354075], [-75.904063, -1.35024], [-75.906072, -1.349958], [-75.911601, -1.359579], [-75.915062, -1.361428], [-75.919471, -1.358541], [-75.91715, -1.350172], [-75.920122, -1.345857], [-75.92147, -1.347434], [-75.919388, -1.350341], [-75.919725, -1.352258], [-75.921117, -1.352791], [-75.9257, -1.350075], [-75.926545, -1.353947], [-75.930088, -1.355249], [-75.933781, -1.360106], [-75.939198, -1.359538], [-75.938773, -1.351991], [-75.940376, -1.349977], [-75.949123, -1.35785], [-75.950702, -1.35404], [-75.955219, -1.355438], [-75.958444, -1.353105], [-75.959811, -1.344989], [-75.961638, -1.344685], [-75.965244, -1.346989], [-75.968552, -1.345594], [-75.968263, -1.341072], [-75.974256, -1.337093], [-75.970989, -1.332036], [-75.972409, -1.329271], [-75.973952, -1.329109], [-75.974858, -1.331646], [-75.980158, -1.335078], [-75.98573, -1.332896], [-75.987487, -1.336643], [-75.989701, -1.337566], [-75.997348, -1.334375], [-75.998752, -1.330177], [-75.994084, -1.327413], [-75.99766, -1.325227], [-75.997674, -1.315539], [-76.001919, -1.309439], [-76.005252, -1.309954], [-76.00579, -1.314591], [-76.007344, -1.31591], [-76.008831, -1.315269], [-76.012274, -1.306377], [-76.016455, -1.309626], [-76.023912, -1.308847], [-76.023177, -1.313939], [-76.026663, -1.316192], [-76.027043, -1.311049], [-76.028417, -1.309686], [-76.033654, -1.310726], [-76.035863, -1.314916], [-76.040331, -1.309624], [-76.040149, -1.304501], [-76.044156, -1.305589], [-76.046519, -1.303719], [-76.044006, -1.298785], [-76.04929, -1.297164], [-76.052747, -1.299825], [-76.056701, -1.298603], [-76.057168, -1.30017], [-76.054259, -1.304328], [-76.057352, -1.307711], [-76.062976, -1.307014], [-76.064445, -1.30442], [-76.062848, -1.296082], [-76.057291, -1.287665], [-76.058569, -1.284827], [-76.065259, -1.288267], [-76.067854, -1.287843], [-76.063316, -1.278368], [-76.067379, -1.278424], [-76.072079, -1.280508], [-76.075848, -1.291805], [-76.082403, -1.296546], [-76.088389, -1.291603], [-76.088024, -1.284501], [-76.089878, -1.281636], [-76.093711, -1.281435], [-76.09769, -1.279052], [-76.102086, -1.28194], [-76.106179, -1.279033], [-76.109856, -1.280226], [-76.113484, -1.272506], [-76.122574, -1.274789], [-76.125618, -1.282596], [-76.128404, -1.285587], [-76.130162, -1.283201], [-76.131119, -1.275909], [-76.132652, -1.27482], [-76.136456, -1.275633], [-76.139627, -1.280691], [-76.139326, -1.284549], [-76.14279, -1.284833], [-76.145339, -1.290137], [-76.146691, -1.289448], [-76.147698, -1.283292], [-76.15062, -1.282004], [-76.152951, -1.294865], [-76.157126, -1.300464], [-76.159901, -1.3016], [-76.163504, -1.301221], [-76.164995, -1.296084], [-76.167877, -1.294498], [-76.170466, -1.294688], [-76.172432, -1.298227], [-76.176238, -1.300423], [-76.177391, -1.288714], [-76.185122, -1.289241], [-76.187183, -1.286389], [-76.194436, -1.295568], [-76.199066, -1.294224], [-76.200855, -1.297638], [-76.202678, -1.298238], [-76.211278, -1.296704], [-76.220316, -1.28638], [-76.226092, -1.290112], [-76.223236, -1.293107], [-76.223871, -1.295875], [-76.229418, -1.294967], [-76.232836, -1.298874], [-76.237797, -1.300929], [-76.241275, -1.297852], [-76.245046, -1.287268], [-76.247422, -1.286968], [-76.25035, -1.293194], [-76.250105, -1.303445], [-76.253304, -1.30697], [-76.25551, -1.30621], [-76.256336, -1.301692], [-76.260337, -1.301186], [-76.262216, -1.297653], [-76.266977, -1.295807], [-76.271653, -1.295822], [-76.266765, -1.301526], [-76.266722, -1.305761], [-76.275091, -1.304721], [-76.286358, -1.309621], [-76.287126, -1.310982], [-76.283379, -1.315281], [-76.288857, -1.320503], [-76.288388, -1.316351], [-76.293049, -1.303642], [-76.295008, -1.305571], [-76.295518, -1.310431], [-76.304102, -1.307318], [-76.309019, -1.298377], [-76.311231, -1.307466], [-76.318057, -1.30275], [-76.328295, -1.306191], [-76.33635, -1.300733], [-76.342974, -1.300683], [-76.342352, -1.295896], [-76.350553, -1.291292], [-76.35501, -1.290885], [-76.365448, -1.294583], [-76.367608, -1.290131], [-76.366897, -1.287719], [-76.356256, -1.283496], [-76.356867, -1.280425], [-76.366207, -1.276798], [-76.369138, -1.281921], [-76.371176, -1.282056], [-76.371618, -1.28019], [-76.365857, -1.274131], [-76.365123, -1.270318], [-76.370337, -1.267286], [-76.372523, -1.267737], [-76.37294, -1.270177], [-76.369491, -1.270225], [-76.367756, -1.272268], [-76.372903, -1.274037], [-76.379092, -1.269532], [-76.38712, -1.270972], [-76.392206, -1.26711], [-76.392208, -1.262344], [-76.395716, -1.259356], [-76.396004, -1.254131], [-76.408689, -1.25988], [-76.415457, -1.270063], [-76.419359, -1.272098], [-76.428992, -1.267629], [-76.432546, -1.258694], [-76.436994, -1.257091], [-76.439794, -1.258838], [-76.436996, -1.265675], [-76.450997, -1.271641], [-76.450832, -1.264572], [-76.456878, -1.260628], [-76.458064, -1.257056], [-76.456559, -1.256451], [-76.452944, -1.260072], [-76.451112, -1.259943], [-76.448685, -1.251629], [-76.45123, -1.250321], [-76.455669, -1.253568], [-76.45811, -1.247756], [-76.459981, -1.248571], [-76.465123, -1.261869], [-76.468636, -1.264065], [-76.470866, -1.263837], [-76.472417, -1.261609], [-76.467491, -1.262066], [-76.466503, -1.257873], [-76.47155, -1.25732], [-76.473807, -1.25407], [-76.475953, -1.254944], [-76.472079, -1.249289], [-76.47273, -1.247121], [-76.474195, -1.247438], [-76.475395, -1.250529], [-76.476111, -1.247825], [-76.477798, -1.249342], [-76.479838, -1.247631], [-76.483164, -1.249208], [-76.481841, -1.243142], [-76.48066, -1.24319], [-76.481326, -1.245231], [-76.477243, -1.245156], [-76.475127, -1.241183], [-76.47775, -1.239641], [-76.476737, -1.237249], [-76.484541, -1.236492], [-76.483054, -1.234482], [-76.48495, -1.230362], [-76.492374, -1.225077], [-76.489564, -1.22293], [-76.489374, -1.220593], [-76.490397, -1.219445], [-76.493773, -1.220897], [-76.492935, -1.215595], [-76.496873, -1.220546], [-76.497954, -1.2153], [-76.499826, -1.214003], [-76.499762, -1.218699], [-76.501342, -1.220224], [-76.503554, -1.212033], [-76.50615, -1.212047], [-76.508369, -1.207884], [-76.512885, -1.212416], [-76.514298, -1.21145], [-76.514754, -1.207518], [-76.519317, -1.210046], [-76.518032, -1.207288], [-76.519671, -1.203511], [-76.515752, -1.202589], [-76.515584, -1.198427], [-76.516624, -1.198128], [-76.517023, -1.200342], [-76.523045, -1.200438], [-76.523371, -1.198415], [-76.519695, -1.198833], [-76.520568, -1.195561], [-76.523857, -1.19653], [-76.526288, -1.194988], [-76.528333, -1.197029], [-76.528532, -1.194323], [-76.530545, -1.192651], [-76.526466, -1.19032], [-76.528375, -1.188314], [-76.526597, -1.185672], [-76.527627, -1.181736], [-76.524046, -1.18277], [-76.523894, -1.185414], [-76.520635, -1.186206], [-76.520694, -1.182452], [-76.523406, -1.18231], [-76.523885, -1.1806], [-76.521471, -1.17591], [-76.525858, -1.176927], [-76.526191, -1.175606], [-76.52304, -1.173837], [-76.525731, -1.173393], [-76.526169, -1.169402], [-76.529221, -1.167366], [-76.526008, -1.164565], [-76.525879, -1.161563], [-76.52818, -1.161773], [-76.529399, -1.160812], [-76.527938, -1.161051], [-76.526471, -1.157464], [-76.528722, -1.156521], [-76.525533, -1.153411], [-76.526328, -1.150987], [-76.524555, -1.151305], [-76.525558, -1.149315], [-76.519972, -1.146261], [-76.524594, -1.142498], [-76.520802, -1.141431], [-76.524193, -1.140543], [-76.524261, -1.139014], [-76.52197, -1.137791], [-76.525202, -1.137911], [-76.525939, -1.136529], [-76.522082, -1.134218], [-76.522035, -1.131615], [-76.520314, -1.130337], [-76.522262, -1.129043], [-76.521431, -1.127458], [-76.518436, -1.131669], [-76.516267, -1.128564], [-76.518834, -1.126784], [-76.517038, -1.126862], [-76.518134, -1.125081], [-76.516277, -1.120117], [-76.517843, -1.118756], [-76.518674, -1.120164], [-76.520964, -1.118632], [-76.522458, -1.119621], [-76.524659, -1.115088], [-76.523209, -1.113942], [-76.521588, -1.114684], [-76.522454, -1.111568], [-76.521428, -1.110739], [-76.524518, -1.10674], [-76.523867, -1.104765], [-76.522598, -1.105651], [-76.52282, -1.104396], [-76.520597, -1.102986], [-76.518722, -1.104855], [-76.517307, -1.10424], [-76.516925, -1.102495], [-76.518693, -1.102232], [-76.519521, -1.100978], [-76.51649, -1.101296], [-76.518569, -1.099077], [-76.516287, -1.099712], [-76.515382, -1.095855], [-76.513536, -1.095348], [-76.514414, -1.092974], [-76.517356, -1.094913], [-76.515974, -1.091925], [-76.51844, -1.086791], [-76.516469, -1.083348], [-76.518059, -1.080485], [-76.520141, -1.08022], [-76.517153, -1.076092], [-76.515425, -1.076269], [-76.514914, -1.074107], [-76.516454, -1.072561], [-76.513953, -1.069873], [-76.517125, -1.070504], [-76.515009, -1.068768], [-76.515599, -1.067016], [-76.519146, -1.067197], [-76.519112, -1.063188], [-76.521302, -1.063151], [-76.520125, -1.061469], [-76.523313, -1.057562], [-76.52394, -1.059869], [-76.524666, -1.058132], [-76.526985, -1.060023], [-76.527407, -1.054708], [-76.530776, -1.051968], [-76.533602, -1.05265], [-76.532935, -1.054179], [-76.534615, -1.054666], [-76.535351, -1.057195], [-76.536175, -1.053993], [-76.539198, -1.053672], [-76.537736, -1.058577], [-76.539415, -1.058366], [-76.540029, -1.06069], [-76.543176, -1.061452], [-76.543477, -1.064305], [-76.544796, -1.063787], [-76.543828, -1.065803], [-76.546366, -1.068533], [-76.548465, -1.069074], [-76.551346, -1.065786], [-76.552634, -1.067352], [-76.55306, -1.063086], [-76.554994, -1.065142], [-76.556061, -1.062701], [-76.561224, -1.062458], [-76.561307, -1.060832], [-76.563368, -1.060895], [-76.56346, -1.059545], [-76.566528, -1.060002], [-76.567578, -1.061918], [-76.570571, -1.060561], [-76.57151, -1.06446], [-76.575726, -1.062521], [-76.576161, -1.064387], [-76.57633, -1.063171], [-76.577655, -1.064713], [-76.578777, -1.06341], [-76.582806, -1.068141], [-76.589186, -1.066078], [-76.587969, -1.067773], [-76.589962, -1.067912], [-76.589847, -1.069497], [-76.59087, -1.069208], [-76.59042, -1.067414], [-76.591996, -1.070028], [-76.59259, -1.067901], [-76.593997, -1.067928], [-76.593246, -1.069297], [-76.595501, -1.068669], [-76.596012, -1.070894], [-76.59844, -1.069369], [-76.598622, -1.071395], [-76.599842, -1.069917], [-76.600593, -1.071684], [-76.601641, -1.07037], [-76.603252, -1.07301], [-76.60335, -1.071017], [-76.60534, -1.072258], [-76.607211, -1.069343], [-76.609419, -1.071763], [-76.611762, -1.07031], [-76.612702, -1.071123], [-76.612965, -1.069013], [-76.614458, -1.069372], [-76.613314, -1.068058], [-76.614857, -1.064871], [-76.620071, -1.066499], [-76.621308, -1.064719], [-76.625315, -1.06451], [-76.625765, -1.062892], [-76.627694, -1.06401], [-76.628925, -1.062699], [-76.631582, -1.063164], [-76.632875, -1.060059], [-76.635109, -1.062487], [-76.640765, -1.060819], [-76.643462, -1.06159], [-76.647762, -1.060231], [-76.64888, -1.061309], [-76.652377, -1.059434], [-76.652858, -1.056811], [-76.667695, -1.06851], [-76.670249, -1.067523], [-76.67634, -1.069702], [-76.677857, -1.068269], [-76.680337, -1.068674], [-76.688086, -1.077899], [-76.69221, -1.077318], [-76.708333, -1.082565], [-76.714034, -1.080781], [-76.720539, -1.082254], [-76.721085, -1.083881], [-76.719076, -1.086135], [-76.72022, -1.085942], [-76.71945, -1.087817], [-76.721491, -1.090508], [-76.720268, -1.092138], [-76.722187, -1.094358], [-76.721206, -1.096194], [-76.723468, -1.099217], [-76.72569, -1.099087], [-76.72749, -1.105933], [-76.729412, -1.101916], [-76.729913, -1.10454], [-76.733802, -1.103478], [-76.732213, -1.101362], [-76.733685, -1.098906], [-76.733593, -1.101815], [-76.736633, -1.103011], [-76.736237, -1.101347], [-76.7399, -1.101872], [-76.742843, -1.100468], [-76.742134, -1.098233], [-76.746995, -1.098446], [-76.744953, -1.09387], [-76.746903, -1.093462], [-76.746028, -1.095394], [-76.748203, -1.096801], [-76.748543, -1.094223], [-76.751435, -1.092652], [-76.749492, -1.096148], [-76.750142, -1.099016], [-76.752619, -1.093865], [-76.754899, -1.096334], [-76.752555, -1.097288], [-76.754406, -1.099279], [-76.755998, -1.098871], [-76.755235, -1.097003], [-76.757039, -1.095783], [-76.758061, -1.096331], [-76.757547, -1.099138], [-76.761555, -1.09568], [-76.760858, -1.098446], [-76.763078, -1.098962], [-76.763362, -1.095654], [-76.764683, -1.096845], [-76.765728, -1.096085], [-76.764779, -1.092285], [-76.767343, -1.09248], [-76.768578, -1.095164], [-76.770086, -1.093779], [-76.768309, -1.092517], [-76.769522, -1.090021], [-76.770598, -1.090023], [-76.769438, -1.09145], [-76.770229, -1.092554], [-76.7738, -1.090662], [-76.775653, -1.096329], [-76.778331, -1.094442], [-76.782401, -1.097403], [-76.787799, -1.096306], [-76.794075, -1.101707], [-76.796191, -1.105577], [-76.79864, -1.105239], [-76.798743, -1.106916], [-76.800891, -1.106957], [-76.800492, -1.108374], [-76.802438, -1.110793], [-76.804635, -1.110417], [-76.805633, -1.111745], [-76.810022, -1.110375], [-76.813335, -1.111888], [-76.818126, -1.109435], [-76.825493, -1.113499], [-76.830027, -1.11202], [-76.832432, -1.114384], [-76.832461, -1.140647], [-76.830839, -1.144225], [-76.83415, -1.14863], [-76.8326, -1.151879], [-76.832107, -1.159232], [-76.837325, -1.160005], [-76.83906, -1.156283], [-76.840577, -1.159881], [-76.843999, -1.158357], [-76.846154, -1.161322], [-76.845662, -1.159155], [-76.848087, -1.157937], [-76.848338, -1.161038], [-76.850904, -1.159607], [-76.851557, -1.16249], [-76.854313, -1.160899], [-76.853188, -1.163058], [-76.855476, -1.161641], [-76.855304, -1.162982], [-76.858451, -1.162827], [-76.859225, -1.160723], [-76.86187, -1.161044], [-76.863642, -1.159091], [-76.863229, -1.157629], [-76.866539, -1.158358], [-76.865436, -1.156788], [-76.866842, -1.155796], [-76.867489, -1.157736], [-76.869093, -1.157545], [-76.873896, -1.152562], [-76.874872, -1.155061], [-76.87441, -1.151773], [-76.879127, -1.151966], [-76.876452, -1.146633], [-76.87978, -1.145064], [-76.881952, -1.147017], [-76.881001, -1.145549], [-76.886859, -1.143099], [-76.886089, -1.141587], [-76.889444, -1.140126], [-76.887618, -1.137284], [-76.889035, -1.138275], [-76.890573, -1.137448], [-76.889374, -1.135126], [-76.891493, -1.134358], [-76.890393, -1.132088], [-76.89177, -1.131037], [-76.892714, -1.133209], [-76.893317, -1.130987], [-76.897789, -1.130735], [-76.896779, -1.127128], [-76.902096, -1.127809], [-76.902588, -1.125131], [-76.905156, -1.128615], [-76.906375, -1.126244], [-76.908896, -1.128125], [-76.909817, -1.126556], [-76.913472, -1.127397], [-76.913521, -1.124715], [-76.914556, -1.125849], [-76.915183, -1.123686], [-76.9168, -1.125772], [-76.917416, -1.121692], [-76.918472, -1.121081], [-76.918177, -1.122381], [-76.919188, -1.12319], [-76.920829, -1.119422], [-76.922282, -1.120144], [-76.92052, -1.120699], [-76.924329, -1.124607], [-76.92473, -1.121007], [-76.929029, -1.123562], [-76.929891, -1.122348], [-76.928417, -1.122081], [-76.928734, -1.120401], [-76.930093, -1.12008], [-76.930888, -1.121995], [-76.933281, -1.119685], [-76.939009, -1.124376], [-76.939193, -1.122218], [-76.942101, -1.120751], [-76.945189, -1.121928], [-76.947296, -1.120982], [-76.948752, -1.122915], [-76.949785, -1.121961], [-76.951263, -1.122939], [-76.951587, -1.120436], [-76.955598, -1.121131], [-76.954756, -1.118705], [-76.956636, -1.117668], [-76.955744, -1.116345], [-76.960484, -1.118753], [-76.961792, -1.115041], [-76.963904, -1.116078], [-76.964656, -1.113145], [-76.967874, -1.111899], [-76.968315, -1.109754], [-76.969433, -1.110672], [-76.969585, -1.106093], [-76.971586, -1.106801], [-76.971454, -1.104907], [-76.973021, -1.104686], [-76.972783, -1.106466], [-76.97455, -1.106682], [-76.973849, -1.104757], [-76.975775, -1.10295], [-76.978885, -1.10343], [-76.981772, -1.106027], [-76.981866, -1.10428], [-76.984298, -1.103853], [-76.982533, -1.103607], [-76.985055, -1.099732], [-76.98713, -1.099885], [-76.986361, -1.097999], [-76.989029, -1.09901], [-76.988983, -1.097836], [-76.991698, -1.097363], [-76.991636, -1.095935], [-76.993147, -1.095826], [-76.993778, -1.098012], [-76.995037, -1.096765], [-76.997278, -1.097618], [-76.997837, -1.096337], [-76.999233, -1.098911], [-76.998725, -1.097275], [-77.001319, -1.096485], [-77.003123, -1.099037], [-77.005706, -1.097577], [-77.006443, -1.094838], [-77.007662, -1.096692], [-77.010518, -1.097289], [-77.009627, -1.096038], [-77.010913, -1.095788], [-77.011089, -1.0977], [-77.012396, -1.096518], [-77.013658, -1.097887], [-77.017408, -1.094704], [-77.022506, -1.099574], [-77.022573, -1.097968], [-77.027984, -1.09594], [-77.028386, -1.097393], [-77.03183, -1.096997], [-77.031653, -1.098395], [-77.032258, -1.097476], [-77.034466, -1.098333], [-77.033125, -1.100851], [-77.035416, -1.100009], [-77.03586, -1.10155], [-77.036289, -1.099571], [-77.042002, -1.099845], [-77.044556, -1.095958], [-77.050011, -1.095123], [-77.049866, -1.093693], [-77.052485, -1.093996], [-77.052445, -1.091533], [-77.05328, -1.092515], [-77.053449, -1.090961], [-77.056725, -1.091417], [-77.055743, -1.090055], [-77.058341, -1.089945], [-77.0594, -1.087802], [-77.060258, -1.089738], [-77.062533, -1.086555], [-77.066986, -1.086221], [-77.068402, -1.08472], [-77.067036, -1.078534], [-77.068609, -1.076446], [-77.070516, -1.076293], [-77.071042, -1.073012], [-77.072672, -1.073379], [-77.072266, -1.070358], [-77.076035, -1.069372], [-77.074415, -1.054955], [-77.079096, -1.052124], [-77.083526, -1.051721], [-77.08561, -1.046461], [-77.088268, -1.044468], [-77.087586, -1.037694], [-77.091336, -1.038374], [-77.090871, -1.036622], [-77.092591, -1.037063], [-77.091049, -1.023974], [-77.088679, -1.021984], [-77.085748, -1.023271], [-77.082158, -1.02173], [-77.080909, -1.022732], [-77.079249, -1.022342], [-77.079302, -1.020578], [-77.075297, -1.021063], [-77.069687, -1.019394], [-77.066794, -1.012985], [-77.062301, -1.0087], [-77.059415, -1.008227], [-77.059405, -1.006436], [-77.056197, -1.007335], [-77.056727, -1.004844], [-77.053344, -1.001006], [-77.052451, -0.995687], [-77.032164, -0.98982], [-77.033637, -0.98905], [-77.032957, -0.987691], [-77.036795, -0.989066], [-77.038579, -0.986447], [-77.041801, -0.986917], [-77.041292, -0.985834], [-77.042933, -0.984813], [-77.044159, -0.986593], [-77.045687, -0.985479], [-77.04649, -0.986832], [-77.049811, -0.986866], [-77.049145, -0.985602], [-77.053198, -0.98613], [-77.054713, -0.984069], [-77.056121, -0.984635], [-77.055652, -0.983004], [-77.05795, -0.983086], [-77.059103, -0.977992], [-77.06867, -0.975437], [-77.072532, -0.970713], [-77.071715, -0.951391], [-77.070137, -0.951616], [-77.069987, -0.950228], [-77.068908, -0.951555], [-77.068204, -0.949178], [-77.065619, -0.950538], [-77.059982, -0.946491], [-77.05887, -0.948085], [-77.057499, -0.945999], [-77.055455, -0.946751], [-77.055505, -0.944373], [-77.053908, -0.944832], [-77.055466, -0.943737], [-77.053881, -0.943609], [-77.054251, -0.941959], [-77.052693, -0.940861], [-77.053443, -0.938221], [-77.051307, -0.937337], [-77.052398, -0.935364], [-77.048117, -0.934647], [-77.047187, -0.931926], [-77.045085, -0.931979], [-77.046153, -0.931705], [-77.044818, -0.930987], [-77.045635, -0.930525], [-77.042447, -0.932141], [-77.041045, -0.927795], [-77.039224, -0.929123], [-77.039041, -0.927165], [-77.037952, -0.927718], [-77.037463, -0.923934], [-77.034988, -0.924836], [-77.035357, -0.923261], [-77.032392, -0.924297], [-77.031162, -0.923026], [-77.031049, -0.924692], [-77.028825, -0.924299], [-77.027222, -0.920878], [-77.026379, -0.922244], [-77.024992, -0.921549], [-77.024935, -0.922801], [-77.022805, -0.920956], [-77.02685, -0.917642], [-77.028115, -0.918964], [-77.02793, -0.917321], [-77.02932, -0.916753], [-77.040803, -0.915897], [-77.050541, -0.911562], [-77.052263, -0.908578], [-77.053429, -0.910002], [-77.060375, -0.908579], [-77.064161, -0.911196], [-77.065874, -0.910082], [-77.068522, -0.911309], [-77.069649, -0.910154], [-77.072285, -0.91109], [-77.077418, -0.909656], [-77.083578, -0.911519], [-77.089886, -0.910457], [-77.092712, -0.912982], [-77.096481, -0.910187], [-77.100158, -0.910709], [-77.107171, -0.908074], [-77.108638, -0.906002], [-77.112294, -0.906807], [-77.11592, -0.903795], [-77.11618, -0.901593], [-77.119904, -0.900247], [-77.13211, -0.902141], [-77.136952, -0.901296], [-77.144032, -0.894773], [-77.143914, -0.874481], [-77.147834, -0.872713], [-77.150342, -0.86843], [-77.158958, -0.870096], [-77.161313, -0.873677], [-77.164588, -0.873898], [-77.16575, -0.871281], [-77.171042, -0.868171], [-77.172539, -0.868933], [-77.174127, -0.865994], [-77.172743, -0.862515], [-77.175633, -0.862138], [-77.177275, -0.856486], [-77.179362, -0.857205], [-77.182391, -0.855897], [-77.182867, -0.854291], [-77.185223, -0.856948], [-77.186671, -0.85594], [-77.188484, -0.857656], [-77.189217, -0.855839], [-77.19312, -0.857897], [-77.194471, -0.854564], [-77.196256, -0.854613], [-77.197037, -0.851867], [-77.194882, -0.852056], [-77.191665, -0.847033], [-77.19107, -0.838777], [-77.192463, -0.834071], [-77.201602, -0.819565], [-77.207142, -0.80243], [-77.205722, -0.798738], [-77.201593, -0.798233], [-77.194337, -0.794106], [-77.188864, -0.785324], [-77.18578, -0.77099], [-77.16931, -0.762771], [-77.164541, -0.762158], [-77.156532, -0.764372], [-77.151977, -0.763866], [-77.149524, -0.760926], [-77.148091, -0.752143], [-77.13944, -0.747779], [-77.13214, -0.734343], [-77.121635, -0.727957], [-77.11884, -0.722951], [-77.113007, -0.701339], [-77.11716, -0.696836], [-77.120976, -0.69532], [-77.122777, -0.694806], [-77.123197, -0.697892], [-77.125308, -0.699434], [-77.131848, -0.694054], [-77.143804, -0.695509], [-77.146698, -0.696634], [-77.154625, -0.707316], [-77.163546, -0.70736], [-77.175587, -0.734717], [-77.178102, -0.734283], [-77.183983, -0.738998], [-77.186484, -0.738709], [-77.183818, -0.742758], [-77.188284, -0.747419], [-77.188449, -0.749058], [-77.186564, -0.750456], [-77.189193, -0.749856], [-77.190032, -0.750932], [-77.189077, -0.752756], [-77.189943, -0.75556], [-77.193255, -0.755463], [-77.192303, -0.759188], [-77.195867, -0.758537], [-77.200583, -0.760189], [-77.198801, -0.763011], [-77.199215, -0.767157], [-77.202503, -0.766955], [-77.203392, -0.765781], [-77.202472, -0.764882], [-77.203744, -0.764281], [-77.204294, -0.770047], [-77.212386, -0.774492], [-77.214163, -0.771948], [-77.217773, -0.77433], [-77.218571, -0.772554], [-77.222302, -0.771258], [-77.222742, -0.773451], [-77.228405, -0.776814], [-77.22815, -0.780702], [-77.229893, -0.779256], [-77.235298, -0.780697], [-77.237641, -0.783823], [-77.236418, -0.785889], [-77.238405, -0.789467], [-77.23994, -0.78839], [-77.240229, -0.79059], [-77.242626, -0.789507], [-77.24335, -0.79155], [-77.246201, -0.791043], [-77.248701, -0.793722], [-77.252529, -0.79216], [-77.252991, -0.79666], [-77.254694, -0.798916], [-77.25246, -0.801887], [-77.254627, -0.802276], [-77.254771, -0.804691], [-77.25746, -0.806299], [-77.255771, -0.811711], [-77.257134, -0.812239], [-77.257784, -0.810441], [-77.259884, -0.810006], [-77.260736, -0.812418], [-77.263828, -0.813424], [-77.259425, -0.817172], [-77.264165, -0.82068], [-77.26089, -0.821673], [-77.260739, -0.823515], [-77.264492, -0.821791], [-77.262563, -0.825508], [-77.266725, -0.82825], [-77.271612, -0.827739], [-77.271449, -0.830931], [-77.275072, -0.831052], [-77.275129, -0.835195], [-77.277593, -0.837787], [-77.279894, -0.836596], [-77.282038, -0.83935], [-77.286245, -0.835395], [-77.288396, -0.837973], [-77.29398, -0.838631], [-77.295477, -0.836561], [-77.296745, -0.839905], [-77.294701, -0.840147], [-77.294474, -0.8433], [-77.295627, -0.843928], [-77.299833, -0.841449], [-77.299394, -0.846383], [-77.302415, -0.843641], [-77.304955, -0.845313], [-77.305019, -0.839379], [-77.306748, -0.842897], [-77.30867, -0.839986], [-77.310954, -0.840364], [-77.319299, -0.84856], [-77.321471, -0.846726], [-77.324219, -0.846672], [-77.326051, -0.85169], [-77.327711, -0.850394], [-77.333041, -0.853445], [-77.331484, -0.858819], [-77.336273, -0.860686], [-77.338276, -0.85808], [-77.342177, -0.861824], [-77.34629, -0.860574], [-77.351994, -0.861681], [-77.350297, -0.86513], [-77.351777, -0.867528], [-77.35219, -0.864188], [-77.353996, -0.864673], [-77.353992, -0.868312], [-77.352028, -0.87099], [-77.354691, -0.871969], [-77.35534, -0.873735], [-77.358986, -0.872902], [-77.360413, -0.870149], [-77.363648, -0.870856], [-77.365109, -0.8689], [-77.367232, -0.870922], [-77.369609, -0.870714], [-77.369644, -0.875714], [-77.365063, -0.879763], [-77.371965, -0.879179], [-77.373019, -0.88288], [-77.379435, -0.882229], [-77.380319, -0.884124], [-77.378726, -0.888354], [-77.38275, -0.887863], [-77.384373, -0.891689], [-77.390907, -0.88893], [-77.392439, -0.889602], [-77.393859, -0.893917], [-77.400296, -0.896209], [-77.402437, -0.89201], [-77.40913, -0.893489], [-77.411678, -0.893113], [-77.412622, -0.890566], [-77.422792, -0.890572], [-77.420737, -0.896978], [-77.424383, -0.897781], [-77.425763, -0.902325], [-77.431426, -0.901458], [-77.434137, -0.898421], [-77.439402, -0.898124], [-77.441415, -0.895609], [-77.450815, -0.898866], [-77.456608, -0.904898], [-77.456262, -0.909095], [-77.454561, -0.91036], [-77.452643, -0.916127], [-77.454683, -0.917524], [-77.457037, -0.916754], [-77.463708, -0.912224], [-77.468822, -0.916335], [-77.4707, -0.924996], [-77.484285, -0.93381], [-77.484803, -0.936182], [-77.486095, -0.935429], [-77.489903, -0.94023], [-77.495648, -0.940291], [-77.496526, -0.944079], [-77.498392, -0.945053], [-77.500543, -0.944399], [-77.500903, -0.942855], [-77.506006, -0.942423], [-77.507446, -0.943708], [-77.507316, -0.946137], [-77.512195, -0.944494], [-77.515532, -0.950801], [-77.520435, -0.947053], [-77.521628, -0.949508], [-77.523937, -0.948573], [-77.527911, -0.950593], [-77.532235, -0.949621], [-77.537057, -0.942607], [-77.545492, -0.94058], [-77.548939, -0.941496], [-77.556623, -0.939277], [-77.564508, -0.943396], [-77.566939, -0.943085], [-77.568688, -0.932164], [-77.574207, -0.931024], [-77.578664, -0.935427], [-77.583978, -0.933288], [-77.588527, -0.929141], [-77.590151, -0.929978], [-77.590843, -0.928226], [-77.591098, -0.921604], [-77.587758, -0.918802], [-77.589021, -0.914718], [-77.587588, -0.912038], [-77.583498, -0.911868], [-77.579843, -0.914105], [-77.577495, -0.912583], [-77.577127, -0.910567], [-77.564939, -0.906935], [-77.560111, -0.903194], [-77.552041, -0.902361], [-77.5506, -0.88232], [-77.546809, -0.881731], [-77.547492, -0.879225], [-77.541868, -0.877382], [-77.541105, -0.875063], [-77.536445, -0.875297], [-77.534864, -0.873514], [-77.536358, -0.869087], [-77.536479, -0.859625], [-77.534009, -0.854323], [-77.536697, -0.845547], [-77.529676, -0.841093], [-77.530058, -0.838203], [-77.527844, -0.836214], [-77.53022, -0.8343], [-77.530355, -0.829038], [-77.528049, -0.824786], [-77.528424, -0.822628], [-77.524738, -0.820713], [-77.528204, -0.817332], [-77.528185, -0.813916], [-77.534743, -0.803182], [-77.534707, -0.800377], [-77.542051, -0.795034], [-77.54241, -0.791092], [-77.540211, -0.789184], [-77.539858, -0.785965], [-77.535545, -0.78308], [-77.537698, -0.780723], [-77.536147, -0.778213], [-77.53778, -0.775354], [-77.535089, -0.771965], [-77.536699, -0.768274], [-77.534642, -0.764392], [-77.534815, -0.761604], [-77.531847, -0.760189], [-77.523856, -0.746078], [-77.524256, -0.743502], [-77.525766, -0.744385], [-77.528519, -0.743199], [-77.527881, -0.740628], [-77.522925, -0.736519], [-77.51943, -0.73027], [-77.516318, -0.73021], [-77.514095, -0.72844], [-77.511367, -0.724331], [-77.510459, -0.719657], [-77.505345, -0.715235], [-77.496951, -0.701814], [-77.500436, -0.698276], [-77.502254, -0.698435], [-77.503502, -0.694631], [-77.514457, -0.686593], [-77.519182, -0.679824], [-77.519318, -0.675887], [-77.525179, -0.669494], [-77.527951, -0.654912], [-77.522772, -0.649952], [-77.526366, -0.647922], [-77.528028, -0.643047], [-77.531375, -0.642296], [-77.530842, -0.640097], [-77.532671, -0.639131], [-77.534257, -0.631561], [-77.531565, -0.628534], [-77.532515, -0.624897], [-77.537348, -0.623367], [-77.540103, -0.61906], [-77.549626, -0.620367], [-77.557882, -0.618745], [-77.560187, -0.614625], [-77.569053, -0.609626], [-77.576127, -0.612843], [-77.580389, -0.60968], [-77.581126, -0.601537], [-77.588144, -0.595302], [-77.586829, -0.589822], [-77.590725, -0.584616], [-77.590485, -0.57387], [-77.592835, -0.573563], [-77.596956, -0.565386], [-77.605067, -0.560105], [-77.612891, -0.564408], [-77.619653, -0.561291], [-77.622582, -0.557598], [-77.624152, -0.551408], [-77.628095, -0.547802], [-77.628691, -0.543477], [-77.619599, -0.533844], [-77.614925, -0.525075], [-77.609802, -0.520465], [-77.601652, -0.519133], [-77.598786, -0.515767], [-77.594453, -0.514956], [-77.586747, -0.507263], [-77.582259, -0.506024], [-77.579269, -0.502055], [-77.569634, -0.499751], [-77.564686, -0.496346], [-77.563458, -0.497942], [-77.559414, -0.494864], [-77.562168, -0.491304], [-77.561681, -0.489205], [-77.564118, -0.488965], [-77.563655, -0.486885], [-77.567406, -0.485591], [-77.566225, -0.47607], [-77.568851, -0.471085], [-77.568262, -0.468366], [-77.571044, -0.465815], [-77.571366, -0.46118], [-77.561945, -0.455475], [-77.547237, -0.452716], [-77.54232, -0.460249], [-77.536164, -0.462082], [-77.534932, -0.467518], [-77.52846, -0.476204], [-77.518275, -0.477447], [-77.516517, -0.482345], [-77.512211, -0.48627], [-77.50768, -0.488733], [-77.50662, -0.487923], [-77.500633, -0.489516], [-77.498784, -0.491921], [-77.491441, -0.492579], [-77.487583, -0.49745], [-77.485348, -0.496323], [-77.479901, -0.496726], [-77.473944, -0.501854], [-77.461367, -0.505912], [-77.461187, -0.508146], [-77.455575, -0.511787], [-77.452888, -0.511177], [-77.448367, -0.514121], [-77.447132, -0.512536], [-77.444609, -0.513677], [-77.440376, -0.512108], [-77.432256, -0.521319], [-77.428652, -0.522053], [-77.428207, -0.518932], [-77.424725, -0.517405], [-77.424747, -0.515359], [-77.421484, -0.51411], [-77.420802, -0.510999], [-77.418044, -0.509324], [-77.417652, -0.504479], [-77.413629, -0.503742], [-77.411506, -0.500562], [-77.408206, -0.500789], [-77.406235, -0.498502], [-77.39066, -0.494781], [-77.390538, -0.491441], [-77.386747, -0.486895], [-77.385011, -0.481681], [-77.384005, -0.476357], [-77.385042, -0.467994], [-77.382295, -0.462477], [-77.37824, -0.463639], [-77.37481, -0.462133], [-77.370529, -0.455858], [-77.373167, -0.451372], [-77.369391, -0.448556], [-77.370152, -0.443927], [-77.36744, -0.442076], [-77.362133, -0.442217], [-77.362686, -0.440504], [-77.365145, -0.439936], [-77.367729, -0.434659], [-77.364951, -0.428756], [-77.360087, -0.428253], [-77.357464, -0.425643], [-77.35683, -0.421577], [-77.352653, -0.41943], [-77.343635, -0.420284], [-77.33136, -0.425524], [-77.326839, -0.423979], [-77.326189, -0.421868], [-77.328271, -0.421251], [-77.327722, -0.416966], [-77.325325, -0.414976], [-77.326596, -0.411342], [-77.32513, -0.410823], [-77.325264, -0.407477], [-77.322308, -0.405529], [-77.325763, -0.402886], [-77.32447, -0.399683], [-77.326959, -0.40043], [-77.328015, -0.39825], [-77.326935, -0.393292], [-77.325546, -0.392885], [-77.326793, -0.377334], [-77.329175, -0.37694], [-77.334141, -0.370264], [-77.324066, -0.370263], [-77.31547, -0.354993], [-77.310421, -0.350782], [-77.308682, -0.353436], [-77.30647, -0.353806], [-77.301606, -0.346223], [-77.297703, -0.3363], [-77.296335, -0.339275], [-77.294756, -0.338711], [-77.288992, -0.342112], [-77.286807, -0.340996], [-77.28578, -0.342467], [-77.282062, -0.340276], [-77.280712, -0.341481], [-77.277251, -0.341103], [-77.277336, -0.340043], [-77.276292, -0.340865], [-77.277087, -0.339282], [-77.27501, -0.337491], [-77.275765, -0.333706], [-77.274454, -0.332423], [-77.275856, -0.330164], [-77.267065, -0.32369], [-77.266156, -0.320693], [-77.269338, -0.314547], [-77.265725, -0.312891], [-77.267471, -0.309758], [-77.261475, -0.311586], [-77.261637, -0.309225], [-77.256374, -0.308265], [-77.256085, -0.306272], [-77.257784, -0.299004], [-77.257046, -0.293857], [-77.259749, -0.292315], [-77.259219, -0.290905], [-77.261094, -0.290963], [-77.260143, -0.288835], [-77.262015, -0.287366], [-77.26236, -0.284796], [-77.258113, -0.281763], [-77.259608, -0.278013], [-77.25687, -0.270159], [-77.255397, -0.270901], [-77.253573, -0.269631], [-77.256514, -0.26761], [-77.25915, -0.268925], [-77.262236, -0.268403], [-77.262954, -0.265595], [-77.26775, -0.262329], [-77.272144, -0.263232], [-77.274709, -0.261638], [-77.274619, -0.259403], [-77.270282, -0.254252], [-77.265819, -0.254698], [-77.265217, -0.246595], [-77.262603, -0.245087], [-77.260536, -0.238525], [-77.262696, -0.236329], [-77.266198, -0.240218], [-77.268901, -0.239228], [-77.268463, -0.236105], [-77.274694, -0.226384], [-77.275075, -0.219603], [-77.277716, -0.218751], [-77.275773, -0.217012], [-77.276832, -0.214212], [-77.280776, -0.213184], [-77.280086, -0.209718], [-77.282606, -0.209957], [-77.283242, -0.20776], [-77.286206, -0.205827], [-77.289439, -0.205917], [-77.292677, -0.203615], [-77.297756, -0.204917], [-77.298474, -0.203897], [-77.297059, -0.194571], [-77.298429, -0.189894], [-77.297092, -0.190744], [-77.295499, -0.189669], [-77.297364, -0.18815], [-77.297443, -0.18574], [-77.299056, -0.18739], [-77.298032, -0.184783], [-77.29937, -0.184994], [-77.29972, -0.182582], [-77.297039, -0.180891], [-77.299632, -0.179595], [-77.295562, -0.175684], [-77.296948, -0.17333], [-77.29539, -0.171583], [-77.295901, -0.166667], [-77.29923, -0.164977], [-77.291909, -0.155226], [-77.297636, -0.151003], [-77.296956, -0.145438], [-77.292332, -0.139412], [-77.288954, -0.139859], [-77.288492, -0.138458], [-77.284956, -0.13738], [-77.284238, -0.138917], [-77.283307, -0.137301], [-77.281547, -0.140265], [-77.281451, -0.138506], [-77.280236, -0.138868], [-77.278444, -0.136666], [-77.280755, -0.134742], [-77.279731, -0.130581], [-77.281851, -0.130512], [-77.282326, -0.127511], [-77.285963, -0.123706], [-77.286132, -0.103399], [-77.288685, -0.101205], [-77.291274, -0.094546], [-77.296071, -0.089645], [-77.294334, -0.078177], [-77.296292, -0.075446], [-77.300467, -0.074492], [-77.301638, -0.071812], [-77.294394, -0.070326], [-77.296379, -0.068017], [-77.29911, -0.059376], [-77.304975, -0.059376], [-77.305674, -0.055671], [-77.30351, -0.05216], [-77.293856, -0.048889], [-77.290057, -0.045213], [-77.278649, -0.045414], [-77.271056, -0.058408], [-77.266192, -0.059936], [-77.259619, -0.06531], [-77.251813, -0.065668], [-77.245074, -0.072427], [-77.239768, -0.072136], [-77.232337, -0.078126], [-77.22808, -0.077954], [-77.222002, -0.081722], [-77.2104, -0.084014], [-77.208748, -0.08731], [-77.208932, -0.094332], [-77.203779, -0.098946], [-77.200049, -0.098788], [-77.194954, -0.094531], [-77.1899, -0.097311], [-77.172121, -0.098169], [-77.169672, -0.099], [-77.167238, -0.102467], [-77.162435, -0.102183], [-77.162435, -0.084252], [-77.155535, -0.087757], [-77.14489, -0.086981], [-77.128109, -0.092185], [-77.123516, -0.09177], [-77.119308, -0.093416], [-77.117577, -0.096705], [-77.110887, -0.098197], [-77.107193, -0.100968], [-77.107078, -0.102902], [-77.100488, -0.106761], [-77.099958, -0.108968], [-77.095249, -0.111472], [-77.08628, -0.110403], [-77.082266, -0.108529], [-77.077955, -0.108994], [-77.068208, -0.11317], [-77.060222, -0.113638], [-77.053443, -0.113765], [-77.0424, -0.107068], [-77.02952, -0.106], [-77.026055, -0.102825], [-77.025306, -0.103781], [-77.024727, -0.101589], [-77.022623, -0.102487], [-77.022476, -0.100715], [-77.016455, -0.099715], [-77.012129, -0.092608], [-77.004968, -0.086898], [-76.999743, -0.084857], [-76.997922, -0.081547], [-76.995439, -0.082675], [-76.98957, -0.080843], [-76.987767, -0.081961], [-76.984437, -0.079685], [-76.979336, -0.071482], [-76.970867, -0.070737], [-76.9645, -0.065272], [-76.954654, -0.063155], [-76.951723, -0.063887], [-76.951667, -0.062549], [-76.950017, -0.064277], [-76.947791, -0.062914], [-76.946047, -0.064572], [-76.940547, -0.059792], [-76.939447, -0.060974], [-76.939102, -0.059627], [-76.933741, -0.059113], [-76.933725, -0.085938], [-76.928779, -0.08165], [-76.921558, -0.081056], [-76.90917, -0.082051], [-76.908586, -0.083447], [-76.905001, -0.084281], [-76.904442, -0.09633], [-76.901817, -0.108673], [-76.895973, -0.108549], [-76.892893, -0.11184], [-76.893087, -0.117122], [-76.889653, -0.116937], [-76.888419, -0.120208], [-76.884761, -0.120527], [-76.880268, -0.124451], [-76.87855, -0.12383], [-76.875289, -0.127673], [-76.876397, -0.130497], [-76.873841, -0.134653], [-76.874208, -0.136876], [-76.868093, -0.141876], [-76.869413, -0.143643], [-76.867638, -0.144611], [-76.866994, -0.148643], [-76.86464, -0.149219], [-76.863585, -0.147529], [-76.862526, -0.148778], [-76.863666, -0.150064], [-76.862434, -0.154483], [-76.86099, -0.154713], [-76.860593, -0.157205], [-76.85683, -0.161891], [-76.857519, -0.163042], [-76.854727, -0.168895], [-76.853097, -0.168329], [-76.850667, -0.17458], [-76.846943, -0.176499], [-76.84704, -0.179306], [-76.844727, -0.182053], [-76.840924, -0.18228], [-76.841129, -0.183748], [-76.836382, -0.188057], [-76.831223, -0.188976], [-76.829208, -0.193626], [-76.830154, -0.195054], [-76.828405, -0.194844], [-76.827148, -0.196432], [-76.827821, -0.200589], [-76.82638, -0.200574], [-76.825746, -0.202928], [-76.823424, -0.202418], [-76.824462, -0.203914], [-76.822223, -0.204196], [-76.818131, -0.209571], [-76.813044, -0.211979], [-76.811466, -0.215672], [-76.812116, -0.217195], [-76.807354, -0.21947], [-76.806511, -0.225058], [-76.803669, -0.227646], [-76.801289, -0.234242], [-76.79849, -0.234986], [-76.796204, -0.237742], [-76.795333, -0.236846], [-76.79274, -0.237994], [-76.789923, -0.242504], [-76.787505, -0.243381], [-76.785273, -0.248564], [-76.783553, -0.247752], [-76.782347, -0.249395], [-76.780333, -0.247851], [-76.780363, -0.249584], [-76.777559, -0.249817], [-76.77795, -0.251108], [-76.777006, -0.250359], [-76.77603, -0.251498], [-76.776678, -0.253449], [-76.772413, -0.254999], [-76.77248, -0.256441], [-76.768129, -0.255973], [-76.767394, -0.257321], [-76.765593, -0.255532], [-76.766428, -0.257367], [-76.762144, -0.260733], [-76.763428, -0.261419], [-76.762681, -0.263293], [-76.763804, -0.265388], [-76.761644, -0.26635], [-76.763286, -0.267117], [-76.761737, -0.267572], [-76.760795, -0.270076], [-76.762118, -0.270206], [-76.760761, -0.271423], [-76.762584, -0.271118], [-76.761403, -0.272774], [-76.764263, -0.27323], [-76.762453, -0.27408], [-76.762778, -0.27635], [-76.76411, -0.280259], [-76.765691, -0.280182], [-76.764231, -0.281696], [-76.762879, -0.281202], [-76.763408, -0.282953], [-76.761389, -0.282052], [-76.759096, -0.283738], [-76.759439, -0.286138], [-76.758095, -0.286591], [-76.758699, -0.284987], [-76.757038, -0.285222], [-76.75614, -0.28695], [-76.752658, -0.287568], [-76.751062, -0.292283], [-76.752203, -0.292487], [-76.750706, -0.293008], [-76.75241, -0.294843], [-76.751772, -0.297664], [-76.753044, -0.299481], [-76.751337, -0.301823], [-76.750087, -0.301436], [-76.750234, -0.303778], [-76.748895, -0.303199], [-76.747951, -0.305311], [-76.745911, -0.303403], [-76.746529, -0.306482], [-76.744549, -0.307317], [-76.745562, -0.308451], [-76.744456, -0.311941], [-76.739196, -0.312684], [-76.740134, -0.313947], [-76.736392, -0.320359], [-76.73224, -0.321352], [-76.730116, -0.323945], [-76.729403, -0.322933], [-76.727588, -0.326158], [-76.728218, -0.327587], [-76.72563, -0.327937], [-76.72605, -0.330091], [-76.722566, -0.333097], [-76.724168, -0.33441], [-76.722116, -0.335995], [-76.719908, -0.335542], [-76.720834, -0.336607], [-76.719368, -0.337322], [-76.719895, -0.339002], [-76.723507, -0.338366], [-76.723069, -0.34127], [-76.724798, -0.343486], [-76.727744, -0.342514], [-76.727142, -0.346471], [-76.724608, -0.346856], [-76.72167, -0.350002], [-76.716305, -0.349039], [-76.715981, -0.350759], [-76.714234, -0.349699], [-76.713249, -0.351779], [-76.708285, -0.35057], [-76.707584, -0.352132], [-76.707139, -0.350109], [-76.705336, -0.352532], [-76.7042, -0.350988], [-76.701793, -0.351928], [-76.702101, -0.353766], [-76.700502, -0.353582], [-76.697186, -0.358208], [-76.697535, -0.360332], [-76.69548, -0.35977], [-76.696211, -0.361112], [-76.694479, -0.362824], [-76.692798, -0.362064], [-76.691113, -0.36438], [-76.689435, -0.364074], [-76.68759, -0.371178], [-76.685692, -0.370022], [-76.685892, -0.371174], [-76.676995, -0.374384], [-76.673415, -0.373454], [-76.673679, -0.37484], [-76.670026, -0.375331], [-76.670032, -0.37724], [-76.668239, -0.377391], [-76.667939, -0.378911], [-76.669402, -0.379568], [-76.665125, -0.383], [-76.66538, -0.384315], [-76.6633, -0.384281], [-76.664624, -0.385707], [-76.661394, -0.386087], [-76.662023, -0.387297], [-76.659233, -0.388416], [-76.659339, -0.390231], [-76.651025, -0.393177], [-76.645418, -0.391128], [-76.644251, -0.393684], [-76.638364, -0.396576], [-76.638532, -0.397836], [-76.636155, -0.397996], [-76.633371, -0.404434], [-76.639692, -0.41171], [-76.638923, -0.413482], [-76.640685, -0.414396], [-76.639148, -0.41645], [-76.640406, -0.418421], [-76.637345, -0.420133], [-76.635504, -0.423209], [-76.634073, -0.422868], [-76.632955, -0.426493], [-76.630314, -0.426355], [-76.627354, -0.42927], [-76.611809, -0.427533], [-76.607245, -0.425754], [-76.595154, -0.425314], [-76.587997, -0.418434], [-76.582001, -0.415042], [-76.564817, -0.409233], [-76.556851, -0.409944], [-76.551089, -0.41302], [-76.543261, -0.420533], [-76.53963, -0.428334], [-76.533225, -0.436421], [-76.529455, -0.438137], [-76.516582, -0.439346], [-76.506979, -0.443707], [-76.501571, -0.449503], [-76.492672, -0.465032], [-76.480433, -0.476264], [-76.476092, -0.482203], [-76.468977, -0.487352], [-76.460088, -0.488563], [-76.434654, -0.485046], [-76.420897, -0.487056], [-76.403981, -0.49945], [-76.392833, -0.517188], [-76.387203, -0.51992], [-76.36977, -0.518293], [-76.356637, -0.50818], [-76.346821, -0.494575], [-76.33346, -0.485618], [-76.303462, -0.480588], [-76.299055, -0.478724], [-76.281787, -0.468334], [-76.270887, -0.45381], [-76.262563, -0.449578], [-76.247152, -0.448423], [-76.229862, -0.450473], [-76.173343, -0.441161], [-76.15253, -0.44275], [-76.139277, -0.448867], [-76.129268, -0.451493], [-76.120627, -0.449198], [-76.104768, -0.441688], [-76.093569, -0.439849], [-76.088337, -0.440418], [-76.082853, -0.442266], [-76.077409, -0.448917], [-76.07329, -0.46255], [-76.072659, -0.480177], [-76.070075, -0.487816], [-76.06061, -0.50511], [-76.051009, -0.513104], [-76.035678, -0.522823], [-76.0133, -0.532252], [-75.99993, -0.54721]]]]}}, {"type": "Feature", "id": "ISLA", "properties": {"codigo": "ISLA", "nombre": "ISLA", "centroide_lon": -81.06903, "centroide_lat": -1.27359}, "geometry": {"type": "MultiPolygon", "coordinates": [[[[-80.890091, -2.340794], [-80.890181, -2.340523], [-80.889911, -2.33998], [-80.889506, -2.34093], [-80.890091, -2.340794]]], [[[-80.890491, -2.340145], [-80.89062, -2.340139], [-80.890684, -2.340028], [-80.890318, -2.340135], [-80.890491, -2.340145]]], [[[-80.835803, -1.67815], [-80.836117, -1.677788], [-80.836072, -1.677381], [-80.835803, -1.677788], [-80.835803, -1.67815]]], [[[-80.835848, -1.676929], [-80.836387, -1.677381], [-80.836927, -1.676476], [-80.836072, -1.676114], [-80.835848, -1.676929]]], [[[-80.855852, -1.601246], [-80.856077, -1.601246], [-80.856032, -1.600884], [-80.855807, -1.601065], [-80.855852, -1.601246]]], [[[-80.869068, -1.590887], [-80.859988, -1.595049], [-80.861066, -1.597989], [-80.864348, -1.599437], [-80.866146, -1.602468], [-80.868124, -1.601653], [-80.866686, -1.599527], [-80.867495, -1.598622], [-80.870731, -1.599799], [-80.87217, -1.598668], [-80.870821, -1.597491], [-80.87217, -1.596858], [-80.870911, -1.593737], [-80.8719, -1.59238], [-80.869068, -1.590887]]], [[[-80.843176, -1.567159], [-80.842996, -1.566775], [-80.842501, -1.566956], [-80.842636, -1.567363], [-80.843176, -1.567159]]], [[[-80.842187, -1.56587], [-80.842142, -1.565644], [-80.841782, -1.565847], [-80.841917, -1.565915], [-80.842187, -1.56587]]], [[[-81.059312, -1.288572], [-81.059986, -1.288934], [-81.060975, -1.287984], [-81.060256, -1.287939], [-81.059312, -1.288572]]], [[[-81.049567, -1.284997], [-81.049388, -1.28563], [-81.049882, -1.285675], [-81.049882, -1.284409], [-81.049567, -1.284997]]], [[[-81.067896, -1.283687], [-81.067762, -1.284094], [-81.068391, -1.28337], [-81.068166, -1.283506], [-81.067896, -1.283687]]], [[[-81.084376, -1.282872], [-81.084871, -1.283189], [-81.084287, -1.281786], [-81.084017, -1.282058], [-81.084376, -1.282872]]], [[[-81.082623, -1.281334], [-81.082938, -1.281786], [-81.082758, -1.280746], [-81.082803, -1.281198], [-81.082623, -1.281334]]], [[[-81.07251, -1.25953], [-81.071117, -1.261973], [-81.067161, -1.263014], [-81.064914, -1.269302], [-81.057499, -1.273147], [-81.057723, -1.276721], [-81.05633, -1.277037], [-81.054712, -1.280882], [-81.050892, -1.282918], [-81.050263, -1.285316], [-81.054083, -1.285089], [-81.059791, -1.288075], [-81.059836, -1.285315], [-81.061769, -1.282963], [-81.064241, -1.28242], [-81.067162, -1.283822], [-81.073184, -1.277534], [-81.075432, -1.278258], [-81.078083, -1.276494], [-81.083117, -1.280067], [-81.084106, -1.272784], [-81.08078, -1.269889], [-81.081499, -1.268894], [-81.079611, -1.268713], [-81.080555, -1.267266], [-81.079701, -1.2629], [-81.075386, -1.25858], [-81.07251, -1.25953]]], [[[-80.914391, -1.057916], [-80.914076, -1.058323], [-80.914256, -1.058549], [-80.91457, -1.058006], [-80.914391, -1.057916]]], [[[-80.912953, -1.058187], [-80.912908, -1.058051], [-80.912729, -1.058006], [-80.912729, -1.058323], [-80.912953, -1.058187]]], [[[-80.241057, -3.320903], [-80.239445, -3.321987], [-80.244296, -3.321584], [-80.24398, -3.323926], [-80.247031, -3.323431], [-80.244469, -3.320046], [-80.241057, -3.320903]]], [[[-80.258798, -3.320093], [-80.255297, -3.319819], [-80.254756, -3.321221], [-80.258843, -3.320274], [-80.258572, -3.322164], [-80.260463, -3.32099], [-80.259429, -3.319098], [-80.258798, -3.320093]]], [[[-80.441573, -3.177549], [-80.441933, -3.177232], [-80.441034, -3.176915], [-80.441168, -3.177232], [-80.441573, -3.177549]]], [[[-80.439316, -3.175087], [-80.439226, -3.175132], [-80.439315, -3.175268], [-80.439406, -3.175178], [-80.439316, -3.175087]]], [[[-80.434152, -3.17076], [-80.434151, -3.172931], [-80.43928, -3.174969], [-80.437257, -3.171395], [-80.434152, -3.17076]]], [[[-80.80937, -1.500543], [-80.810179, -1.50086], [-80.810404, -1.499277], [-80.81, -1.500046], [-80.80937, -1.500543]]], [[[-80.793457, -1.482492], [-80.793457, -1.482809], [-80.793771, -1.482583], [-80.793682, -1.482357], [-80.793457, -1.482492]]], [[[-80.783881, -1.474756], [-80.784151, -1.475525], [-80.784915, -1.475435], [-80.784691, -1.473942], [-80.783881, -1.474756]]], [[[-80.771068, -1.405788], [-80.771385, -1.405853], [-80.77152, -1.405627], [-80.77125, -1.405491], [-80.771068, -1.405788]]], [[[-80.759337, -1.376671], [-80.758753, -1.377305], [-80.759427, -1.378843], [-80.762349, -1.377621], [-80.759337, -1.376671]]], [[[-80.326117, -0.171915], [-80.32655, -0.171914], [-80.326728, -0.171814], [-80.326584, -0.171747], [-80.326117, -0.171915]]], [[[-80.325789, -0.171483], [-80.325998, -0.171787], [-80.326343, -0.171217], [-80.32576, -0.171074], [-80.325789, -0.171483]]], [[[-80.055019, 0.440345], [-80.053043, 0.437767], [-80.05421, 0.434421], [-80.053088, 0.434738], [-80.052459, 0.422619], [-80.050438, 0.421489], [-80.050078, 0.418821], [-80.048551, 0.420359], [-80.047653, 0.419499], [-80.049629, 0.416605], [-80.053447, 0.414978], [-80.057534, 0.417103], [-80.061038, 0.423162], [-80.06243, 0.433879], [-80.060993, 0.447353], [-80.058702, 0.452463], [-80.055199, 0.454724], [-80.054076, 0.454226], [-80.055064, 0.449931], [-80.057265, 0.44871], [-80.056187, 0.447082], [-80.058343, 0.445861], [-80.055019, 0.440345]]], [[[-80.060544, 0.815674], [-80.060604, 0.815936], [-80.060404, 0.815996], [-80.060354, 0.815865], [-80.060544, 0.815674]]], [[[-80.052918, 0.823468], [-80.052938, 0.823337], [-80.053058, 0.823357], [-80.052988, 0.823514], [-80.052918, 0.823468]]], [[[-80.053078, 0.823519], [-80.053178, 0.823499], [-80.053188, 0.823569], [-80.053078, 0.823594], [-80.053078, 0.823519]]], [[[-80.001656, -3.23888], [-80.001115, -3.240634], [-80.001429, -3.241223], [-80.002512, -3.238474], [-80.001656, -3.23888]]], [[[-80.039523, 0.400463], [-80.040107, 0.399061], [-80.045856, 0.402678], [-80.054076, 0.398519], [-80.052189, 0.400734], [-80.044149, 0.403809], [-80.041185, 0.400418], [-80.039523, 0.400463]]], [[[-80.039927, 0.404306], [-80.040287, 0.404397], [-80.04114, 0.40503], [-80.040017, 0.404985], [-80.039927, 0.404306]]], [[[-79.87961, 0.872224], [-79.87952, 0.872314], [-79.879475, 0.871997], [-79.87961, 0.871997], [-79.87961, 0.872224]]], [[[-79.8797, 0.872902], [-79.879071, 0.872766], [-79.879116, 0.872404], [-79.87943, 0.872404], [-79.8797, 0.872902]]], [[[-78.979775, 1.297566], [-78.97883, 1.299825], [-78.977977, 1.300412], [-78.980406, 1.29526], [-78.979775, 1.297566]]], [[[-78.973887, 1.302941], [-78.974741, 1.301766], [-78.976269, 1.301225], [-78.972853, 1.304386], [-78.973887, 1.302941]]], [[[-78.963772, 1.313963], [-78.967142, 1.312067], [-78.9684, 1.312113], [-78.966556, 1.314508], [-78.961345, 1.315362], [-78.963772, 1.313963]]], [[[-78.965432, 1.315592], [-78.966511, 1.315502], [-78.964444, 1.316405], [-78.964489, 1.315953], [-78.965432, 1.315592]]], [[[-78.962107, 1.317126], [-78.961614, 1.316809], [-78.96386, 1.316133], [-78.963545, 1.316721], [-78.962107, 1.317126]]], [[[-78.961027, 1.319973], [-78.963005, 1.31776], [-78.965027, 1.317581], [-78.962014, 1.321376], [-78.959004, 1.322232], [-78.961027, 1.319973]]], [[[-78.908238, 1.387151], [-78.910618, 1.387786], [-78.910797, 1.388012], [-78.908372, 1.387648], [-78.908238, 1.387151]]], [[[-78.897166, 1.447962], [-78.898406, 1.443292], [-78.896967, 1.442881], [-78.898814, 1.441491], [-78.898207, 1.446348], [-78.896486, 1.449596], [-78.895918, 1.448534], [-78.897166, 1.447962]]], [[[-78.891362, 1.44737], [-78.890691, 1.447169], [-78.890593, 1.44704], [-78.891068, 1.446953], [-78.891362, 1.44737]]]]}}, {"type": "Feature", "id": "ZAMORA CHINCHIPE", "properties": {"codigo": "19", "nombre": "ZAMORA CHINCHIPE", "centroide_lon": -78.90392, "centroide_lat": -4.17085}, "geometry": {"type": "MultiPolygon", "coordinates": [[[[-79.074359, -4.97045], [-79.077915, -4.96995], [-79.084611, -4.973039], [-79.095356, -4.972776], [-79.099454, -4.974999], [-79.100485, -4.978242], [-79.104104, -4.975254], [-79.104243, -4.977394], [-79.108218, -4.975992], [-79.109453, -4.978682], [-79.114425, -4.976428], [-79.115658, -4.977861], [-79.123195, -4.974941], [-79.12546, -4.975602], [-79.128414, -4.972453], [-79.135633, -4.97023], [-79.142201, -4.964451], [-79.145859, -4.966103], [-79.146711, -4.964587], [-79.150915, -4.963278], [-79.152861, -4.964683], [-79.15454, -4.962588], [-79.157809, -4.964638], [-79.166232, -4.963722], [-79.167952, -4.966351], [-79.17002, -4.965097], [-79.170011, -4.961801], [-79.171981, -4.963099], [-79.174798, -4.961853], [-79.177533, -4.962985], [-79.177254, -4.959611], [-79.196981, -4.964115], [-79.202186, -4.964514], [-79.208851, -4.962453], [-79.212516, -4.967052], [-79.222658, -4.964001], [-79.246283, -4.965112], [-79.261044, -4.967927], [-79.265557, -4.966881], [-79.274804, -4.954338], [-79.281346, -4.949488], [-79.290774, -4.938683], [-79.291542, -4.931111], [-79.294975, -4.929764], [-79.295457, -4.92652], [-79.299625, -4.921245], [-79.3015, -4.913734], [-79.300072, -4.911621], [-79.305847, -4.902826], [-79.306266, -4.898505], [-79.310628, -4.897401], [-79.311636, -4.900759], [-79.320151, -4.900645], [-79.32281, -4.895741], [-79.33107, -4.891534], [-79.332583, -4.887906], [-79.331863, -4.885499], [-79.333929, -4.883559], [-79.335163, -4.885218], [-79.337871, -4.884702], [-79.33882, -4.886867], [-79.343569, -4.88656], [-79.351977, -4.880416], [-79.352734, -4.872789], [-79.356023, -4.866555], [-79.355418, -4.864405], [-79.357912, -4.861522], [-79.361576, -4.851964], [-79.361236, -4.844077], [-79.369163, -4.833889], [-79.375619, -4.831735], [-79.391304, -4.83314], [-79.397952, -4.829385], [-79.39627, -4.825222], [-79.427661, -4.747295], [-79.424443, -4.746423], [-79.421466, -4.738077], [-79.418356, -4.733859], [-79.418833, -4.725246], [-79.415973, -4.724579], [-79.41257, -4.719346], [-79.411135, -4.721017], [-79.402603, -4.722385], [-79.39832, -4.718365], [-79.39986, -4.716723], [-79.399132, -4.713639], [-79.400699, -4.708398], [-79.392851, -4.694483], [-79.39648, -4.687995], [-79.394755, -4.678897], [-79.390429, -4.674745], [-79.389801, -4.670903], [-79.384992, -4.668832], [-79.381629, -4.664143], [-79.380718, -4.65698], [-79.378208, -4.657314], [-79.375888, -4.653752], [-79.37093, -4.655457], [-79.359257, -4.649496], [-79.356445, -4.641289], [-79.353544, -4.637801], [-79.353114, -4.625095], [-79.34105, -4.616782], [-79.333278, -4.606093], [-79.330795, -4.59739], [-79.33148, -4.586978], [-79.329417, -4.584838], [-79.327416, -4.577729], [-79.329167, -4.573442], [-79.329348, -4.567158], [-79.333926, -4.56268], [-79.333392, -4.559075], [-79.335316, -4.556046], [-79.335373, -4.550098], [-79.337263, -4.547294], [-79.334326, -4.541982], [-79.33248, -4.541206], [-79.327829, -4.53179], [-79.327281, -4.527427], [-79.32895, -4.521797], [-79.327236, -4.515741], [-79.327494, -4.509317], [-79.318706, -4.507862], [-79.315348, -4.510335], [-79.310495, -4.50344], [-79.303129, -4.499705], [-79.303523, -4.494627], [-79.296506, -4.492634], [-79.291421, -4.479089], [-79.286272, -4.477562], [-79.279851, -4.473132], [-79.271426, -4.473773], [-79.269193, -4.480343], [-79.263275, -4.488088], [-79.260912, -4.488093], [-79.255846, -4.484212], [-79.248288, -4.482602], [-79.238959, -4.486847], [-79.234213, -4.490893], [-79.232667, -4.489847], [-79.229136, -4.490503], [-79.224033, -4.492973], [-79.219674, -4.496827], [-79.220432, -4.504369], [-79.210647, -4.510924], [-79.208836, -4.510542], [-79.20818, -4.506502], [-79.205559, -4.505154], [-79.203046, -4.498968], [-79.199539, -4.498227], [-79.198146, -4.492589], [-79.200911, -4.485612], [-79.198241, -4.482197], [-79.189326, -4.474256], [-79.18609, -4.477447], [-79.181524, -4.478678], [-79.177014, -4.474719], [-79.171191, -4.47268], [-79.169675, -4.475573], [-79.166371, -4.47554], [-79.165523, -4.470085], [-79.160068, -4.459033], [-79.160897, -4.457045], [-79.159118, -4.451748], [-79.146655, -4.447817], [-79.14492, -4.445008], [-79.145848, -4.440265], [-79.141737, -4.432396], [-79.134509, -4.430788], [-79.131377, -4.427605], [-79.119944, -4.426126], [-79.118409, -4.424129], [-79.116207, -4.412746], [-79.111362, -4.406732], [-79.111974, -4.396867], [-79.115341, -4.390436], [-79.10936, -4.38016], [-79.111362, -4.368603], [-79.107345, -4.365191], [-79.108348, -4.363105], [-79.107419, -4.35871], [-79.111121, -4.356351], [-79.112043, -4.347748], [-79.115706, -4.34101], [-79.111262, -4.338441], [-79.108955, -4.33398], [-79.113094, -4.328975], [-79.113201, -4.319489], [-79.119918, -4.31298], [-79.121012, -4.308236], [-79.114501, -4.302268], [-79.112262, -4.296128], [-79.109031, -4.294173], [-79.106159, -4.289238], [-79.10842, -4.280679], [-79.11204, -4.277946], [-79.11473, -4.267402], [-79.107611, -4.264906], [-79.105807, -4.26012], [-79.105382, -4.252558], [-79.10749, -4.248725], [-79.105513, -4.243961], [-79.107344, -4.238578], [-79.106833, -4.228941], [-79.108982, -4.224644], [-79.100567, -4.20926], [-79.106569, -4.206505], [-79.104766, -4.195645], [-79.107937, -4.185015], [-79.111829, -4.181727], [-79.121376, -4.177414], [-79.125332, -4.17207], [-79.126128, -4.168077], [-79.134793, -4.161309], [-79.140173, -4.163457], [-79.143886, -4.163005], [-79.151016, -4.160462], [-79.155871, -4.15512], [-79.159974, -4.153312], [-79.157997, -4.1512], [-79.156984, -4.145446], [-79.157282, -4.139152], [-79.160124, -4.134077], [-79.157148, -4.128706], [-79.159114, -4.126574], [-79.159346, -4.121043], [-79.162739, -4.11485], [-79.160434, -4.099959], [-79.161122, -4.094595], [-79.156811, -4.088664], [-79.154282, -4.081829], [-79.155704, -4.075954], [-79.153566, -4.066719], [-79.144822, -4.061714], [-79.13991, -4.056611], [-79.14252, -4.049415], [-79.136388, -4.035818], [-79.137597, -4.032317], [-79.141015, -4.029963], [-79.146079, -4.017826], [-79.144526, -4.013548], [-79.144912, -4.001643], [-79.147844, -3.994917], [-79.146188, -3.991031], [-79.144562, -3.990808], [-79.145392, -3.989091], [-79.144295, -3.985779], [-79.145555, -3.984668], [-79.143807, -3.979654], [-79.144346, -3.975504], [-79.142948, -3.973536], [-79.149211, -3.967765], [-79.151463, -3.96374], [-79.147318, -3.959583], [-79.146379, -3.95418], [-79.139486, -3.949942], [-79.142965, -3.943073], [-79.14357, -3.939457], [-79.142097, -3.936661], [-79.145506, -3.933271], [-79.148614, -3.932837], [-79.147543, -3.930384], [-79.148322, -3.92521], [-79.145254, -3.922113], [-79.143188, -3.915995], [-79.144187, -3.911183], [-79.14341, -3.902577], [-79.136311, -3.898499], [-79.129102, -3.889791], [-79.132015, -3.884519], [-79.129573, -3.878157], [-79.136253, -3.863177], [-79.144516, -3.858094], [-79.145422, -3.856279], [-79.143333, -3.849315], [-79.140269, -3.847152], [-79.141231, -3.842532], [-79.13985, -3.839053], [-79.142333, -3.833606], [-79.143018, -3.822099], [-79.156991, -3.818472], [-79.156815, -3.816368], [-79.161093, -3.81081], [-79.160369, -3.804835], [-79.170254, -3.802163], [-79.173705, -3.796381], [-79.176639, -3.794244], [-79.175347, -3.784553], [-79.176604, -3.780629], [-79.1779, -3.780338], [-79.176917, -3.777315], [-79.179144, -3.773597], [-79.178075, -3.770557], [-79.179582, -3.768017], [-79.17899, -3.765594], [-79.183658, -3.760965], [-79.186094, -3.75491], [-79.190528, -3.752279], [-79.191026, -3.75013], [-79.189309, -3.74859], [-79.190173, -3.745719], [-79.194621, -3.740079], [-79.193398, -3.736369], [-79.191111, -3.735264], [-79.191933, -3.732017], [-79.195242, -3.73117], [-79.19614, -3.726027], [-79.194378, -3.722133], [-79.184297, -3.717804], [-79.183405, -3.714567], [-79.17905, -3.713984], [-79.17632, -3.711043], [-79.161472, -3.714967], [-79.16049, -3.707324], [-79.156678, -3.70419], [-79.158101, -3.69918], [-79.154912, -3.696701], [-79.154149, -3.692551], [-79.15538, -3.686253], [-79.154353, -3.685172], [-79.157982, -3.682613], [-79.156271, -3.67821], [-79.158315, -3.670988], [-79.157061, -3.668976], [-79.157673, -3.663082], [-79.146865, -3.659448], [-79.143508, -3.66542], [-79.141198, -3.666386], [-79.138365, -3.661489], [-79.13101, -3.660619], [-79.130086, -3.657594], [-79.123928, -3.654865], [-79.12038, -3.654846], [-79.12055, -3.653291], [-79.117274, -3.649284], [-79.1064, -3.647905], [-79.105547, -3.646145], [-79.107964, -3.639889], [-79.11107, -3.636808], [-79.109516, -3.632051], [-79.100573, -3.628786], [-79.096869, -3.625247], [-79.081296, -3.623105], [-79.07913, -3.620431], [-79.076873, -3.620993], [-79.072668, -3.618098], [-79.06911, -3.618098], [-79.067705, -3.617328], [-79.066684, -3.611329], [-79.057887, -3.61007], [-79.059058, -3.608099], [-79.057942, -3.606553], [-79.061734, -3.603643], [-79.057305, -3.601231], [-79.056277, -3.598543], [-79.059667, -3.59857], [-79.065585, -3.595608], [-79.068964, -3.590715], [-79.063763, -3.586958], [-79.05783, -3.58624], [-79.054569, -3.581242], [-79.044868, -3.576727], [-79.047006, -3.572747], [-79.050503, -3.574789], [-79.054551, -3.574786], [-79.056721, -3.572186], [-79.054986, -3.571772], [-79.049348, -3.561676], [-79.051922, -3.558874], [-79.04866, -3.556778], [-79.048598, -3.552911], [-79.046308, -3.552099], [-79.046082, -3.549443], [-79.051552, -3.547528], [-79.051638, -3.543961], [-79.05713, -3.540951], [-79.056043, -3.538071], [-79.057767, -3.536611], [-79.05638, -3.534189], [-79.057839, -3.531067], [-79.056656, -3.530413], [-79.061807, -3.528447], [-79.060774, -3.526926], [-79.061824, -3.524032], [-79.059675, -3.520958], [-79.062523, -3.51968], [-79.063882, -3.516807], [-79.067845, -3.513798], [-79.066153, -3.508435], [-79.067308, -3.502804], [-79.064538, -3.50092], [-79.062097, -3.501418], [-79.05865, -3.498528], [-79.054327, -3.488052], [-79.048486, -3.484947], [-79.047841, -3.482749], [-79.044271, -3.482167], [-79.045179, -3.478337], [-79.043579, -3.478391], [-79.042863, -3.472375], [-79.047901, -3.468369], [-79.04817, -3.464157], [-79.054113, -3.461755], [-79.056042, -3.459061], [-79.056392, -3.455301], [-79.054003, -3.454191], [-79.056763, -3.444738], [-79.060254, -3.441237], [-79.060886, -3.438236], [-79.063293, -3.436871], [-79.068846, -3.438078], [-79.065918, -3.434495], [-79.060364, -3.432412], [-79.057557, -3.42794], [-79.058385, -3.423438], [-79.056363, -3.418224], [-79.049635, -3.409799], [-79.049636, -3.407848], [-79.051928, -3.405676], [-79.05023, -3.404034], [-79.051644, -3.402183], [-79.051012, -3.399658], [-79.044049, -3.393336], [-79.035403, -3.390391], [-79.028674, -3.385115], [-79.03006, -3.380663], [-79.027554, -3.376653], [-79.024853, -3.37743], [-79.020682, -3.37407], [-79.01744, -3.373963], [-79.012858, -3.367074], [-79.004928, -3.366569], [-79.002291, -3.361693], [-78.995559, -3.360119], [-78.989757, -3.35346], [-78.983181, -3.352707], [-78.981245, -3.350126], [-78.978668, -3.351706], [-78.975665, -3.349668], [-78.969376, -3.353444], [-78.967263, -3.348701], [-78.961128, -3.346233], [-78.961648, -3.343406], [-78.951137, -3.343639], [-78.947267, -3.342167], [-78.942966, -3.343416], [-78.942866, -3.346433], [-78.940775, -3.349089], [-78.932929, -3.349124], [-78.930663, -3.35303], [-78.931927, -3.359328], [-78.927083, -3.361573], [-78.924763, -3.364847], [-78.921603, -3.36397], [-78.916175, -3.367059], [-78.914405, -3.377826], [-78.911737, -3.380925], [-78.905765, -3.382839], [-78.905856, -3.389626], [-78.901569, -3.394152], [-78.889739, -3.395539], [-78.881371, -3.401398], [-78.883078, -3.406277], [-78.88089, -3.414209], [-78.877686, -3.416544], [-78.874754, -3.421967], [-78.874887, -3.427278], [-78.877912, -3.42994], [-78.876248, -3.435123], [-78.878724, -3.437041], [-78.880659, -3.446951], [-78.878343, -3.448016], [-78.878216, -3.453823], [-78.873148, -3.455552], [-78.871665, -3.459174], [-78.868854, -3.459699], [-78.867055, -3.464849], [-78.867877, -3.484548], [-78.864387, -3.489136], [-78.870774, -3.494486], [-78.869656, -3.496618], [-78.870522, -3.502267], [-78.863218, -3.509607], [-78.862904, -3.511806], [-78.856152, -3.516102], [-78.850547, -3.515706], [-78.847862, -3.513204], [-78.84371, -3.516697], [-78.842406, -3.518498], [-78.844473, -3.522018], [-78.841153, -3.524631], [-78.840044, -3.532253], [-78.837384, -3.536078], [-78.834856, -3.545355], [-78.8318, -3.549369], [-78.820621, -3.544923], [-78.818638, -3.550636], [-78.786328, -3.550636], [-78.781619, -3.553977], [-78.781364, -3.555966], [-78.776275, -3.557938], [-78.773946, -3.562877], [-78.767783, -3.56109], [-78.757063, -3.565746], [-78.754676, -3.568738], [-78.74846, -3.566152], [-78.74581, -3.566465], [-78.738958, -3.562131], [-78.725105, -3.563984], [-78.722998, -3.561975], [-78.720785, -3.561966], [-78.719775, -3.564252], [-78.716368, -3.565198], [-78.71451, -3.571862], [-78.706128, -3.577916], [-78.70267, -3.577879], [-78.697068, -3.581176], [-78.695188, -3.580965], [-78.692822, -3.583963], [-78.684245, -3.58775], [-78.680485, -3.584121], [-78.681336, -3.578532], [-78.677872, -3.573765], [-78.676139, -3.566475], [-78.671107, -3.563357], [-78.671302, -3.559476], [-78.667253, -3.549637], [-78.658066, -3.546954], [-78.656901, -3.545304], [-78.651173, -3.544905], [-78.650861, -3.542809], [-78.64674, -3.54023], [-78.64567, -3.537375], [-78.638459, -3.539031], [-78.631199, -3.534329], [-78.627857, -3.533897], [-78.622461, -3.537985], [-78.614169, -3.537881], [-78.612981, -3.541806], [-78.602671, -3.545199], [-78.602243, -3.54709], [-78.596433, -3.547427], [-78.593253, -3.550001], [-78.590087, -3.549136], [-78.587258, -3.551273], [-78.580411, -3.548389], [-78.57701, -3.550726], [-78.567962, -3.545856], [-78.564836, -3.546679], [-78.564244, -3.543829], [-78.55994, -3.543657], [-78.558486, -3.541308], [-78.552955, -3.544792], [-78.550473, -3.540258], [-78.546236, -3.537856], [-78.534955, -3.537535], [-78.532692, -3.532083], [-78.535659, -3.530527], [-78.534809, -3.528186], [-78.530264, -3.529729], [-78.365142, -3.529274], [-78.365274, -3.531388], [-78.371424, -3.534978], [-78.369063, -3.539106], [-78.370309, -3.541708], [-78.376262, -3.543421], [-78.375357, -3.545336], [-78.377874, -3.547026], [-78.379958, -3.551421], [-78.382065, -3.551128], [-78.38818, -3.555266], [-78.392144, -3.560126], [-78.389954, -3.562093], [-78.387157, -3.561463], [-78.387614, -3.563023], [-78.384315, -3.567742], [-78.38779, -3.569217], [-78.387647, -3.573985], [-78.390562, -3.578225], [-78.389352, -3.580908], [-78.393531, -3.581395], [-78.393352, -3.584817], [-78.391169, -3.587432], [-78.394329, -3.590362], [-78.392778, -3.593571], [-78.39661, -3.595333], [-78.393351, -3.59834], [-78.392316, -3.603752], [-78.395776, -3.609969], [-78.39851, -3.611224], [-78.396545, -3.612975], [-78.395482, -3.617488], [-78.398389, -3.62149], [-78.397741, -3.624775], [-78.394749, -3.628291], [-78.394769, -3.631391], [-78.389629, -3.635782], [-78.387058, -3.6412], [-78.390013, -3.64361], [-78.393842, -3.644055], [-78.402144, -3.651388], [-78.400375, -3.654874], [-78.3962, -3.656966], [-78.39475, -3.659756], [-78.396336, -3.662236], [-78.395651, -3.66432], [-78.399476, -3.670151], [-78.394129, -3.672812], [-78.392938, -3.678089], [-78.39663, -3.682728], [-78.396385, -3.686921], [-78.399648, -3.688495], [-78.399872, -3.690216], [-78.40406, -3.688692], [-78.41207, -3.689808], [-78.416874, -3.685997], [-78.422427, -3.689888], [-78.423549, -3.692836], [-78.421387, -3.69921], [-78.423344, -3.701142], [-78.418302, -3.705364], [-78.418708, -3.713618], [-78.416478, -3.719372], [-78.421922, -3.724174], [-78.417547, -3.725674], [-78.413158, -3.731824], [-78.408528, -3.734611], [-78.409267, -3.7387], [-78.406109, -3.74413], [-78.409022, -3.754061], [-78.412467, -3.757463], [-78.417453, -3.767036], [-78.409988, -3.769967], [-78.408442, -3.772443], [-78.410142, -3.778178], [-78.408935, -3.781573], [-78.41215, -3.786326], [-78.411712, -3.78874], [-78.421501, -3.801562], [-78.428951, -3.807304], [-78.43234, -3.813352], [-78.43256, -3.817872], [-78.434756, -3.819882], [-78.44044, -3.819595], [-78.44644, -3.823888], [-78.457479, -3.828268], [-78.459434, -3.827096], [-78.464728, -3.827395], [-78.461483, -3.832343], [-78.459413, -3.833058], [-78.46176, -3.835759], [-78.459182, -3.837565], [-78.462026, -3.838969], [-78.464479, -3.844332], [-78.469331, -3.846509], [-78.469009, -3.848665], [-78.473474, -3.85372], [-78.473772, -3.857585], [-78.474894, -3.857406], [-78.477005, -3.866996], [-78.47895, -3.86817], [-78.478151, -3.871465], [-78.479671, -3.876117], [-78.478224, -3.876965], [-78.478727, -3.880149], [-78.477065, -3.8817], [-78.481333, -3.883999], [-78.482719, -3.891235], [-78.485815, -3.892246], [-78.484136, -3.897687], [-78.479723, -3.897598], [-78.480074, -3.903208], [-78.476875, -3.904859], [-78.476932, -3.907771], [-78.490217, -3.936171], [-78.495524, -3.933055], [-78.502167, -3.935033], [-78.507091, -3.933983], [-78.512591, -3.935028], [-78.51884, -3.937691], [-78.523989, -3.937322], [-78.528355, -3.943954], [-78.528925, -3.950056], [-78.537313, -3.960667], [-78.542691, -3.96511], [-78.541441, -3.971826], [-78.542737, -3.974818], [-78.549312, -3.975106], [-78.552995, -3.980159], [-78.560238, -3.98466], [-78.566635, -3.993287], [-78.565866, -3.998792], [-78.5621, -4.002611], [-78.564854, -4.006066], [-78.563711, -4.009185], [-78.56438, -4.014962], [-78.566034, -4.016128], [-78.564995, -4.023854], [-78.570407, -4.03786], [-78.56839, -4.040531], [-78.568334, -4.046582], [-78.56256, -4.050978], [-78.55764, -4.050438], [-78.55307, -4.053326], [-78.549254, -4.05814], [-78.548012, -4.063598], [-78.544197, -4.067362], [-78.540498, -4.06732], [-78.541411, -4.074961], [-78.545901, -4.077813], [-78.552654, -4.0868], [-78.557528, -4.088408], [-78.562, -4.101228], [-78.566745, -4.101214], [-78.568799, -4.103139], [-78.573736, -4.121647], [-78.576554, -4.123693], [-78.582649, -4.135981], [-78.580038, -4.143269], [-78.580906, -4.150644], [-78.575781, -4.162634], [-78.578744, -4.178688], [-78.577739, -4.196598], [-78.579926, -4.199895], [-78.590145, -4.203803], [-78.593299, -4.209121], [-78.598613, -4.209201], [-78.606625, -4.219811], [-78.608682, -4.227222], [-78.608556, -4.235829], [-78.601217, -4.252726], [-78.602647, -4.254875], [-78.602143, -4.258742], [-78.604514, -4.260641], [-78.605154, -4.263641], [-78.6109, -4.264801], [-78.610471, -4.272044], [-78.613874, -4.279207], [-78.613118, -4.283805], [-78.615601, -4.285895], [-78.613901, -4.289972], [-78.619516, -4.29437], [-78.639502, -4.305017], [-78.639663, -4.310816], [-78.641629, -4.3109], [-78.644637, -4.314301], [-78.646437, -4.321574], [-78.641657, -4.33296], [-78.646587, -4.335723], [-78.648886, -4.339546], [-78.644997, -4.349655], [-78.646533, -4.35257], [-78.650199, -4.353603], [-78.651208, -4.361944], [-78.643671, -4.367161], [-78.640761, -4.373889], [-78.636667, -4.390367], [-78.641743, -4.397407], [-78.640847, -4.40149], [-78.635327, -4.408086], [-78.633175, -4.415113], [-78.631739, -4.415808], [-78.623303, -4.416718], [-78.620854, -4.414466], [-78.608663, -4.41371], [-78.605467, -4.41057], [-78.602216, -4.410147], [-78.600277, -4.414], [-78.598846, -4.423114], [-78.603652, -4.431929], [-78.614949, -4.438423], [-78.62018, -4.437233], [-78.624202, -4.442759], [-78.623548, -4.449983], [-78.628228, -4.459186], [-78.632061, -4.461169], [-78.635417, -4.465192], [-78.633815, -4.474939], [-78.637302, -4.478014], [-78.638767, -4.483469], [-78.637392, -4.489685], [-78.639026, -4.492447], [-78.638874, -4.496221], [-78.634628, -4.501191], [-78.647006, -4.508406], [-78.650905, -4.516967], [-78.661521, -4.530074], [-78.663078, -4.538425], [-78.660029, -4.542375], [-78.659018, -4.548448], [-78.66074, -4.552979], [-78.656156, -4.563424], [-78.657593, -4.565847], [-78.662395, -4.568299], [-78.662871, -4.570784], [-78.66057, -4.578931], [-78.654064, -4.580479], [-78.653057, -4.585174], [-78.65419, -4.586273], [-78.661128, -4.586131], [-78.662487, -4.590278], [-78.667387, -4.593579], [-78.671286, -4.593893], [-78.674774, -4.592225], [-78.677829, -4.592958], [-78.68032, -4.595053], [-78.682079, -4.60028], [-78.696059, -4.6094], [-78.704371, -4.617551], [-78.706295, -4.624296], [-78.714336, -4.628286], [-78.728761, -4.625061], [-78.734883, -4.625218], [-78.739299, -4.629051], [-78.748776, -4.631796], [-78.757162, -4.628878], [-78.762536, -4.628917], [-78.765646, -4.630591], [-78.769503, -4.64006], [-78.775132, -4.642132], [-78.784104, -4.638758], [-78.786901, -4.640096], [-78.795903, -4.639726], [-78.803947, -4.636851], [-78.809524, -4.642013], [-78.815234, -4.641345], [-78.820683, -4.646855], [-78.831797, -4.648988], [-78.842212, -4.654528], [-78.850274, -4.665321], [-78.855309, -4.666678], [-78.856593, -4.671339], [-78.861643, -4.675169], [-78.864526, -4.684845], [-78.862916, -4.690113], [-78.869459, -4.697626], [-78.869558, -4.699879], [-78.880638, -4.707151], [-78.883069, -4.712371], [-78.888793, -4.715845], [-78.890728, -4.719663], [-78.89154, -4.729303], [-78.889293, -4.731311], [-78.888578, -4.751368], [-78.888851, -4.754414], [-78.891042, -4.756862], [-78.888757, -4.761338], [-78.889279, -4.763432], [-78.893478, -4.767862], [-78.895052, -4.772106], [-78.897771, -4.773399], [-78.902121, -4.77257], [-78.910246, -4.779393], [-78.91487, -4.780509], [-78.912279, -4.791117], [-78.90349, -4.794707], [-78.900692, -4.799871], [-78.893857, -4.804464], [-78.891559, -4.808287], [-78.896097, -4.812023], [-78.898492, -4.832604], [-78.903448, -4.839408], [-78.908312, -4.840192], [-78.911589, -4.842562], [-78.912447, -4.849371], [-78.911157, -4.855895], [-78.908856, -4.857809], [-78.907362, -4.862087], [-78.88985, -4.872556], [-78.890316, -4.881572], [-78.892314, -4.887243], [-78.902121, -4.887935], [-78.918381, -4.892563], [-78.934027, -4.89335], [-78.945541, -4.898012], [-78.954921, -4.893105], [-78.965388, -4.894421], [-78.968903, -4.893123], [-78.974353, -4.896409], [-78.974802, -4.900092], [-78.976929, -4.902304], [-78.981317, -4.925149], [-78.986031, -4.934918], [-78.984032, -4.942262], [-78.987047, -4.94479], [-78.987875, -4.95312], [-78.991966, -4.956036], [-78.993491, -4.959078], [-78.993476, -4.961321], [-78.991035, -4.963011], [-78.991311, -4.965857], [-78.992996, -4.966508], [-78.995457, -4.973544], [-79.001757, -4.98258], [-79.004156, -4.984106], [-79.00509, -4.991427], [-79.00382, -4.993711], [-79.005754, -4.997548], [-79.008398, -4.999351], [-79.009003, -5.004467], [-79.015255, -5.016153], [-79.017096, -5.012633], [-79.026492, -5.015164], [-79.034664, -5.013196], [-79.041768, -5.004696], [-79.04792, -5.000407], [-79.051151, -4.990888], [-79.055714, -4.987444], [-79.061021, -4.986055], [-79.067792, -4.990311], [-79.070777, -4.990211], [-79.071821, -4.984367], [-79.070904, -4.980046], [-79.074359, -4.97045]]]]}}, {"type": "Feature", "id": "NAPO", "properties": {"codigo": "15", "nombre": "NAPO", "centroide_lon": -77.82172, "centroide_lat": -0.65698}, "geometry": {"type": "MultiPolygon", "coordinates": [[[[-77.729176, -1.159575], [-77.731083, -1.161686], [-77.732509, -1.159975], [-77.740581, -1.161458], [-77.741521, -1.164395], [-77.747425, -1.167907], [-77.749821, -1.172161], [-77.754462, -1.175009], [-77.753282, -1.177086], [-77.754342, -1.178247], [-77.7672, -1.178173], [-77.771982, -1.182365], [-77.780812, -1.183303], [-77.786579, -1.192201], [-77.793445, -1.193093], [-77.79954, -1.198366], [-77.802398, -1.198503], [-77.806389, -1.202975], [-77.81701, -1.205207], [-77.825167, -1.203173], [-77.832081, -1.218178], [-77.841274, -1.218178], [-77.843875, -1.211693], [-77.845695, -1.21022], [-77.849661, -1.210677], [-77.850994, -1.206876], [-77.87478, -1.205759], [-77.874362, -1.203932], [-77.876918, -1.200343], [-77.879043, -1.199971], [-77.879611, -1.203898], [-77.882315, -1.207063], [-77.884541, -1.214704], [-77.889084, -1.222341], [-77.889193, -1.229218], [-77.88319, -1.234395], [-77.880961, -1.242688], [-77.882124, -1.244687], [-77.888311, -1.24489], [-77.894597, -1.242618], [-77.898593, -1.244332], [-77.903752, -1.241941], [-77.904863, -1.238787], [-77.908324, -1.236438], [-77.912348, -1.236824], [-77.916092, -1.234123], [-77.915584, -1.23137], [-77.918318, -1.229476], [-77.918911, -1.226683], [-77.923427, -1.224718], [-77.926649, -1.226455], [-77.932206, -1.224543], [-77.935924, -1.228321], [-77.938762, -1.227869], [-77.944759, -1.222615], [-77.94378, -1.216051], [-77.941264, -1.215241], [-77.94071, -1.213184], [-77.9435, -1.212068], [-77.94316, -1.209859], [-77.945307, -1.205875], [-77.950537, -1.205336], [-77.958279, -1.210429], [-77.963569, -1.211611], [-77.9661, -1.216497], [-77.967093, -1.224231], [-77.970537, -1.224867], [-77.972293, -1.223753], [-77.975759, -1.226131], [-77.979958, -1.223285], [-77.987206, -1.223791], [-77.989436, -1.225253], [-77.999098, -1.223883], [-78.004683, -1.220968], [-78.008751, -1.224114], [-78.01143, -1.222842], [-78.016264, -1.225505], [-78.018751, -1.229302], [-78.018926, -1.233355], [-78.023457, -1.236357], [-78.039547, -1.242678], [-78.043295, -1.242604], [-78.044818, -1.24699], [-78.046697, -1.246044], [-78.051435, -1.248816], [-78.052614, -1.245986], [-78.054237, -1.247005], [-78.058969, -1.243784], [-78.06082, -1.244817], [-78.061362, -1.243333], [-78.068232, -1.240388], [-78.071089, -1.235654], [-78.072666, -1.237392], [-78.075289, -1.237438], [-78.082748, -1.229782], [-78.085812, -1.232396], [-78.088059, -1.229477], [-78.090346, -1.229366], [-78.091993, -1.232686], [-78.094908, -1.230442], [-78.095314, -1.226118], [-78.098618, -1.226281], [-78.104024, -1.230759], [-78.11125, -1.233316], [-78.123757, -1.223069], [-78.121325, -1.219417], [-78.116288, -1.203104], [-78.117481, -1.2013], [-78.115096, -1.194479], [-78.116868, -1.188606], [-78.118365, -1.188318], [-78.122994, -1.192278], [-78.129457, -1.191526], [-78.134498, -1.182292], [-78.139967, -1.1828], [-78.142077, -1.184796], [-78.146658, -1.184753], [-78.15261, -1.179576], [-78.158753, -1.183379], [-78.165546, -1.184247], [-78.169837, -1.187703], [-78.177429, -1.187176], [-78.182926, -1.181807], [-78.188073, -1.182753], [-78.189836, -1.179442], [-78.187131, -1.176264], [-78.186294, -1.168172], [-78.187144, -1.163334], [-78.189433, -1.161823], [-78.190014, -1.158719], [-78.193211, -1.1583], [-78.194769, -1.15654], [-78.19937, -1.156625], [-78.207953, -1.145977], [-78.21244, -1.146735], [-78.219538, -1.141486], [-78.224553, -1.141381], [-78.225525, -1.142592], [-78.229164, -1.138941], [-78.23312, -1.14424], [-78.239759, -1.147799], [-78.246076, -1.15418], [-78.254684, -1.155264], [-78.259326, -1.153924], [-78.264205, -1.157028], [-78.265722, -1.148752], [-78.264517, -1.141052], [-78.266486, -1.139201], [-78.269783, -1.139173], [-78.274697, -1.144339], [-78.283665, -1.140989], [-78.286797, -1.144646], [-78.28786, -1.142473], [-78.292023, -1.142087], [-78.299291, -1.143695], [-78.302847, -1.146518], [-78.311331, -1.142846], [-78.317743, -1.149763], [-78.322092, -1.164863], [-78.325658, -1.162873], [-78.331327, -1.164931], [-78.339851, -1.165239], [-78.340617, -1.173438], [-78.343301, -1.174004], [-78.347791, -1.172155], [-78.350942, -1.173778], [-78.350571, -1.171864], [-78.352575, -1.169915], [-78.351181, -1.168457], [-78.35328, -1.16557], [-78.351893, -1.163779], [-78.359403, -1.160993], [-78.34742, -1.150025], [-78.346594, -1.141549], [-78.340255, -1.138871], [-78.337979, -1.135164], [-78.339218, -1.129146], [-78.337834, -1.117422], [-78.334102, -1.109964], [-78.338905, -1.107171], [-78.340709, -1.104084], [-78.340183, -1.100166], [-78.342952, -1.097694], [-78.342184, -1.093508], [-78.337709, -1.087127], [-78.332271, -1.085138], [-78.33257, -1.08289], [-78.335943, -1.079818], [-78.335318, -1.075133], [-78.332979, -1.072818], [-78.333291, -1.065153], [-78.329869, -1.063627], [-78.333418, -1.060703], [-78.333297, -1.058307], [-78.331191, -1.053968], [-78.329256, -1.053316], [-78.329318, -1.049882], [-78.327264, -1.048418], [-78.327738, -1.046313], [-78.326163, -1.043828], [-78.329969, -1.04239], [-78.329981, -1.038318], [-78.331909, -1.035038], [-78.334674, -1.03688], [-78.336488, -1.033262], [-78.344528, -1.027997], [-78.345714, -1.023428], [-78.351073, -1.015678], [-78.350288, -1.0098], [-78.35364, -1.008813], [-78.354851, -1.005979], [-78.358473, -1.005034], [-78.361153, -0.998696], [-78.370835, -1.00055], [-78.37211, -1.004647], [-78.374294, -1.005821], [-78.377318, -1.004156], [-78.379103, -1.005171], [-78.387159, -0.999259], [-78.389701, -1.000184], [-78.391396, -0.998291], [-78.394882, -0.997849], [-78.39378, -0.996654], [-78.3955, -0.994543], [-78.3921, -0.982838], [-78.394144, -0.978704], [-78.393569, -0.972953], [-78.395594, -0.962988], [-78.404299, -0.963503], [-78.413537, -0.948538], [-78.419866, -0.951809], [-78.422159, -0.950223], [-78.421888, -0.948785], [-78.429218, -0.945945], [-78.430068, -0.942294], [-78.429923, -0.93788], [-78.426663, -0.935446], [-78.424351, -0.930118], [-78.420423, -0.926242], [-78.416253, -0.92583], [-78.415607, -0.921071], [-78.41054, -0.915161], [-78.407433, -0.913822], [-78.421332, -0.905358], [-78.418032, -0.904425], [-78.418216, -0.902754], [-78.421651, -0.89828], [-78.421119, -0.894836], [-78.424133, -0.886671], [-78.427255, -0.883053], [-78.427627, -0.878421], [-78.424125, -0.875513], [-78.420268, -0.877759], [-78.417049, -0.877436], [-78.412491, -0.874501], [-78.404327, -0.872771], [-78.403054, -0.870977], [-78.399027, -0.857021], [-78.40054, -0.854104], [-78.400982, -0.846912], [-78.396874, -0.837411], [-78.393095, -0.832826], [-78.393347, -0.825997], [-78.389949, -0.819921], [-78.390902, -0.815268], [-78.388971, -0.811293], [-78.389063, -0.802476], [-78.39034, -0.800579], [-78.394719, -0.799739], [-78.393378, -0.79535], [-78.39525, -0.784029], [-78.393375, -0.781939], [-78.397942, -0.769334], [-78.397255, -0.764565], [-78.391724, -0.758282], [-78.392919, -0.747425], [-78.400188, -0.73732], [-78.402002, -0.731755], [-78.410655, -0.725609], [-78.411263, -0.723825], [-78.409633, -0.722253], [-78.411223, -0.719429], [-78.40809, -0.720047], [-78.407047, -0.718625], [-78.407754, -0.715937], [-78.404787, -0.7169], [-78.402876, -0.713343], [-78.406633, -0.711406], [-78.406717, -0.709533], [-78.40375, -0.710818], [-78.403225, -0.708456], [-78.402225, -0.711066], [-78.399456, -0.711185], [-78.399759, -0.706893], [-78.396566, -0.704242], [-78.399375, -0.705021], [-78.395729, -0.700684], [-78.398439, -0.698783], [-78.396778, -0.693891], [-78.394757, -0.693721], [-78.395996, -0.691942], [-78.395159, -0.691383], [-78.397772, -0.690804], [-78.395586, -0.68959], [-78.398214, -0.688782], [-78.395531, -0.687251], [-78.396519, -0.686346], [-78.395626, -0.6856], [-78.399333, -0.68409], [-78.395826, -0.683296], [-78.397689, -0.680969], [-78.395578, -0.680361], [-78.395075, -0.676671], [-78.368904, -0.6736], [-78.362952, -0.676464], [-78.350613, -0.666515], [-78.345928, -0.665675], [-78.340919, -0.659599], [-78.332595, -0.657658], [-78.330195, -0.658816], [-78.329751, -0.645457], [-78.326498, -0.64182], [-78.325487, -0.635431], [-78.321244, -0.628087], [-78.32172, -0.621641], [-78.32683, -0.614535], [-78.321978, -0.604913], [-78.319935, -0.583074], [-78.317875, -0.581172], [-78.311803, -0.580791], [-78.3072, -0.577343], [-78.301498, -0.580592], [-78.297527, -0.57655], [-78.288117, -0.579046], [-78.284923, -0.57411], [-78.284367, -0.566815], [-78.279242, -0.562289], [-78.279407, -0.557402], [-78.274094, -0.551257], [-78.272008, -0.544055], [-78.270087, -0.542123], [-78.270658, -0.537184], [-78.267451, -0.53461], [-78.267125, -0.530057], [-78.265582, -0.528684], [-78.269489, -0.526365], [-78.267866, -0.521877], [-78.27065, -0.514831], [-78.27011, -0.509775], [-78.265742, -0.509593], [-78.261963, -0.505105], [-78.254769, -0.50314], [-78.253275, -0.491064], [-78.249881, -0.482416], [-78.252585, -0.478455], [-78.247742, -0.472619], [-78.246746, -0.468889], [-78.248555, -0.458848], [-78.239623, -0.461098], [-78.235334, -0.450869], [-78.237101, -0.441264], [-78.235995, -0.435777], [-78.238527, -0.435018], [-78.242687, -0.428517], [-78.248792, -0.425709], [-78.248754, -0.421851], [-78.252462, -0.412564], [-78.255997, -0.408481], [-78.245022, -0.395943], [-78.243083, -0.383869], [-78.232932, -0.379024], [-78.223818, -0.363536], [-78.215809, -0.361974], [-78.214672, -0.355387], [-78.206756, -0.344714], [-78.207112, -0.339964], [-78.202495, -0.332317], [-78.199626, -0.329569], [-78.196507, -0.329575], [-78.194729, -0.325302], [-78.193232, -0.3254], [-78.191062, -0.318729], [-78.191171, -0.316205], [-78.194305, -0.31132], [-78.193676, -0.308728], [-78.196479, -0.30535], [-78.191845, -0.303839], [-78.192058, -0.293854], [-78.187826, -0.286517], [-78.188103, -0.282388], [-78.191385, -0.280843], [-78.191535, -0.275051], [-78.185526, -0.26489], [-78.190757, -0.256304], [-78.187401, -0.251031], [-78.189485, -0.240627], [-78.185913, -0.237168], [-78.185706, -0.235211], [-78.186949, -0.229539], [-78.190939, -0.22783], [-78.187612, -0.223453], [-78.185232, -0.214354], [-78.18695, -0.212065], [-78.190555, -0.212003], [-78.192575, -0.209804], [-78.189747, -0.201704], [-78.189875, -0.197632], [-78.18212, -0.191217], [-78.176204, -0.195], [-78.171789, -0.193377], [-78.167062, -0.186891], [-78.162537, -0.18699], [-78.159441, -0.183962], [-78.158117, -0.177556], [-78.155342, -0.172816], [-78.149718, -0.173344], [-78.143749, -0.171245], [-78.140562, -0.166788], [-78.131967, -0.167438], [-78.130583, -0.17631], [-78.124757, -0.180926], [-78.120476, -0.180837], [-78.116892, -0.178949], [-78.111354, -0.180902], [-78.107831, -0.179544], [-78.105119, -0.187244], [-78.100857, -0.191387], [-78.090796, -0.180125], [-78.087951, -0.187406], [-78.084499, -0.189846], [-78.079205, -0.182817], [-78.073655, -0.185125], [-78.070424, -0.183124], [-78.070215, -0.176519], [-78.062231, -0.175101], [-78.06124, -0.167444], [-78.055099, -0.163772], [-78.054238, -0.161158], [-78.055627, -0.15514], [-78.057247, -0.150897], [-78.059556, -0.149459], [-78.057748, -0.146217], [-78.049048, -0.144112], [-78.040243, -0.138298], [-78.033349, -0.140791], [-78.030556, -0.138796], [-78.02626, -0.138188], [-78.025156, -0.139608], [-78.018894, -0.141043], [-78.015125, -0.13839], [-78.013734, -0.133567], [-78.009159, -0.131877], [-78.009088, -0.129771], [-78.002709, -0.127327], [-78.000032, -0.128276], [-78.000612, -0.119505], [-77.995464, -0.11116], [-77.991023, -0.1104], [-77.985285, -0.117575], [-77.980945, -0.118587], [-77.977451, -0.121672], [-77.975819, -0.119505], [-77.973127, -0.119865], [-77.969565, -0.122784], [-77.967253, -0.111729], [-77.962723, -0.109829], [-77.961593, -0.104997], [-77.954895, -0.095048], [-77.948759, -0.096348], [-77.944444, -0.0951], [-77.940495, -0.098423], [-77.932816, -0.100439], [-77.933646, -0.096727], [-77.931166, -0.087882], [-77.932459, -0.085869], [-77.938004, -0.08508], [-77.939035, -0.083276], [-77.936739, -0.072952], [-77.934638, -0.071502], [-77.934937, -0.067404], [-77.938518, -0.057928], [-77.943457, -0.052756], [-77.93789, -0.04925], [-77.934535, -0.041208], [-77.919165, -0.028843], [-77.913234, -0.027221], [-77.907996, -0.027655], [-77.903782, -0.02393], [-77.895323, -0.021874], [-77.883622, -0.015795], [-77.880689, -0.016022], [-77.879091, -0.013871], [-77.873256, -0.012876], [-77.868065, -0.007194], [-77.864709, -0.007815], [-77.863367, -0.005444], [-77.852724, -0.004103], [-77.851613, -0.00075], [-77.844874, 0.003857], [-77.843911, 0.015224], [-77.841148, 0.015288], [-77.840067, 0.016985], [-77.844603, 0.020985], [-77.841035, 0.02387], [-77.839828, 0.027273], [-77.834299, 0.030371], [-77.831071, 0.029585], [-77.825369, 0.03381], [-77.822545, 0.034185], [-77.813907, 0.030009], [-77.811879, 0.023964], [-77.802138, 0.023331], [-77.798166, 0.026695], [-77.793315, 0.02119], [-77.790084, 0.021978], [-77.785336, 0.020154], [-77.781041, 0.015133], [-77.779451, 0.01087], [-77.785153, 0.004299], [-77.787237, 0.004385], [-77.788158, 0.001995], [-77.78661, -0.001115], [-77.78662, -0.006422], [-77.788704, -0.00951], [-77.791031, -0.010231], [-77.791524, -0.012701], [-77.793875, -0.013265], [-77.794458, -0.016283], [-77.791002, -0.023598], [-77.786681, -0.026531], [-77.785152, -0.031034], [-77.78578, -0.038551], [-77.782579, -0.0485], [-77.783134, -0.050923], [-77.785363, -0.052594], [-77.782345, -0.057397], [-77.782782, -0.063159], [-77.781168, -0.065003], [-77.779908, -0.071752], [-77.779771, -0.07905], [-77.782305, -0.083113], [-77.658821, -0.080853], [-77.646313, -0.079164], [-77.638106, -0.076094], [-77.632061, -0.077549], [-77.628956, -0.080789], [-77.62257, -0.079616], [-77.618965, -0.081751], [-77.611951, -0.081983], [-77.607411, -0.086665], [-77.603468, -0.088416], [-77.600861, -0.094269], [-77.596197, -0.096305], [-77.594376, -0.101489], [-77.590077, -0.103142], [-77.591184, -0.109268], [-77.583973, -0.109107], [-77.580633, -0.101424], [-77.57517, -0.096768], [-77.571506, -0.095955], [-77.57125, -0.092648], [-77.567533, -0.087041], [-77.564058, -0.088761], [-77.562245, -0.08546], [-77.559169, -0.084508], [-77.558819, -0.07815], [-77.551452, -0.075569], [-77.550123, -0.07045], [-77.545822, -0.069637], [-77.544854, -0.065762], [-77.538294, -0.064223], [-77.538456, -0.060748], [-77.539937, -0.059754], [-77.537167, -0.058471], [-77.536102, -0.055575], [-77.530691, -0.055126], [-77.527159, -0.05741], [-77.524956, -0.061395], [-77.522184, -0.06064], [-77.510574, -0.064213], [-77.504242, -0.055315], [-77.505999, -0.051445], [-77.504926, -0.047624], [-77.50804, -0.042065], [-77.507879, -0.039833], [-77.487032, -0.040195], [-77.486641, -0.027325], [-77.473911, -0.023598], [-77.469312, -0.017964], [-77.466441, -0.019661], [-77.460588, -0.018972], [-77.460072, -0.021219], [-77.456299, -0.024553], [-77.456152, -0.032419], [-77.453287, -0.03768], [-77.452937, -0.041608], [-77.456651, -0.048341], [-77.455191, -0.051184], [-77.450445, -0.053764], [-77.450741, -0.060676], [-77.446197, -0.061846], [-77.443744, -0.059743], [-77.440833, -0.059564], [-77.438307, -0.062794], [-77.438697, -0.065472], [-77.441361, -0.068151], [-77.449572, -0.070366], [-77.448907, -0.076733], [-77.457829, -0.083789], [-77.454708, -0.086883], [-77.450436, -0.088053], [-77.450246, -0.093949], [-77.445927, -0.094991], [-77.444574, -0.097941], [-77.448673, -0.103382], [-77.450547, -0.112222], [-77.455411, -0.116176], [-77.451825, -0.121251], [-77.454922, -0.127396], [-77.452053, -0.138721], [-77.446937, -0.136283], [-77.439064, -0.129349], [-77.434431, -0.131594], [-77.429191, -0.130809], [-77.413709, -0.136092], [-77.393813, -0.139615], [-77.393613, -0.140953], [-77.390784, -0.14149], [-77.387974, -0.144089], [-77.384227, -0.151666], [-77.377901, -0.152236], [-77.370473, -0.145844], [-77.358646, -0.140778], [-77.346724, -0.129624], [-77.345044, -0.124336], [-77.341299, -0.123397], [-77.336376, -0.112479], [-77.338356, -0.099547], [-77.335013, -0.094992], [-77.328346, -0.09335], [-77.32128, -0.080319], [-77.315078, -0.074924], [-77.306189, -0.07231], [-77.304496, -0.067302], [-77.304975, -0.059376], [-77.29911, -0.059376], [-77.298157, -0.060676], [-77.296397, -0.067973], [-77.294386, -0.070372], [-77.301614, -0.071907], [-77.300467, -0.074492], [-77.296292, -0.075446], [-77.294334, -0.078177], [-77.296071, -0.089645], [-77.291274, -0.094546], [-77.288685, -0.101205], [-77.286113, -0.103457], [-77.285963, -0.123706], [-77.282326, -0.127511], [-77.281851, -0.130512], [-77.279731, -0.130581], [-77.280755, -0.134742], [-77.278444, -0.136666], [-77.280236, -0.138868], [-77.281451, -0.138506], [-77.281547, -0.140265], [-77.283307, -0.137301], [-77.284238, -0.138917], [-77.284956, -0.13738], [-77.288492, -0.138458], [-77.288954, -0.139859], [-77.292332, -0.139412], [-77.296956, -0.145438], [-77.297636, -0.151003], [-77.291909, -0.155226], [-77.29923, -0.164977], [-77.295901, -0.166667], [-77.29539, -0.171583], [-77.296948, -0.17333], [-77.295562, -0.175684], [-77.299632, -0.179595], [-77.297039, -0.180891], [-77.29972, -0.182582], [-77.29937, -0.184994], [-77.298032, -0.184783], [-77.299056, -0.18739], [-77.297443, -0.18574], [-77.297364, -0.18815], [-77.295499, -0.189669], [-77.297092, -0.190744], [-77.298429, -0.189894], [-77.297059, -0.194571], [-77.298474, -0.203897], [-77.297756, -0.204917], [-77.292677, -0.203615], [-77.289439, -0.205917], [-77.286206, -0.205827], [-77.283242, -0.20776], [-77.282606, -0.209957], [-77.280086, -0.209718], [-77.280776, -0.213184], [-77.276832, -0.214212], [-77.275773, -0.217012], [-77.277716, -0.218751], [-77.275075, -0.219603], [-77.274694, -0.226384], [-77.268463, -0.236105], [-77.268901, -0.239228], [-77.266198, -0.240218], [-77.262696, -0.236329], [-77.260536, -0.238525], [-77.262603, -0.245087], [-77.265217, -0.246595], [-77.265819, -0.254698], [-77.270282, -0.254252], [-77.274619, -0.259403], [-77.274709, -0.261638], [-77.272144, -0.263232], [-77.26775, -0.262329], [-77.262954, -0.265595], [-77.262236, -0.268403], [-77.25915, -0.268925], [-77.256514, -0.26761], [-77.253573, -0.269631], [-77.255397, -0.270901], [-77.25687, -0.270159], [-77.259608, -0.278013], [-77.258113, -0.281763], [-77.26236, -0.284796], [-77.262015, -0.287366], [-77.260143, -0.288835], [-77.261094, -0.290963], [-77.259219, -0.290905], [-77.259749, -0.292315], [-77.257046, -0.293857], [-77.257784, -0.299004], [-77.25624, -0.301831], [-77.257358, -0.30342], [-77.256316, -0.308114], [-77.26153, -0.309132], [-77.261475, -0.311586], [-77.267471, -0.309758], [-77.265725, -0.312891], [-77.269338, -0.314547], [-77.266156, -0.320693], [-77.267065, -0.32369], [-77.275856, -0.330164], [-77.274454, -0.332423], [-77.275765, -0.333706], [-77.27501, -0.337491], [-77.277087, -0.339282], [-77.276292, -0.340865], [-77.277336, -0.340043], [-77.277251, -0.341103], [-77.280712, -0.341481], [-77.282062, -0.340276], [-77.28578, -0.342467], [-77.286807, -0.340996], [-77.288992, -0.342112], [-77.294756, -0.338711], [-77.296335, -0.339275], [-77.297703, -0.3363], [-77.301606, -0.346223], [-77.30647, -0.353806], [-77.308682, -0.353436], [-77.310421, -0.350782], [-77.31547, -0.354993], [-77.324066, -0.370263], [-77.334141, -0.370264], [-77.329175, -0.37694], [-77.326793, -0.377334], [-77.325546, -0.392885], [-77.326935, -0.393292], [-77.328015, -0.39825], [-77.326959, -0.40043], [-77.32447, -0.399683], [-77.325763, -0.402886], [-77.322308, -0.405529], [-77.325264, -0.407477], [-77.32513, -0.410823], [-77.326596, -0.411342], [-77.325321, -0.414906], [-77.327747, -0.417051], [-77.328207, -0.421563], [-77.326189, -0.421868], [-77.326987, -0.424176], [-77.33136, -0.425524], [-77.343635, -0.420284], [-77.352653, -0.41943], [-77.35683, -0.421577], [-77.357464, -0.425643], [-77.360087, -0.428253], [-77.364951, -0.428756], [-77.367729, -0.434659], [-77.365145, -0.439936], [-77.362686, -0.440504], [-77.362133, -0.442217], [-77.36744, -0.442076], [-77.370152, -0.443927], [-77.369391, -0.448556], [-77.373167, -0.451372], [-77.370529, -0.455858], [-77.37481, -0.462133], [-77.37824, -0.463639], [-77.382295, -0.462477], [-77.385042, -0.467994], [-77.384005, -0.476357], [-77.385011, -0.481681], [-77.386747, -0.486895], [-77.390538, -0.491441], [-77.39066, -0.494781], [-77.406235, -0.498502], [-77.408206, -0.500789], [-77.411506, -0.500562], [-77.413629, -0.503742], [-77.417652, -0.504479], [-77.418044, -0.509324], [-77.420802, -0.510999], [-77.421484, -0.51411], [-77.424747, -0.515359], [-77.424725, -0.517405], [-77.428207, -0.518932], [-77.428652, -0.522053], [-77.432256, -0.521319], [-77.440376, -0.512108], [-77.444609, -0.513677], [-77.447132, -0.512536], [-77.448367, -0.514121], [-77.452888, -0.511177], [-77.455575, -0.511787], [-77.461187, -0.508146], [-77.461367, -0.505912], [-77.473944, -0.501854], [-77.479901, -0.496726], [-77.485348, -0.496323], [-77.487583, -0.49745], [-77.491441, -0.492579], [-77.498784, -0.491921], [-77.500633, -0.489516], [-77.50662, -0.487923], [-77.50768, -0.488733], [-77.512211, -0.48627], [-77.516517, -0.482345], [-77.518275, -0.477447], [-77.52846, -0.476204], [-77.534932, -0.467518], [-77.536164, -0.462082], [-77.54232, -0.460249], [-77.547237, -0.452716], [-77.561945, -0.455475], [-77.571366, -0.46118], [-77.571044, -0.465815], [-77.568262, -0.468366], [-77.568851, -0.471085], [-77.566225, -0.47607], [-77.567406, -0.485591], [-77.563655, -0.486885], [-77.564118, -0.488965], [-77.561681, -0.489205], [-77.562168, -0.491304], [-77.559414, -0.494864], [-77.563458, -0.497942], [-77.564686, -0.496346], [-77.569634, -0.499751], [-77.579269, -0.502055], [-77.582259, -0.506024], [-77.586747, -0.507263], [-77.594453, -0.514956], [-77.598786, -0.515767], [-77.601652, -0.519133], [-77.609802, -0.520465], [-77.614925, -0.525075], [-77.619599, -0.533844], [-77.628691, -0.543477], [-77.628095, -0.547802], [-77.624152, -0.551408], [-77.622582, -0.557598], [-77.619653, -0.561291], [-77.612891, -0.564408], [-77.605067, -0.560105], [-77.596956, -0.565386], [-77.592835, -0.573563], [-77.590485, -0.57387], [-77.590725, -0.584616], [-77.586829, -0.589822], [-77.588144, -0.595302], [-77.581126, -0.601537], [-77.580389, -0.60968], [-77.576127, -0.612843], [-77.569053, -0.609626], [-77.560187, -0.614625], [-77.557882, -0.618745], [-77.549626, -0.620367], [-77.540103, -0.61906], [-77.537348, -0.623367], [-77.532515, -0.624897], [-77.531565, -0.628534], [-77.534257, -0.631561], [-77.532671, -0.639131], [-77.530842, -0.640097], [-77.531375, -0.642296], [-77.528028, -0.643047], [-77.526366, -0.647922], [-77.522772, -0.649952], [-77.527951, -0.654912], [-77.525179, -0.669494], [-77.519318, -0.675887], [-77.519182, -0.679824], [-77.514457, -0.686593], [-77.503502, -0.694631], [-77.502254, -0.698435], [-77.500436, -0.698276], [-77.496951, -0.701814], [-77.505345, -0.715235], [-77.510459, -0.719657], [-77.511367, -0.724331], [-77.514095, -0.72844], [-77.516318, -0.73021], [-77.51943, -0.73027], [-77.522925, -0.736519], [-77.527881, -0.740628], [-77.528519, -0.743199], [-77.525766, -0.744385], [-77.524256, -0.743502], [-77.523856, -0.746078], [-77.531847, -0.760189], [-77.534815, -0.761604], [-77.534642, -0.764392], [-77.536699, -0.768274], [-77.535089, -0.771965], [-77.53778, -0.775354], [-77.536147, -0.778213], [-77.537698, -0.780723], [-77.535545, -0.78308], [-77.539858, -0.785965], [-77.540211, -0.789184], [-77.54241, -0.791092], [-77.542051, -0.795034], [-77.534707, -0.800377], [-77.534743, -0.803182], [-77.528185, -0.813916], [-77.528204, -0.817332], [-77.524738, -0.820713], [-77.528424, -0.822628], [-77.528049, -0.824786], [-77.530355, -0.829038], [-77.53022, -0.8343], [-77.527844, -0.836214], [-77.530058, -0.838203], [-77.529676, -0.841093], [-77.536697, -0.845547], [-77.534009, -0.854323], [-77.536479, -0.859625], [-77.536358, -0.869087], [-77.534864, -0.873514], [-77.536445, -0.875297], [-77.541105, -0.875063], [-77.541868, -0.877382], [-77.547492, -0.879225], [-77.546809, -0.881731], [-77.5506, -0.88232], [-77.552041, -0.902361], [-77.560111, -0.903194], [-77.564939, -0.906935], [-77.577127, -0.910567], [-77.577495, -0.912583], [-77.579843, -0.914105], [-77.583498, -0.911868], [-77.587588, -0.912038], [-77.589021, -0.914718], [-77.587758, -0.918802], [-77.591098, -0.921604], [-77.590257, -0.929866], [-77.588527, -0.929141], [-77.583978, -0.933288], [-77.578664, -0.935427], [-77.574207, -0.931024], [-77.568688, -0.932164], [-77.566939, -0.943085], [-77.564508, -0.943396], [-77.556623, -0.939277], [-77.548939, -0.941496], [-77.545492, -0.94058], [-77.537057, -0.942607], [-77.532235, -0.949621], [-77.527911, -0.950593], [-77.523937, -0.948573], [-77.521628, -0.949508], [-77.520435, -0.947053], [-77.51544, -0.950776], [-77.512195, -0.944494], [-77.507316, -0.946137], [-77.507446, -0.943708], [-77.506006, -0.942423], [-77.500903, -0.942855], [-77.500543, -0.944399], [-77.498392, -0.945053], [-77.496526, -0.944079], [-77.495648, -0.940291], [-77.489903, -0.94023], [-77.486095, -0.935429], [-77.484803, -0.936182], [-77.484285, -0.93381], [-77.4707, -0.924996], [-77.468822, -0.916335], [-77.463708, -0.912224], [-77.457037, -0.916754], [-77.454683, -0.917524], [-77.452643, -0.916127], [-77.454561, -0.91036], [-77.456262, -0.909095], [-77.456608, -0.904898], [-77.450815, -0.898866], [-77.441415, -0.895609], [-77.439402, -0.898124], [-77.434137, -0.898421], [-77.431426, -0.901458], [-77.425763, -0.902325], [-77.424383, -0.897781], [-77.420737, -0.896978], [-77.422792, -0.890572], [-77.412622, -0.890566], [-77.411678, -0.893113], [-77.40913, -0.893489], [-77.402437, -0.89201], [-77.400296, -0.896209], [-77.393859, -0.893917], [-77.392439, -0.889602], [-77.390907, -0.88893], [-77.384485, -0.89174], [-77.38275, -0.887863], [-77.378726, -0.888354], [-77.380319, -0.884124], [-77.379435, -0.882229], [-77.373019, -0.88288], [-77.371965, -0.879179], [-77.365063, -0.879763], [-77.369644, -0.875714], [-77.369609, -0.870714], [-77.367232, -0.870922], [-77.365109, -0.8689], [-77.363648, -0.870856], [-77.360413, -0.870149], [-77.358986, -0.872902], [-77.35534, -0.873735], [-77.354691, -0.871969], [-77.352028, -0.87099], [-77.353992, -0.868312], [-77.353996, -0.864673], [-77.35219, -0.864188], [-77.351777, -0.867528], [-77.350297, -0.86513], [-77.351994, -0.861681], [-77.34629, -0.860574], [-77.342177, -0.861824], [-77.338276, -0.85808], [-77.336273, -0.860686], [-77.331484, -0.858819], [-77.333041, -0.853445], [-77.327711, -0.850394], [-77.326051, -0.85169], [-77.324219, -0.846672], [-77.321471, -0.846726], [-77.319299, -0.84856], [-77.310954, -0.840364], [-77.30867, -0.839986], [-77.306748, -0.842897], [-77.305019, -0.839379], [-77.304955, -0.845313], [-77.302415, -0.843641], [-77.299394, -0.846383], [-77.299833, -0.841449], [-77.295627, -0.843928], [-77.294474, -0.8433], [-77.294701, -0.840147], [-77.296745, -0.839905], [-77.295477, -0.836561], [-77.29398, -0.838631], [-77.288396, -0.837973], [-77.286245, -0.835395], [-77.282038, -0.83935], [-77.279894, -0.836596], [-77.277593, -0.837787], [-77.275129, -0.835195], [-77.275072, -0.831052], [-77.271449, -0.830931], [-77.271612, -0.827739], [-77.266725, -0.82825], [-77.262563, -0.825508], [-77.264492, -0.821791], [-77.260739, -0.823515], [-77.26089, -0.821673], [-77.264165, -0.82068], [-77.259425, -0.817172], [-77.263828, -0.813424], [-77.260736, -0.812418], [-77.259884, -0.810006], [-77.257784, -0.810441], [-77.257134, -0.812239], [-77.255771, -0.811711], [-77.25746, -0.806299], [-77.254771, -0.804691], [-77.254627, -0.802276], [-77.25246, -0.801887], [-77.254694, -0.798916], [-77.252991, -0.79666], [-77.252529, -0.79216], [-77.248701, -0.793722], [-77.246201, -0.791043], [-77.24335, -0.79155], [-77.242626, -0.789507], [-77.240229, -0.79059], [-77.23994, -0.78839], [-77.238405, -0.789467], [-77.236418, -0.785889], [-77.237641, -0.783823], [-77.235298, -0.780697], [-77.229893, -0.779256], [-77.22815, -0.780702], [-77.228405, -0.776814], [-77.222742, -0.773451], [-77.222302, -0.771258], [-77.218571, -0.772554], [-77.217773, -0.77433], [-77.214163, -0.771948], [-77.212386, -0.774492], [-77.204294, -0.770047], [-77.203744, -0.764281], [-77.202472, -0.764882], [-77.203392, -0.765781], [-77.202503, -0.766955], [-77.199305, -0.767234], [-77.198801, -0.763011], [-77.200583, -0.760189], [-77.195867, -0.758537], [-77.192303, -0.759188], [-77.193255, -0.755463], [-77.189943, -0.75556], [-77.189077, -0.752756], [-77.190032, -0.750932], [-77.189193, -0.749856], [-77.186564, -0.750456], [-77.188449, -0.749058], [-77.188284, -0.747419], [-77.183818, -0.742758], [-77.186484, -0.738709], [-77.183983, -0.738998], [-77.178102, -0.734283], [-77.175587, -0.734717], [-77.163831, -0.707634], [-77.155325, -0.707735], [-77.146236, -0.696299], [-77.132607, -0.693971], [-77.129902, -0.694853], [-77.125794, -0.699399], [-77.123659, -0.698681], [-77.122777, -0.694806], [-77.119353, -0.695863], [-77.113007, -0.701339], [-77.120509, -0.726428], [-77.123982, -0.730192], [-77.13214, -0.734343], [-77.13944, -0.747779], [-77.148091, -0.752143], [-77.149524, -0.760926], [-77.151977, -0.763866], [-77.156532, -0.764372], [-77.164541, -0.762158], [-77.16931, -0.762771], [-77.18578, -0.77099], [-77.188864, -0.785324], [-77.194337, -0.794106], [-77.206824, -0.799958], [-77.207142, -0.80243], [-77.201602, -0.819565], [-77.192463, -0.834071], [-77.191013, -0.839059], [-77.191688, -0.847104], [-77.194882, -0.852056], [-77.197037, -0.851867], [-77.196769, -0.853701], [-77.194471, -0.854564], [-77.193263, -0.857882], [-77.189217, -0.855839], [-77.188484, -0.857656], [-77.186671, -0.85594], [-77.185223, -0.856948], [-77.182867, -0.854291], [-77.182391, -0.855897], [-77.179362, -0.857205], [-77.177275, -0.856486], [-77.175633, -0.862138], [-77.172743, -0.862515], [-77.174127, -0.865994], [-77.172539, -0.868933], [-77.171042, -0.868171], [-77.16575, -0.871281], [-77.164588, -0.873898], [-77.161313, -0.873677], [-77.158958, -0.870096], [-77.150342, -0.86843], [-77.147834, -0.872713], [-77.143914, -0.874481], [-77.144032, -0.894773], [-77.135906, -0.901925], [-77.12723, -0.900525], [-77.122549, -0.901497], [-77.119904, -0.900247], [-77.11618, -0.901593], [-77.11592, -0.903795], [-77.112294, -0.906807], [-77.108638, -0.906002], [-77.107171, -0.908074], [-77.100158, -0.910709], [-77.096481, -0.910187], [-77.092712, -0.912982], [-77.089886, -0.910457], [-77.083578, -0.911519], [-77.077418, -0.909656], [-77.072285, -0.91109], [-77.069649, -0.910154], [-77.068522, -0.911309], [-77.065874, -0.910082], [-77.064161, -0.911196], [-77.060375, -0.908579], [-77.053429, -0.910002], [-77.052263, -0.908578], [-77.050541, -0.911562], [-77.040803, -0.915897], [-77.02932, -0.916753], [-77.02793, -0.917321], [-77.028115, -0.918964], [-77.02685, -0.917642], [-77.022794, -0.921009], [-77.024935, -0.922801], [-77.024992, -0.921549], [-77.026379, -0.922244], [-77.027222, -0.920878], [-77.028825, -0.924299], [-77.031049, -0.924692], [-77.030421, -0.923719], [-77.031162, -0.923026], [-77.032392, -0.924297], [-77.035357, -0.923261], [-77.034988, -0.924836], [-77.037463, -0.923934], [-77.037952, -0.927718], [-77.039041, -0.927165], [-77.039224, -0.929123], [-77.041045, -0.927795], [-77.042447, -0.932141], [-77.044559, -0.931462], [-77.043552, -0.930609], [-77.045635, -0.930525], [-77.044818, -0.930987], [-77.046153, -0.931705], [-77.045085, -0.931979], [-77.047187, -0.931926], [-77.048117, -0.934647], [-77.052398, -0.935364], [-77.051307, -0.937337], [-77.053443, -0.938221], [-77.052693, -0.940861], [-77.054251, -0.941959], [-77.053881, -0.943609], [-77.055466, -0.943737], [-77.053908, -0.944832], [-77.055505, -0.944373], [-77.055455, -0.946751], [-77.057499, -0.945999], [-77.05887, -0.948085], [-77.059982, -0.946491], [-77.065619, -0.950538], [-77.068204, -0.949178], [-77.068908, -0.951555], [-77.069987, -0.950228], [-77.070137, -0.951616], [-77.071715, -0.951391], [-77.072532, -0.970713], [-77.06867, -0.975437], [-77.059103, -0.977992], [-77.05795, -0.983086], [-77.055652, -0.983004], [-77.056121, -0.984635], [-77.054713, -0.984069], [-77.053198, -0.98613], [-77.049145, -0.985602], [-77.049811, -0.986866], [-77.04649, -0.986832], [-77.045687, -0.985479], [-77.044159, -0.986593], [-77.042933, -0.984813], [-77.041292, -0.985834], [-77.041801, -0.986917], [-77.038579, -0.986447], [-77.036795, -0.989066], [-77.032957, -0.987691], [-77.033637, -0.98905], [-77.032164, -0.98982], [-77.052451, -0.995687], [-77.053344, -1.001006], [-77.056682, -1.004709], [-77.056343, -1.007411], [-77.059465, -1.006451], [-77.059877, -1.008367], [-77.06222, -1.004243], [-77.064662, -1.005], [-77.066394, -1.003834], [-77.068277, -1.007731], [-77.070266, -1.006534], [-77.07013, -1.008105], [-77.07481, -1.008992], [-77.076907, -1.008047], [-77.076531, -1.010868], [-77.080917, -1.011981], [-77.080737, -1.014647], [-77.081823, -1.012507], [-77.08462, -1.014574], [-77.085802, -1.013616], [-77.086945, -1.014563], [-77.088116, -1.012596], [-77.091499, -1.01434], [-77.092382, -1.011769], [-77.095648, -1.010939], [-77.09803, -1.014185], [-77.10227, -1.009892], [-77.103646, -1.010231], [-77.104077, -1.00856], [-77.108187, -1.007654], [-77.107304, -1.011001], [-77.110205, -1.008685], [-77.115785, -1.011025], [-77.115498, -1.012511], [-77.119851, -1.011896], [-77.122665, -1.014394], [-77.12626, -1.011042], [-77.132262, -1.014586], [-77.133415, -1.012392], [-77.133305, -1.014168], [-77.136801, -1.019018], [-77.140256, -1.018461], [-77.141437, -1.020243], [-77.14758, -1.018237], [-77.151843, -1.020573], [-77.1532, -1.019489], [-77.153537, -1.020975], [-77.155751, -1.021664], [-77.156526, -1.019974], [-77.162134, -1.019737], [-77.16531, -1.017675], [-77.167715, -1.020966], [-77.16813, -1.019052], [-77.170691, -1.019626], [-77.170811, -1.017878], [-77.172835, -1.016857], [-77.175354, -1.020707], [-77.177593, -1.019077], [-77.181856, -1.022599], [-77.18391, -1.019629], [-77.185865, -1.020137], [-77.187788, -1.023813], [-77.190226, -1.022908], [-77.190197, -1.020807], [-77.196504, -1.02259], [-77.198627, -1.025273], [-77.202366, -1.024683], [-77.204121, -1.026003], [-77.206583, -1.0235], [-77.214193, -1.025784], [-77.212781, -1.024061], [-77.213789, -1.022476], [-77.218518, -1.026035], [-77.219211, -1.024418], [-77.224886, -1.024307], [-77.229397, -1.025875], [-77.230787, -1.027811], [-77.2298, -1.028184], [-77.230931, -1.031534], [-77.229128, -1.034653], [-77.230593, -1.03758], [-77.233126, -1.038468], [-77.230623, -1.041507], [-77.234062, -1.045785], [-77.232148, -1.047504], [-77.235197, -1.051822], [-77.241255, -1.05335], [-77.244021, -1.057297], [-77.252508, -1.054917], [-77.252993, -1.053573], [-77.255274, -1.054314], [-77.257868, -1.052612], [-77.258748, -1.053769], [-77.260194, -1.052251], [-77.265462, -1.056467], [-77.267167, -1.055734], [-77.270253, -1.057661], [-77.272594, -1.056391], [-77.278913, -1.05884], [-77.280084, -1.057458], [-77.284907, -1.059117], [-77.290843, -1.058177], [-77.295675, -1.061464], [-77.297964, -1.060006], [-77.30131, -1.061497], [-77.301007, -1.062803], [-77.304515, -1.065331], [-77.310112, -1.06501], [-77.320715, -1.072446], [-77.32327, -1.070993], [-77.32548, -1.072299], [-77.334746, -1.06754], [-77.336816, -1.069671], [-77.339209, -1.0679], [-77.346254, -1.069989], [-77.349443, -1.06895], [-77.351464, -1.071367], [-77.350514, -1.073323], [-77.351292, -1.102714], [-77.352669, -1.104779], [-77.353667, -1.103853], [-77.352634, -1.101427], [-77.356695, -1.09927], [-77.360648, -1.1018], [-77.363924, -1.100791], [-77.363624, -1.099401], [-77.360269, -1.098021], [-77.364881, -1.094817], [-77.367574, -1.094954], [-77.368018, -1.097949], [-77.369477, -1.098685], [-77.370035, -1.094908], [-77.373118, -1.091094], [-77.378431, -1.091736], [-77.383669, -1.094762], [-77.387017, -1.090351], [-77.38997, -1.089051], [-77.389906, -1.085576], [-77.391334, -1.083555], [-77.402714, -1.090447], [-77.400426, -1.082597], [-77.404388, -1.078806], [-77.415098, -1.084464], [-77.420275, -1.082645], [-77.422507, -1.078867], [-77.421864, -1.083373], [-77.429365, -1.080333], [-77.432331, -1.080963], [-77.432788, -1.083398], [-77.435581, -1.085193], [-77.441379, -1.07785], [-77.451046, -1.077659], [-77.452023, -1.083341], [-77.446618, -1.082676], [-77.447495, -1.084402], [-77.450328, -1.084356], [-77.450301, -1.088051], [-77.453478, -1.088243], [-77.454035, -1.089936], [-77.449151, -1.090025], [-77.444688, -1.092013], [-77.445615, -1.094405], [-77.449825, -1.095999], [-77.450938, -1.09786], [-77.452508, -1.095335], [-77.454187, -1.095362], [-77.455168, -1.09742], [-77.454167, -1.098522], [-77.456063, -1.100292], [-77.458531, -1.098995], [-77.460457, -1.10142], [-77.46776, -1.10139], [-77.469253, -1.104164], [-77.474021, -1.101563], [-77.480141, -1.105596], [-77.485124, -1.105021], [-77.485173, -1.106814], [-77.488367, -1.10803], [-77.489882, -1.111662], [-77.493071, -1.112853], [-77.497142, -1.112098], [-77.497968, -1.11477], [-77.502262, -1.115686], [-77.500385, -1.116023], [-77.501184, -1.118454], [-77.505192, -1.119511], [-77.505616, -1.120984], [-77.512508, -1.119635], [-77.51331, -1.121461], [-77.514673, -1.119577], [-77.520787, -1.122204], [-77.522169, -1.120876], [-77.524852, -1.125366], [-77.526895, -1.124451], [-77.526844, -1.127716], [-77.528522, -1.126895], [-77.531148, -1.129621], [-77.530075, -1.130906], [-77.532246, -1.130056], [-77.532006, -1.131619], [-77.534725, -1.132732], [-77.533608, -1.133722], [-77.53827, -1.134458], [-77.539422, -1.138639], [-77.541956, -1.139225], [-77.54324, -1.141643], [-77.542139, -1.144712], [-77.545169, -1.144017], [-77.544646, -1.145902], [-77.550441, -1.148186], [-77.549803, -1.151072], [-77.554014, -1.150558], [-77.555686, -1.154131], [-77.554945, -1.155308], [-77.559112, -1.156133], [-77.559111, -1.158271], [-77.560588, -1.157832], [-77.560638, -1.159027], [-77.568463, -1.154758], [-77.567664, -1.15271], [-77.57537, -1.145947], [-77.580567, -1.144418], [-77.581376, -1.137199], [-77.596042, -1.124155], [-77.599411, -1.129788], [-77.601301, -1.129656], [-77.601524, -1.133067], [-77.60384, -1.13418], [-77.603625, -1.13647], [-77.601917, -1.136705], [-77.605768, -1.138375], [-77.606342, -1.136355], [-77.608192, -1.136883], [-77.607559, -1.138771], [-77.611489, -1.137616], [-77.612177, -1.14233], [-77.614248, -1.143561], [-77.613875, -1.147728], [-77.615761, -1.149006], [-77.621992, -1.144266], [-77.628323, -1.142737], [-77.638613, -1.147056], [-77.640445, -1.13967], [-77.644895, -1.134848], [-77.64457, -1.133062], [-77.64682, -1.135041], [-77.655914, -1.132377], [-77.662402, -1.139686], [-77.664281, -1.146501], [-77.668914, -1.14847], [-77.669912, -1.150342], [-77.671317, -1.148692], [-77.671285, -1.144721], [-77.674069, -1.144528], [-77.676843, -1.141347], [-77.679293, -1.142664], [-77.685283, -1.139303], [-77.689297, -1.140385], [-77.690539, -1.142322], [-77.694025, -1.142489], [-77.695683, -1.143396], [-77.695435, -1.145067], [-77.696808, -1.144516], [-77.699466, -1.147813], [-77.700934, -1.147467], [-77.700109, -1.149608], [-77.701159, -1.152462], [-77.702763, -1.15209], [-77.702551, -1.155123], [-77.704876, -1.156597], [-77.704157, -1.157654], [-77.705355, -1.157411], [-77.704014, -1.159693], [-77.707038, -1.160452], [-77.70673, -1.162564], [-77.709823, -1.163059], [-77.713808, -1.173561], [-77.716605, -1.174533], [-77.721325, -1.179968], [-77.730815, -1.176303], [-77.731752, -1.171803], [-77.730274, -1.166514], [-77.731977, -1.166185], [-77.730729, -1.16514], [-77.731048, -1.163006], [-77.727947, -1.16108], [-77.729176, -1.159575]]]]}}, {"type": "Feature", "id": "SUCUMBÍOS", "properties": {"codigo": "21", "nombre": "SUCUMBÍOS", "centroide_lon": -76.588, "centroide_lat": -0.01477}, "geometry": {"type": "MultiPolygon", "coordinates": [[[[-75.61053, -0.166667], [-75.6102, -0.193019], [-75.603843, -0.192102], [-75.600553, -0.193521], [-75.588544, -0.189776], [-75.585856, -0.188021], [-75.582841, -0.181484], [-75.57898, -0.17793], [-75.569328, -0.185278], [-75.561397, -0.184424], [-75.557838, -0.180903], [-75.550323, -0.178853], [-75.546535, -0.179447], [-75.541521, -0.175414], [-75.537691, -0.176089], [-75.530744, -0.184986], [-75.524837, -0.188396], [-75.520704, -0.196219], [-75.518062, -0.195529], [-75.513705, -0.197182], [-75.510434, -0.208951], [-75.501213, -0.216004], [-75.501966, -0.221156], [-75.498788, -0.224373], [-75.498276, -0.227487], [-75.493713, -0.227699], [-75.489176, -0.231422], [-75.489122, -0.234034], [-75.482268, -0.236923], [-75.481533, -0.251914], [-75.479055, -0.254088], [-75.481153, -0.260151], [-75.478853, -0.264685], [-75.478994, -0.268493], [-75.478323, -0.270328], [-75.476655, -0.270158], [-75.473629, -0.272768], [-75.471049, -0.279917], [-75.469155, -0.281297], [-75.472798, -0.286247], [-75.473032, -0.292012], [-75.474903, -0.292983], [-75.471746, -0.298146], [-75.467892, -0.297144], [-75.467513, -0.298591], [-75.465884, -0.29807], [-75.464591, -0.299643], [-75.466084, -0.303052], [-75.464783, -0.3072], [-75.466142, -0.311438], [-75.462732, -0.314011], [-75.463613, -0.317671], [-75.458534, -0.321066], [-75.460252, -0.322401], [-75.458743, -0.324563], [-75.45724, -0.32392], [-75.457594, -0.32532], [-75.454539, -0.325571], [-75.454982, -0.328533], [-75.456259, -0.328435], [-75.453707, -0.332391], [-75.451196, -0.332821], [-75.448171, -0.338735], [-75.444405, -0.340218], [-75.44193, -0.346654], [-75.441815, -0.353928], [-75.439909, -0.354227], [-75.437738, -0.358606], [-75.435479, -0.359384], [-75.43282, -0.362934], [-75.433659, -0.366794], [-75.431365, -0.369981], [-75.425587, -0.371559], [-75.424333, -0.374534], [-75.426513, -0.378129], [-75.424115, -0.380134], [-75.424089, -0.382154], [-75.421872, -0.381756], [-75.418769, -0.384256], [-75.416851, -0.38788], [-75.417292, -0.391456], [-75.41416, -0.394596], [-75.415095, -0.396383], [-75.413431, -0.397759], [-75.411922, -0.396563], [-75.41113, -0.399029], [-75.408634, -0.400212], [-75.407216, -0.399063], [-75.402729, -0.400722], [-75.401246, -0.39954], [-75.401763, -0.401565], [-75.399377, -0.40423], [-75.400554, -0.406406], [-75.398759, -0.409274], [-75.397484, -0.410293], [-75.394924, -0.409197], [-75.391986, -0.414535], [-75.388585, -0.416767], [-75.39014, -0.423232], [-75.391754, -0.424604], [-75.389469, -0.425687], [-75.390389, -0.426568], [-75.388316, -0.429985], [-75.388174, -0.433972], [-75.385112, -0.434646], [-75.38524, -0.436816], [-75.381998, -0.435787], [-75.380895, -0.438339], [-75.378981, -0.437149], [-75.375746, -0.438009], [-75.375369, -0.441705], [-75.370439, -0.441477], [-75.370925, -0.443503], [-75.367433, -0.445789], [-75.365567, -0.445338], [-75.3655, -0.443682], [-75.363071, -0.443625], [-75.362032, -0.446172], [-75.356122, -0.446822], [-75.353819, -0.451654], [-75.354357, -0.458174], [-75.351258, -0.459326], [-75.351744, -0.461359], [-75.350076, -0.460237], [-75.349062, -0.463622], [-75.346817, -0.461816], [-75.344111, -0.464004], [-75.341928, -0.458798], [-75.340808, -0.46156], [-75.338943, -0.45968], [-75.337336, -0.460643], [-75.335474, -0.457295], [-75.333172, -0.456998], [-75.334794, -0.454888], [-75.332259, -0.453802], [-75.331323, -0.4515], [-75.326361, -0.453366], [-75.325037, -0.452602], [-75.325311, -0.456679], [-75.327462, -0.4567], [-75.327128, -0.46027], [-75.323266, -0.461133], [-75.318955, -0.464428], [-75.318368, -0.462216], [-75.316324, -0.463518], [-75.315585, -0.466513], [-75.313591, -0.466473], [-75.31258, -0.473229], [-75.311071, -0.473949], [-75.311332, -0.475371], [-75.313327, -0.474723], [-75.314184, -0.476025], [-75.313049, -0.477754], [-75.31112, -0.477308], [-75.312341, -0.479575], [-75.309751, -0.479919], [-75.313018, -0.482179], [-75.31018, -0.485617], [-75.3147, -0.487179], [-75.314417, -0.49013], [-75.312353, -0.490435], [-75.312989, -0.49451], [-75.309588, -0.492923], [-75.308941, -0.495688], [-75.306151, -0.492368], [-75.30446, -0.495126], [-75.300528, -0.492405], [-75.300733, -0.495435], [-75.297394, -0.496619], [-75.297143, -0.501021], [-75.295172, -0.501885], [-75.296494, -0.503873], [-75.295291, -0.506065], [-75.290198, -0.502676], [-75.287643, -0.504185], [-75.287697, -0.501704], [-75.285153, -0.499272], [-75.286745, -0.498138], [-75.286338, -0.496916], [-75.283653, -0.498628], [-75.282569, -0.4978], [-75.281583, -0.499584], [-75.28016, -0.497479], [-75.277767, -0.497901], [-75.276915, -0.501036], [-75.273065, -0.503369], [-75.273137, -0.506022], [-75.270796, -0.501271], [-75.268637, -0.505095], [-75.26652, -0.505738], [-75.26823, -0.506988], [-75.26649, -0.508867], [-75.2694, -0.511371], [-75.267995, -0.514503], [-75.270575, -0.512733], [-75.272719, -0.517669], [-75.269579, -0.51953], [-75.269923, -0.522726], [-75.268437, -0.52269], [-75.268197, -0.52471], [-75.26466, -0.523561], [-75.265278, -0.52723], [-75.268936, -0.529392], [-75.265025, -0.531981], [-75.265255, -0.53368], [-75.262112, -0.533381], [-75.263119, -0.528924], [-75.261142, -0.528396], [-75.257707, -0.523509], [-75.255587, -0.523314], [-75.255411, -0.521396], [-75.250648, -0.517054], [-75.249595, -0.517367], [-75.250354, -0.519123], [-75.246473, -0.518444], [-75.246906, -0.521869], [-75.244304, -0.523152], [-75.242472, -0.522149], [-75.241459, -0.524481], [-75.243579, -0.526682], [-75.243946, -0.532565], [-75.242417, -0.533866], [-75.239629, -0.532701], [-75.240448, -0.535358], [-75.241948, -0.534735], [-75.242734, -0.535921], [-75.237918, -0.538712], [-75.241523, -0.540128], [-75.241775, -0.542672], [-75.239551, -0.542625], [-75.241974, -0.544906], [-75.244529, -0.545153], [-75.244656, -0.546577], [-75.241921, -0.546663], [-75.240523, -0.548859], [-75.23645, -0.547374], [-75.235483, -0.549786], [-75.227673, -0.550402], [-75.229923, -0.553602], [-75.226855, -0.555375], [-75.227445, -0.559991], [-75.229848, -0.560385], [-75.22974, -0.564544], [-75.227506, -0.564971], [-75.228183, -0.570067], [-75.225466, -0.56907], [-75.22472, -0.570059], [-75.228446, -0.575639], [-75.234146, -0.580347], [-75.238652, -0.577925], [-75.240232, -0.580708], [-75.239212, -0.583274], [-75.237129, -0.583512], [-75.237276, -0.589511], [-75.239539, -0.590257], [-75.240345, -0.593442], [-75.239577, -0.597445], [-75.237692, -0.598198], [-75.24047, -0.601208], [-75.229714, -0.602663], [-75.226689, -0.605187], [-75.227377, -0.606918], [-75.230761, -0.606176], [-75.233375, -0.607322], [-75.232023, -0.612008], [-75.233102, -0.614516], [-75.230039, -0.615733], [-75.229039, -0.619052], [-75.225891, -0.618321], [-75.226787, -0.621997], [-75.223459, -0.62378], [-75.227111, -0.626898], [-75.22353, -0.627705], [-75.223576, -0.628985], [-75.231729, -0.630226], [-75.232754, -0.631042], [-75.232057, -0.632883], [-75.234413, -0.633791], [-75.233257, -0.636192], [-75.235241, -0.637233], [-75.235305, -0.640863], [-75.231962, -0.645672], [-75.232517, -0.647019], [-75.236443, -0.646934], [-75.239039, -0.642259], [-75.241156, -0.645243], [-75.243489, -0.640202], [-75.245811, -0.638807], [-75.250458, -0.642325], [-75.247779, -0.646048], [-75.248875, -0.647362], [-75.257485, -0.643309], [-75.258626, -0.656005], [-75.262773, -0.655021], [-75.260545, -0.652865], [-75.260493, -0.649335], [-75.262839, -0.645865], [-75.266077, -0.644611], [-75.273997, -0.645131], [-75.282142, -0.654585], [-75.286969, -0.654576], [-75.288434, -0.652034], [-75.28479, -0.639969], [-75.285403, -0.619962], [-75.291032, -0.622065], [-75.297342, -0.628693], [-75.305265, -0.631774], [-75.309314, -0.628873], [-75.315857, -0.616935], [-75.319143, -0.613931], [-75.322426, -0.614173], [-75.333008, -0.620288], [-75.34247, -0.623425], [-75.346968, -0.62075], [-75.352155, -0.611346], [-75.368048, -0.602162], [-75.374726, -0.609167], [-75.380315, -0.610274], [-75.384694, -0.609207], [-75.387596, -0.606232], [-75.390266, -0.598612], [-75.395361, -0.59153], [-75.394955, -0.58337], [-75.39656, -0.575629], [-75.403433, -0.564916], [-75.405801, -0.563251], [-75.410534, -0.562749], [-75.415826, -0.566774], [-75.424825, -0.566178], [-75.439716, -0.554548], [-75.44966, -0.549733], [-75.46694, -0.546235], [-75.477376, -0.554345], [-75.484088, -0.55733], [-75.488499, -0.548119], [-75.491756, -0.544936], [-75.494508, -0.544283], [-75.497495, -0.546013], [-75.501814, -0.55364], [-75.508031, -0.557123], [-75.514943, -0.555524], [-75.535005, -0.541921], [-75.538857, -0.542389], [-75.542791, -0.546173], [-75.54918, -0.549158], [-75.557881, -0.548505], [-75.561208, -0.546121], [-75.563188, -0.541748], [-75.559378, -0.527364], [-75.559973, -0.522778], [-75.562924, -0.520588], [-75.57167, -0.520868], [-75.574368, -0.518995], [-75.568784, -0.502323], [-75.573665, -0.494095], [-75.577421, -0.491944], [-75.581239, -0.493041], [-75.584791, -0.497286], [-75.584695, -0.506724], [-75.590562, -0.50634], [-75.591969, -0.504441], [-75.593822, -0.492554], [-75.597686, -0.48494], [-75.605907, -0.485178], [-75.609721, -0.482836], [-75.612917, -0.48278], [-75.615585, -0.480886], [-75.616415, -0.478254], [-75.615357, -0.476583], [-75.617186, -0.477929], [-75.620805, -0.476183], [-75.623464, -0.477089], [-75.624555, -0.474779], [-75.628777, -0.4755], [-75.62925, -0.474169], [-75.632177, -0.473533], [-75.633874, -0.474532], [-75.636622, -0.472997], [-75.637199, -0.469641], [-75.639616, -0.469156], [-75.640863, -0.466458], [-75.647182, -0.468274], [-75.647426, -0.457895], [-75.652811, -0.452332], [-75.65633, -0.452426], [-75.658997, -0.456709], [-75.662543, -0.455501], [-75.668441, -0.459931], [-75.673656, -0.459942], [-75.675861, -0.4635], [-75.682447, -0.465362], [-75.683643, -0.467524], [-75.691653, -0.466346], [-75.695011, -0.470344], [-75.698832, -0.470608], [-75.700892, -0.472842], [-75.711328, -0.468627], [-75.711858, -0.466612], [-75.717972, -0.466095], [-75.717473, -0.457132], [-75.722619, -0.448546], [-75.722388, -0.444235], [-75.728474, -0.437577], [-75.733055, -0.435206], [-75.739688, -0.424599], [-75.743838, -0.421372], [-75.749257, -0.420028], [-75.753212, -0.42254], [-75.756559, -0.42138], [-75.758342, -0.42286], [-75.769594, -0.424676], [-75.774838, -0.420195], [-75.778047, -0.419506], [-75.780003, -0.423333], [-75.781777, -0.423058], [-75.78204, -0.424401], [-75.789189, -0.424271], [-75.790814, -0.426048], [-75.794171, -0.426408], [-75.795257, -0.429091], [-75.80217, -0.430123], [-75.803232, -0.431364], [-75.804477, -0.42916], [-75.809949, -0.429436], [-75.81444, -0.4332], [-75.817939, -0.432556], [-75.819768, -0.435518], [-75.827618, -0.437643], [-75.835305, -0.433757], [-75.834411, -0.429611], [-75.835859, -0.425851], [-75.844766, -0.425647], [-75.850022, -0.422301], [-75.854276, -0.424133], [-75.855909, -0.423558], [-75.855791, -0.418074], [-75.852228, -0.409441], [-75.861634, -0.403216], [-75.864236, -0.40841], [-75.931932, -0.407932], [-75.933654, -0.409914], [-75.937676, -0.40964], [-75.940344, -0.414458], [-75.945449, -0.416074], [-75.945872, -0.418387], [-75.95081, -0.417623], [-75.955084, -0.41934], [-75.940389, -0.532207], [-75.94358, -0.538547], [-75.946531, -0.539381], [-75.945547, -0.544491], [-75.947013, -0.548656], [-75.942461, -0.554921], [-75.941094, -0.553431], [-75.934375, -0.557311], [-75.930005, -0.568056], [-75.965379, -0.56367], [-75.988514, -0.557324], [-76.002328, -0.545525], [-76.0133, -0.532252], [-76.026451, -0.527587], [-76.051009, -0.513104], [-76.062331, -0.502948], [-76.070075, -0.487816], [-76.072659, -0.480177], [-76.07329, -0.46255], [-76.077409, -0.448917], [-76.082853, -0.442266], [-76.093569, -0.439849], [-76.104768, -0.441688], [-76.120627, -0.449198], [-76.129268, -0.451493], [-76.139277, -0.448867], [-76.15253, -0.44275], [-76.173343, -0.441161], [-76.229862, -0.450473], [-76.247152, -0.448423], [-76.262563, -0.449578], [-76.270887, -0.45381], [-76.281787, -0.468334], [-76.299055, -0.478724], [-76.303462, -0.480588], [-76.33346, -0.485618], [-76.346821, -0.494575], [-76.356637, -0.50818], [-76.36977, -0.518293], [-76.387203, -0.51992], [-76.392833, -0.517188], [-76.403981, -0.49945], [-76.420897, -0.487056], [-76.434654, -0.485046], [-76.460088, -0.488563], [-76.468977, -0.487352], [-76.476092, -0.482203], [-76.480433, -0.476264], [-76.492672, -0.465032], [-76.501571, -0.449503], [-76.506979, -0.443707], [-76.516582, -0.439346], [-76.529455, -0.438137], [-76.533225, -0.436421], [-76.53963, -0.428334], [-76.543261, -0.420533], [-76.551089, -0.41302], [-76.556851, -0.409944], [-76.564817, -0.409233], [-76.582001, -0.415042], [-76.587997, -0.418434], [-76.595154, -0.425314], [-76.607245, -0.425754], [-76.623826, -0.429607], [-76.627675, -0.42913], [-76.630314, -0.426355], [-76.632955, -0.426493], [-76.634073, -0.422868], [-76.635504, -0.423209], [-76.640447, -0.418202], [-76.639148, -0.41645], [-76.640685, -0.414396], [-76.638923, -0.413482], [-76.639692, -0.41171], [-76.633371, -0.404434], [-76.636155, -0.397996], [-76.638532, -0.397836], [-76.638364, -0.396576], [-76.644251, -0.393684], [-76.645418, -0.391128], [-76.651025, -0.393177], [-76.659339, -0.390231], [-76.659233, -0.388416], [-76.662023, -0.387297], [-76.661394, -0.386087], [-76.664624, -0.385707], [-76.6633, -0.384281], [-76.66538, -0.384315], [-76.665125, -0.383], [-76.669402, -0.379568], [-76.667939, -0.378911], [-76.668239, -0.377391], [-76.670032, -0.37724], [-76.670026, -0.375331], [-76.673679, -0.37484], [-76.673415, -0.373454], [-76.676995, -0.374384], [-76.685892, -0.371174], [-76.685692, -0.370022], [-76.68759, -0.371178], [-76.689435, -0.364074], [-76.691113, -0.36438], [-76.692798, -0.362064], [-76.694479, -0.362824], [-76.696211, -0.361112], [-76.69548, -0.35977], [-76.697535, -0.360332], [-76.697186, -0.358208], [-76.700502, -0.353582], [-76.702101, -0.353766], [-76.701793, -0.351928], [-76.7042, -0.350988], [-76.705336, -0.352532], [-76.707139, -0.350109], [-76.707584, -0.352132], [-76.708285, -0.35057], [-76.713249, -0.351779], [-76.714234, -0.349699], [-76.715981, -0.350759], [-76.716305, -0.349039], [-76.72167, -0.350002], [-76.724608, -0.346856], [-76.727142, -0.346471], [-76.727744, -0.342514], [-76.724798, -0.343486], [-76.723069, -0.34127], [-76.723507, -0.338366], [-76.719895, -0.339002], [-76.719368, -0.337322], [-76.720834, -0.336607], [-76.719908, -0.335542], [-76.722116, -0.335995], [-76.724168, -0.33441], [-76.722566, -0.333097], [-76.72605, -0.330091], [-76.72563, -0.327937], [-76.728218, -0.327587], [-76.727588, -0.326158], [-76.729403, -0.322933], [-76.730116, -0.323945], [-76.73224, -0.321352], [-76.736392, -0.320359], [-76.740134, -0.313947], [-76.739196, -0.312684], [-76.744456, -0.311941], [-76.745562, -0.308451], [-76.744549, -0.307317], [-76.746529, -0.306482], [-76.745595, -0.304779], [-76.745911, -0.303403], [-76.747951, -0.305311], [-76.748895, -0.303199], [-76.750234, -0.303778], [-76.750087, -0.301436], [-76.751337, -0.301823], [-76.753044, -0.299481], [-76.751772, -0.297664], [-76.75241, -0.294843], [-76.750706, -0.293008], [-76.752203, -0.292487], [-76.751062, -0.292283], [-76.752658, -0.287568], [-76.75614, -0.28695], [-76.757038, -0.285222], [-76.758699, -0.284987], [-76.758095, -0.286591], [-76.759439, -0.286138], [-76.759096, -0.283738], [-76.761389, -0.282052], [-76.763408, -0.282953], [-76.762879, -0.281202], [-76.764231, -0.281696], [-76.765691, -0.280182], [-76.76411, -0.280259], [-76.762778, -0.27635], [-76.762453, -0.27408], [-76.764263, -0.27323], [-76.761403, -0.272774], [-76.762584, -0.271118], [-76.760761, -0.271423], [-76.762118, -0.270206], [-76.760795, -0.270076], [-76.761737, -0.267572], [-76.763286, -0.267117], [-76.761644, -0.26635], [-76.763804, -0.265388], [-76.762681, -0.263293], [-76.763428, -0.261419], [-76.762144, -0.260733], [-76.766428, -0.257367], [-76.765593, -0.255532], [-76.767394, -0.257321], [-76.768129, -0.255973], [-76.77248, -0.256441], [-76.772413, -0.254999], [-76.776678, -0.253449], [-76.77603, -0.251498], [-76.777006, -0.250359], [-76.77795, -0.251108], [-76.777559, -0.249817], [-76.780363, -0.249584], [-76.780333, -0.247851], [-76.782347, -0.249395], [-76.783553, -0.247752], [-76.785273, -0.248564], [-76.787505, -0.243381], [-76.789923, -0.242504], [-76.79274, -0.237994], [-76.795333, -0.236846], [-76.796204, -0.237742], [-76.79849, -0.234986], [-76.801289, -0.234242], [-76.803669, -0.227646], [-76.806511, -0.225058], [-76.807354, -0.21947], [-76.812116, -0.217195], [-76.811466, -0.215672], [-76.813044, -0.211979], [-76.818131, -0.209571], [-76.822223, -0.204196], [-76.824462, -0.203914], [-76.823424, -0.202418], [-76.825746, -0.202928], [-76.82638, -0.200574], [-76.827821, -0.200589], [-76.827148, -0.196432], [-76.828405, -0.194844], [-76.830154, -0.195054], [-76.829208, -0.193626], [-76.831223, -0.188976], [-76.836382, -0.188057], [-76.841129, -0.183748], [-76.840924, -0.18228], [-76.844727, -0.182053], [-76.84704, -0.179306], [-76.846943, -0.176499], [-76.850667, -0.17458], [-76.853097, -0.168329], [-76.854727, -0.168895], [-76.857519, -0.163042], [-76.85683, -0.161891], [-76.860593, -0.157205], [-76.86099, -0.154713], [-76.862434, -0.154483], [-76.863666, -0.150064], [-76.862526, -0.148778], [-76.863585, -0.147529], [-76.86464, -0.149219], [-76.866994, -0.148643], [-76.867638, -0.144611], [-76.869413, -0.143643], [-76.868093, -0.141876], [-76.874208, -0.136876], [-76.873841, -0.134653], [-76.876397, -0.130497], [-76.875289, -0.127673], [-76.87855, -0.12383], [-76.880268, -0.124451], [-76.884761, -0.120527], [-76.888419, -0.120208], [-76.889653, -0.116937], [-76.893087, -0.117122], [-76.892893, -0.11184], [-76.895973, -0.108549], [-76.901817, -0.108673], [-76.904442, -0.09633], [-76.905001, -0.084281], [-76.908586, -0.083447], [-76.90917, -0.082051], [-76.921558, -0.081056], [-76.928779, -0.08165], [-76.933725, -0.085938], [-76.933741, -0.059113], [-76.939102, -0.059627], [-76.939447, -0.060974], [-76.940547, -0.059792], [-76.946047, -0.064572], [-76.947791, -0.062914], [-76.950017, -0.064277], [-76.951667, -0.062549], [-76.951723, -0.063887], [-76.954654, -0.063155], [-76.9645, -0.065272], [-76.970867, -0.070737], [-76.979336, -0.071482], [-76.984437, -0.079685], [-76.987767, -0.081961], [-76.98957, -0.080843], [-76.995439, -0.082675], [-76.997922, -0.081547], [-76.999743, -0.084857], [-77.004968, -0.086898], [-77.012129, -0.092608], [-77.016455, -0.099715], [-77.022476, -0.100715], [-77.022623, -0.102487], [-77.024727, -0.101589], [-77.025306, -0.103781], [-77.026055, -0.102825], [-77.02952, -0.106], [-77.0424, -0.107068], [-77.053443, -0.113765], [-77.060222, -0.113638], [-77.068208, -0.11317], [-77.077955, -0.108994], [-77.082266, -0.108529], [-77.08628, -0.110403], [-77.095249, -0.111472], [-77.099958, -0.108968], [-77.100488, -0.106761], [-77.107078, -0.102902], [-77.107193, -0.100968], [-77.110887, -0.098197], [-77.117577, -0.096705], [-77.119308, -0.093416], [-77.123516, -0.09177], [-77.128109, -0.092185], [-77.14489, -0.086981], [-77.155535, -0.087757], [-77.162435, -0.084252], [-77.162435, -0.102183], [-77.167238, -0.102467], [-77.169672, -0.099], [-77.172121, -0.098169], [-77.1899, -0.097311], [-77.194954, -0.094531], [-77.200049, -0.098788], [-77.203779, -0.098946], [-77.208932, -0.094332], [-77.208748, -0.08731], [-77.2104, -0.084014], [-77.222002, -0.081722], [-77.22808, -0.077954], [-77.232337, -0.078126], [-77.239768, -0.072136], [-77.245074, -0.072427], [-77.251813, -0.065668], [-77.259619, -0.06531], [-77.266192, -0.059936], [-77.271056, -0.058408], [-77.278649, -0.045414], [-77.290057, -0.045213], [-77.293173, -0.04853], [-77.302012, -0.051397], [-77.305318, -0.053908], [-77.304496, -0.067302], [-77.306189, -0.07231], [-77.315078, -0.074924], [-77.32128, -0.080319], [-77.328346, -0.09335], [-77.336348, -0.096426], [-77.338898, -0.101323], [-77.336376, -0.112479], [-77.341397, -0.12352], [-77.345044, -0.124336], [-77.346724, -0.129624], [-77.358646, -0.140778], [-77.370473, -0.145844], [-77.377901, -0.152236], [-77.381948, -0.152335], [-77.38463, -0.151227], [-77.387974, -0.144089], [-77.390784, -0.14149], [-77.393613, -0.140953], [-77.393357, -0.139815], [-77.413709, -0.136092], [-77.428736, -0.130895], [-77.434431, -0.131594], [-77.439064, -0.129349], [-77.446937, -0.136283], [-77.451664, -0.138816], [-77.452832, -0.13788], [-77.454922, -0.127396], [-77.451806, -0.121404], [-77.455411, -0.116176], [-77.450547, -0.112222], [-77.448673, -0.103382], [-77.444574, -0.097941], [-77.445927, -0.094991], [-77.450246, -0.093949], [-77.450436, -0.088053], [-77.454708, -0.086883], [-77.457829, -0.083789], [-77.448907, -0.076733], [-77.449572, -0.070366], [-77.441812, -0.068437], [-77.43929, -0.066428], [-77.438258, -0.063221], [-77.440382, -0.059644], [-77.443744, -0.059743], [-77.446197, -0.061846], [-77.450456, -0.061022], [-77.450445, -0.053764], [-77.45607, -0.0503], [-77.456544, -0.046664], [-77.452949, -0.04199], [-77.453008, -0.038773], [-77.456117, -0.032594], [-77.456299, -0.024553], [-77.460763, -0.018933], [-77.466441, -0.019661], [-77.469711, -0.018021], [-77.473911, -0.023598], [-77.486214, -0.02691], [-77.486199, -0.032518], [-77.487694, -0.035001], [-77.487032, -0.040195], [-77.50767, -0.039604], [-77.50804, -0.042065], [-77.504926, -0.047624], [-77.505999, -0.051445], [-77.504242, -0.055315], [-77.510574, -0.064213], [-77.522184, -0.06064], [-77.524956, -0.061395], [-77.527159, -0.05741], [-77.530691, -0.055126], [-77.536102, -0.055575], [-77.537167, -0.058471], [-77.539937, -0.059754], [-77.538456, -0.060748], [-77.538294, -0.064223], [-77.544854, -0.065762], [-77.545822, -0.069637], [-77.550123, -0.07045], [-77.551452, -0.075569], [-77.558819, -0.07815], [-77.559169, -0.084508], [-77.562245, -0.08546], [-77.564058, -0.088761], [-77.567533, -0.087041], [-77.57125, -0.092648], [-77.571506, -0.095955], [-77.57517, -0.096768], [-77.580633, -0.101424], [-77.583973, -0.109107], [-77.591184, -0.109268], [-77.590077, -0.103142], [-77.594376, -0.101489], [-77.596197, -0.096305], [-77.600861, -0.094269], [-77.603468, -0.088416], [-77.607411, -0.086665], [-77.611951, -0.081983], [-77.618965, -0.081751], [-77.62257, -0.079616], [-77.628956, -0.080789], [-77.632061, -0.077549], [-77.638106, -0.076094], [-77.646313, -0.079164], [-77.658821, -0.080853], [-77.782305, -0.083113], [-77.779771, -0.07905], [-77.779908, -0.071752], [-77.781168, -0.065003], [-77.782782, -0.063159], [-77.782345, -0.057397], [-77.785363, -0.052594], [-77.783134, -0.050923], [-77.782579, -0.0485], [-77.78578, -0.038551], [-77.785152, -0.031034], [-77.786681, -0.026531], [-77.790769, -0.023899], [-77.794468, -0.016646], [-77.793875, -0.013265], [-77.791524, -0.012701], [-77.791031, -0.010231], [-77.788704, -0.00951], [-77.78662, -0.006422], [-77.78661, -0.001115], [-77.788158, 0.001995], [-77.787237, 0.004385], [-77.785153, 0.004299], [-77.779469, 0.010506], [-77.781041, 0.015133], [-77.784731, 0.019718], [-77.790084, 0.021978], [-77.793315, 0.02119], [-77.798166, 0.026695], [-77.802138, 0.023331], [-77.811879, 0.023964], [-77.813907, 0.030009], [-77.822545, 0.034185], [-77.825369, 0.03381], [-77.831072, 0.029585], [-77.834302, 0.030371], [-77.841879, 0.026589], [-77.845333, 0.027618], [-77.848303, 0.024369], [-77.852283, 0.023182], [-77.854711, 0.024509], [-77.857806, 0.032928], [-77.85888, 0.051455], [-77.8571, 0.053488], [-77.859435, 0.062298], [-77.863658, 0.062909], [-77.870911, 0.069243], [-77.876849, 0.070411], [-77.879158, 0.075495], [-77.881584, 0.076575], [-77.883905, 0.075828], [-77.888181, 0.081608], [-77.893088, 0.084166], [-77.901583, 0.084651], [-77.90393, 0.082661], [-77.911177, 0.08264], [-77.91357, 0.080526], [-77.918244, 0.081763], [-77.924397, 0.088165], [-77.925209, 0.091063], [-77.92913, 0.093692], [-77.929947, 0.097132], [-77.936769, 0.10387], [-77.945914, 0.099287], [-77.953607, 0.108432], [-77.962257, 0.112846], [-77.965674, 0.110567], [-77.968309, 0.111791], [-77.971534, 0.111005], [-77.976744, 0.105588], [-77.978753, 0.109865], [-77.974807, 0.116795], [-77.97475, 0.122233], [-77.972741, 0.123444], [-77.975295, 0.127707], [-77.970477, 0.136824], [-77.972582, 0.140861], [-77.972042, 0.143338], [-77.970625, 0.146806], [-77.964812, 0.152243], [-77.965199, 0.157903], [-77.959361, 0.159298], [-77.956494, 0.157159], [-77.955522, 0.159618], [-77.948483, 0.165758], [-77.948899, 0.167963], [-77.943418, 0.174265], [-77.941227, 0.179905], [-77.938165, 0.180172], [-77.935062, 0.177216], [-77.930403, 0.177495], [-77.927633, 0.178424], [-77.927241, 0.181013], [-77.923497, 0.182012], [-77.925362, 0.186446], [-77.923441, 0.190729], [-77.925702, 0.196129], [-77.924361, 0.198185], [-77.921006, 0.198515], [-77.914089, 0.202408], [-77.911794, 0.205133], [-77.904777, 0.205858], [-77.900813, 0.20233], [-77.894433, 0.204465], [-77.886056, 0.199737], [-77.870465, 0.207784], [-77.873008, 0.215969], [-77.868495, 0.220885], [-77.865851, 0.231691], [-77.861229, 0.23344], [-77.85949, 0.237711], [-77.849532, 0.24048], [-77.852085, 0.247522], [-77.849578, 0.248851], [-77.847529, 0.252469], [-77.848612, 0.255971], [-77.847642, 0.259012], [-77.831305, 0.267183], [-77.831432, 0.270224], [-77.829184, 0.274065], [-77.836978, 0.275742], [-77.841016, 0.279256], [-77.845304, 0.279092], [-77.847397, 0.286286], [-77.849412, 0.28852], [-77.846786, 0.295497], [-77.85246, 0.300646], [-77.851127, 0.30118], [-77.850477, 0.306483], [-77.840038, 0.310696], [-77.837714, 0.310042], [-77.831313, 0.320657], [-77.823463, 0.326004], [-77.823358, 0.329964], [-77.825855, 0.33078], [-77.825305, 0.332807], [-77.818884, 0.340554], [-77.820449, 0.344196], [-77.816945, 0.348386], [-77.814413, 0.34863], [-77.811604, 0.351341], [-77.810623, 0.353933], [-77.812921, 0.356787], [-77.806753, 0.364378], [-77.797188, 0.369439], [-77.798969, 0.377504], [-77.795522, 0.380658], [-77.797778, 0.38278], [-77.796297, 0.385188], [-77.800589, 0.389146], [-77.802883, 0.398805], [-77.813357, 0.403605], [-77.812364, 0.409376], [-77.806918, 0.41383], [-77.807157, 0.415683], [-77.804769, 0.419239], [-77.803941, 0.422456], [-77.807258, 0.425073], [-77.807265, 0.426907], [-77.802483, 0.430295], [-77.797507, 0.431574], [-77.794217, 0.43472], [-77.795009, 0.440563], [-77.793136, 0.444568], [-77.787029, 0.446854], [-77.782551, 0.453107], [-77.784794, 0.459879], [-77.783795, 0.461365], [-77.777954, 0.461043], [-77.771789, 0.464854], [-77.774406, 0.466778], [-77.773918, 0.470264], [-77.770256, 0.474174], [-77.767873, 0.474231], [-77.760925, 0.479556], [-77.754029, 0.491479], [-77.755985, 0.495093], [-77.7518, 0.504938], [-77.74485, 0.508835], [-77.737359, 0.518079], [-77.735892, 0.52186], [-77.731161, 0.523781], [-77.729321, 0.526545], [-77.727911, 0.534009], [-77.723388, 0.53119], [-77.720774, 0.531479], [-77.709747, 0.548916], [-77.698702, 0.551194], [-77.677843, 0.56221], [-77.672366, 0.575101], [-77.672413, 0.578112], [-77.661857, 0.598541], [-77.655859, 0.603109], [-77.672567, 0.613458], [-77.673605, 0.612664], [-77.674877, 0.615015], [-77.685362, 0.615836], [-77.687953, 0.617948], [-77.689748, 0.621053], [-77.689822, 0.624928], [-77.687554, 0.628278], [-77.686343, 0.640736], [-77.682163, 0.641936], [-77.672138, 0.649298], [-77.668061, 0.644943], [-77.662329, 0.647825], [-77.654929, 0.647509], [-77.652263, 0.643956], [-77.637124, 0.63603], [-77.632098, 0.639014], [-77.623546, 0.639687], [-77.616906, 0.642132], [-77.604649, 0.636262], [-77.601698, 0.636282], [-77.59847, 0.64009], [-77.594282, 0.640766], [-77.592522, 0.638522], [-77.585434, 0.638954], [-77.583767, 0.63669], [-77.577357, 0.638065], [-77.576229, 0.635465], [-77.573718, 0.637781], [-77.571278, 0.635728], [-77.566194, 0.634499], [-77.556363, 0.641258], [-77.546562, 0.642279], [-77.545693, 0.639949], [-77.544359, 0.642841], [-77.539654, 0.644542], [-77.5379, 0.647952], [-77.531371, 0.648652], [-77.531771, 0.652972], [-77.526214, 0.656177], [-77.522855, 0.65578], [-77.522143, 0.657979], [-77.511179, 0.657426], [-77.510356, 0.655965], [-77.506738, 0.655527], [-77.503789, 0.658459], [-77.503364, 0.661221], [-77.502005, 0.657798], [-77.492062, 0.662485], [-77.486306, 0.656623], [-77.4805, 0.656173], [-77.482164, 0.652994], [-77.481703, 0.650635], [-77.483601, 0.649907], [-77.482843, 0.645256], [-77.478955, 0.64039], [-77.480042, 0.635164], [-77.478939, 0.631759], [-77.480834, 0.629642], [-77.479646, 0.620479], [-77.480993, 0.615733], [-77.479818, 0.61302], [-77.48145, 0.611187], [-77.480327, 0.609497], [-77.482379, 0.607429], [-77.481837, 0.605821], [-77.483508, 0.603172], [-77.486671, 0.600216], [-77.488921, 0.584935], [-77.491575, 0.583911], [-77.491652, 0.582406], [-77.494429, 0.582668], [-77.497695, 0.580841], [-77.501631, 0.577184], [-77.504165, 0.567211], [-77.50609, 0.565743], [-77.510549, 0.565462], [-77.509493, 0.559604], [-77.511686, 0.550735], [-77.514558, 0.549413], [-77.514436, 0.546269], [-77.518436, 0.538799], [-77.51744, 0.536044], [-77.521857, 0.531521], [-77.520869, 0.525319], [-77.522899, 0.519694], [-77.520729, 0.512107], [-77.518266, 0.509833], [-77.516339, 0.494582], [-77.523666, 0.480507], [-77.524894, 0.476777], [-77.523772, 0.474183], [-77.525653, 0.471235], [-77.523177, 0.463126], [-77.519306, 0.457638], [-77.520653, 0.454766], [-77.518708, 0.452919], [-77.523357, 0.444096], [-77.520506, 0.439734], [-77.521616, 0.429363], [-77.520145, 0.421525], [-77.527197, 0.411743], [-77.529477, 0.406055], [-77.45884, 0.427099], [-77.445595, 0.427031], [-77.431349, 0.43941], [-77.429614, 0.437251], [-77.42422, 0.438222], [-77.421025, 0.436284], [-77.420094, 0.435049], [-77.421019, 0.430256], [-77.422797, 0.427777], [-77.421063, 0.421527], [-77.416117, 0.419661], [-77.412462, 0.412545], [-77.412344, 0.408879], [-77.410173, 0.4071], [-77.407194, 0.406988], [-77.404242, 0.403401], [-77.397826, 0.400164], [-77.396088, 0.396894], [-77.392704, 0.395803], [-77.393306, 0.391569], [-77.389649, 0.388246], [-77.380379, 0.385439], [-77.378721, 0.389255], [-77.381902, 0.392128], [-77.38364, 0.396265], [-77.376845, 0.396863], [-77.373759, 0.40053], [-77.370939, 0.400792], [-77.368777, 0.398058], [-77.362199, 0.395881], [-77.361005, 0.393062], [-77.357543, 0.396178], [-77.349828, 0.390972], [-77.340991, 0.39119], [-77.339537, 0.389421], [-77.334929, 0.388097], [-77.326842, 0.389328], [-77.326118, 0.386645], [-77.319382, 0.383328], [-77.318699, 0.380373], [-77.312851, 0.380642], [-77.309605, 0.37298], [-77.302948, 0.36809], [-77.298937, 0.368316], [-77.297047, 0.365144], [-77.291892, 0.365803], [-77.287531, 0.363205], [-77.284823, 0.364468], [-77.28087, 0.362913], [-77.277388, 0.365144], [-77.270545, 0.363877], [-77.268649, 0.367741], [-77.263556, 0.370222], [-77.259552, 0.36941], [-77.254999, 0.364407], [-77.249047, 0.365127], [-77.245373, 0.361569], [-77.238863, 0.366161], [-77.235777, 0.365281], [-77.232609, 0.362074], [-77.227291, 0.36267], [-77.223649, 0.365266], [-77.220049, 0.363323], [-77.20142, 0.368661], [-77.199365, 0.374384], [-77.19632, 0.374219], [-77.193264, 0.378598], [-77.188517, 0.380399], [-77.186564, 0.387225], [-77.184813, 0.388504], [-77.179803, 0.390521], [-77.174359, 0.389403], [-77.171089, 0.387176], [-77.166907, 0.389669], [-77.163251, 0.386981], [-77.160676, 0.382734], [-77.152413, 0.379244], [-77.14968, 0.375938], [-77.143986, 0.376455], [-77.136906, 0.374504], [-77.134128, 0.375499], [-77.132022, 0.378883], [-77.126798, 0.37928], [-77.123415, 0.375929], [-77.113339, 0.371976], [-77.111466, 0.364643], [-77.10705, 0.357123], [-77.106933, 0.346496], [-77.099152, 0.336451], [-77.09594, 0.32674], [-77.086202, 0.321002], [-77.081449, 0.315877], [-77.080226, 0.311237], [-77.084887, 0.306524], [-77.085037, 0.299795], [-77.07811, 0.287269], [-77.069512, 0.289766], [-77.062723, 0.284879], [-77.055428, 0.284038], [-77.052543, 0.285778], [-77.050466, 0.291365], [-77.047895, 0.292922], [-77.042797, 0.287072], [-77.035846, 0.283847], [-77.03174, 0.278185], [-77.027402, 0.277048], [-77.015009, 0.290769], [-77.003805, 0.296754], [-76.996384, 0.293598], [-76.997974, 0.288497], [-76.996931, 0.28113], [-76.985246, 0.268214], [-76.976795, 0.269038], [-76.964935, 0.273734], [-76.959341, 0.269327], [-76.949022, 0.268576], [-76.944317, 0.269625], [-76.938673, 0.275995], [-76.932843, 0.276582], [-76.929985, 0.274706], [-76.928885, 0.270502], [-76.934707, 0.265144], [-76.93523, 0.261572], [-76.924698, 0.257054], [-76.910258, 0.24716], [-76.905738, 0.245818], [-76.895966, 0.247406], [-76.887498, 0.246466], [-76.882668, 0.248208], [-76.88147, 0.25185], [-76.879887, 0.252011], [-76.858292, 0.245855], [-76.852895, 0.241799], [-76.845458, 0.239065], [-76.838949, 0.241805], [-76.832328, 0.247229], [-76.830597, 0.252094], [-76.83125, 0.254252], [-76.836398, 0.256894], [-76.838071, 0.261511], [-76.83281, 0.261008], [-76.828587, 0.263235], [-76.82443, 0.261214], [-76.822808, 0.256017], [-76.821491, 0.255633], [-76.813677, 0.257249], [-76.798284, 0.264228], [-76.790916, 0.264024], [-76.7855, 0.262382], [-76.780467, 0.258251], [-76.769493, 0.246093], [-76.756211, 0.248162], [-76.752884, 0.250701], [-76.752177, 0.255864], [-76.756374, 0.258558], [-76.764566, 0.258563], [-76.766501, 0.260441], [-76.765449, 0.263946], [-76.752807, 0.274647], [-76.740874, 0.279036], [-76.736088, 0.286324], [-76.732809, 0.288651], [-76.726081, 0.283785], [-76.717835, 0.273093], [-76.711833, 0.268759], [-76.706546, 0.275788], [-76.701008, 0.278257], [-76.690745, 0.276238], [-76.678687, 0.269618], [-76.664771, 0.272162], [-76.656219, 0.27078], [-76.653694, 0.266608], [-76.656514, 0.254091], [-76.652231, 0.251018], [-76.636803, 0.261974], [-76.629704, 0.2633], [-76.627063, 0.262285], [-76.618082, 0.253992], [-76.608068, 0.233732], [-76.603094, 0.229461], [-76.595219, 0.227817], [-76.590022, 0.219991], [-76.585876, 0.218633], [-76.580907, 0.221918], [-76.578269, 0.229668], [-76.572839, 0.238905], [-76.568232, 0.243788], [-76.550545, 0.251035], [-76.535149, 0.259323], [-76.524687, 0.253046], [-76.512974, 0.24051], [-76.503839, 0.236359], [-76.488107, 0.241748], [-76.474179, 0.239156], [-76.447915, 0.239227], [-76.445007, 0.240624], [-76.443461, 0.245687], [-76.445425, 0.254724], [-76.436883, 0.257368], [-76.428064, 0.255884], [-76.424354, 0.251859], [-76.42421, 0.248652], [-76.429478, 0.240467], [-76.429118, 0.237786], [-76.426101, 0.235256], [-76.422917, 0.234302], [-76.412059, 0.241614], [-76.412035, 0.379929], [-76.397249, 0.382031], [-76.372026, 0.39452], [-76.36472, 0.392657], [-76.354902, 0.37942], [-76.344283, 0.380454], [-76.334201, 0.388544], [-76.333643, 0.400888], [-76.330711, 0.416128], [-76.314317, 0.434293], [-76.310446, 0.433688], [-76.304089, 0.423013], [-76.297922, 0.421032], [-76.291614, 0.423482], [-76.283428, 0.435088], [-76.276954, 0.43654], [-76.260091, 0.425896], [-76.259184, 0.420491], [-76.262003, 0.407498], [-76.260339, 0.404007], [-76.25683, 0.402059], [-76.250889, 0.401447], [-76.240453, 0.404942], [-76.232096, 0.400635], [-76.229442, 0.392884], [-76.228531, 0.376838], [-76.225933, 0.374288], [-76.223702, 0.375202], [-76.219545, 0.381714], [-76.214097, 0.384881], [-76.208, 0.386106], [-76.204787, 0.384021], [-76.198004, 0.374042], [-76.18664, 0.371887], [-76.174173, 0.372154], [-76.16649, 0.376087], [-76.163377, 0.386902], [-76.160263, 0.389441], [-76.146402, 0.378303], [-76.134446, 0.373771], [-76.127624, 0.36421], [-76.126002, 0.357609], [-76.120261, 0.349573], [-76.118212, 0.343917], [-76.121132, 0.324691], [-76.117683, 0.319291], [-76.111356, 0.314431], [-76.105424, 0.313473], [-76.097115, 0.317928], [-76.088002, 0.333334], [-76.083022, 0.336778], [-76.062776, 0.336542], [-76.053677, 0.333334], [-76.050032, 0.327298], [-76.046442, 0.311942], [-76.04011, 0.306937], [-76.033777, 0.304221], [-76.015251, 0.302702], [-76.009447, 0.300131], [-76.004296, 0.295327], [-75.999351, 0.287466], [-75.997685, 0.282406], [-75.997707, 0.26959], [-75.99591, 0.2653], [-75.98662, 0.264057], [-75.984127, 0.261154], [-75.9844, 0.256576], [-75.986619, 0.254172], [-76.003957, 0.254733], [-76.005296, 0.252434], [-76.003771, 0.248394], [-75.996042, 0.246507], [-75.990144, 0.242924], [-75.974905, 0.242716], [-75.963842, 0.238307], [-75.959875, 0.23458], [-75.958421, 0.225144], [-75.953088, 0.221007], [-75.95109, 0.221468], [-75.947172, 0.229174], [-75.94392, 0.229219], [-75.944803, 0.223988], [-75.952492, 0.216689], [-75.957401, 0.214684], [-75.959211, 0.211002], [-75.958143, 0.207263], [-75.953664, 0.201538], [-75.937891, 0.200147], [-75.931709, 0.194697], [-75.927154, 0.188889], [-75.922626, 0.179525], [-75.914528, 0.171109], [-75.900156, 0.16398], [-75.897541, 0.161404], [-75.896528, 0.154004], [-75.905452, 0.144572], [-75.905512, 0.13733], [-75.901692, 0.13607], [-75.890313, 0.141483], [-75.886629, 0.141261], [-75.884184, 0.139684], [-75.881349, 0.134631], [-75.879964, 0.120967], [-75.875317, 0.118195], [-75.870617, 0.120592], [-75.869117, 0.128498], [-75.864699, 0.133915], [-75.859351, 0.135141], [-75.851953, 0.131302], [-75.839496, 0.104424], [-75.824459, 0.090309], [-75.814119, 0.077272], [-75.813484, 0.059381], [-75.812549, 0.055793], [-75.809381, 0.052143], [-75.801933, 0.050297], [-75.794783, 0.052748], [-75.791521, 0.055603], [-75.787556, 0.056036], [-75.771538, 0.041729], [-75.748002, 0.036225], [-75.715437, 0.038924], [-75.690811, 0.037089], [-75.681453, 0.040311], [-75.664694, 0.040803], [-75.660585, 0.038451], [-75.652658, 0.030406], [-75.649625, 0.029363], [-75.647597, 0.029617], [-75.64431, 0.034209], [-75.641631, 0.046506], [-75.637751, 0.047016], [-75.632672, 0.04312], [-75.63275, 0.033917], [-75.629261, 0.028142], [-75.613504, 0.021674], [-75.602411, 0.014861], [-75.586742, 0.01736], [-75.582087, 0.015122], [-75.58019, 0.011654], [-75.578947, 0.002974], [-75.582892, -0.00787], [-75.583299, -0.014029], [-75.579417, -0.021092], [-75.573407, -0.025531], [-75.563882, -0.026146], [-75.553059, -0.023429], [-75.542478, -0.027168], [-75.528931, -0.025654], [-75.523241, -0.026469], [-75.512734, -0.034921], [-75.506803, -0.045947], [-75.502556, -0.049347], [-75.496198, -0.050773], [-75.49148, -0.049226], [-75.467993, -0.050665], [-75.447032, -0.071348], [-75.439661, -0.075247], [-75.431911, -0.081846], [-75.418625, -0.08467], [-75.415186, -0.086364], [-75.411127, -0.091128], [-75.395935, -0.097706], [-75.387541, -0.099166], [-75.367989, -0.090255], [-75.361053, -0.090176], [-75.352462, -0.091764], [-75.337927, -0.101346], [-75.326814, -0.105316], [-75.318554, -0.10611], [-75.309716, -0.104652], [-75.298409, -0.106446], [-75.286951, -0.117158], [-75.276094, -0.123506], [-75.267976, -0.121681], [-75.258534, -0.11344], [-75.256019, -0.119889], [-75.260168, -0.127821], [-75.2736, -0.132306], [-75.284171, -0.141772], [-75.286757, -0.151613], [-75.289231, -0.154842], [-75.290719, -0.152345], [-75.296324, -0.148757], [-75.298857, -0.155215], [-75.300136, -0.151043], [-75.30386, -0.154121], [-75.304292, -0.15738], [-75.307619, -0.156302], [-75.309745, -0.16002], [-75.310073, -0.156656], [-75.313208, -0.157514], [-75.312604, -0.161021], [-75.314051, -0.159081], [-75.316074, -0.160928], [-75.318944, -0.158016], [-75.322746, -0.160138], [-75.326859, -0.158118], [-75.329041, -0.158511], [-75.330116, -0.156994], [-75.330749, -0.158527], [-75.332771, -0.157866], [-75.334226, -0.159687], [-75.33521, -0.157092], [-75.339465, -0.156192], [-75.349834, -0.163929], [-75.352838, -0.164519], [-75.360017, -0.158455], [-75.356903, -0.159388], [-75.355178, -0.158394], [-75.356822, -0.157183], [-75.354805, -0.156118], [-75.357148, -0.153437], [-75.353176, -0.148315], [-75.355845, -0.147331], [-75.358151, -0.149728], [-75.359397, -0.147113], [-75.364455, -0.14659], [-75.368038, -0.1533], [-75.367165, -0.156818], [-75.368169, -0.164044], [-75.369368, -0.163557], [-75.369343, -0.160523], [-75.372392, -0.16266], [-75.374583, -0.162043], [-75.373717, -0.164948], [-75.381217, -0.166435], [-75.382125, -0.167119], [-75.381111, -0.168955], [-75.383316, -0.169414], [-75.386134, -0.165355], [-75.386887, -0.168423], [-75.391056, -0.165256], [-75.394454, -0.167197], [-75.395001, -0.16571], [-75.397318, -0.165367], [-75.401546, -0.167173], [-75.403721, -0.170723], [-75.410927, -0.167928], [-75.412105, -0.165663], [-75.413202, -0.167043], [-75.415365, -0.16481], [-75.419487, -0.164405], [-75.418699, -0.161252], [-75.423682, -0.160706], [-75.422899, -0.157418], [-75.426756, -0.158239], [-75.427661, -0.157183], [-75.425852, -0.1564], [-75.429944, -0.155691], [-75.432539, -0.153371], [-75.433828, -0.156705], [-75.435088, -0.1538], [-75.437985, -0.155552], [-75.438171, -0.153786], [-75.441405, -0.155382], [-75.444949, -0.153834], [-75.446513, -0.155824], [-75.447347, -0.154147], [-75.449548, -0.155456], [-75.449917, -0.150232], [-75.451781, -0.149713], [-75.452517, -0.151989], [-75.454209, -0.149757], [-75.456202, -0.152369], [-75.458033, -0.150936], [-75.460233, -0.152473], [-75.4634, -0.149387], [-75.462188, -0.148343], [-75.465271, -0.146019], [-75.465149, -0.143767], [-75.46706, -0.144601], [-75.466144, -0.141317], [-75.468802, -0.139373], [-75.471083, -0.140912], [-75.471072, -0.138712], [-75.477446, -0.136722], [-75.476687, -0.134483], [-75.479979, -0.135127], [-75.478937, -0.132373], [-75.48381, -0.133492], [-75.48316, -0.131477], [-75.484608, -0.13033], [-75.486447, -0.131661], [-75.489293, -0.130982], [-75.490708, -0.132553], [-75.491623, -0.130924], [-75.49674, -0.132084], [-75.497193, -0.130006], [-75.49892, -0.13038], [-75.503714, -0.1275], [-75.502494, -0.12619], [-75.505595, -0.123658], [-75.504285, -0.122572], [-75.505688, -0.121419], [-75.504708, -0.119791], [-75.505643, -0.118327], [-75.508025, -0.11842], [-75.50875, -0.120388], [-75.511765, -0.120428], [-75.510198, -0.118643], [-75.513653, -0.118772], [-75.515957, -0.114977], [-75.519556, -0.11751], [-75.520368, -0.115486], [-75.522987, -0.116268], [-75.525246, -0.12046], [-75.525868, -0.118567], [-75.531688, -0.118479], [-75.535268, -0.115679], [-75.53606, -0.121968], [-75.538598, -0.121983], [-75.540718, -0.11659], [-75.542471, -0.116965], [-75.541622, -0.1222], [-75.542782, -0.121334], [-75.545623, -0.124324], [-75.549813, -0.124687], [-75.550193, -0.129721], [-75.551826, -0.130894], [-75.553206, -0.130532], [-75.552548, -0.12924], [-75.555425, -0.128813], [-75.55843, -0.130654], [-75.559355, -0.129679], [-75.565251, -0.131353], [-75.564546, -0.12876], [-75.568811, -0.131837], [-75.568774, -0.126449], [-75.571463, -0.128382], [-75.573632, -0.126581], [-75.572235, -0.126026], [-75.572797, -0.124629], [-75.576998, -0.122622], [-75.577497, -0.120773], [-75.57946, -0.120275], [-75.581662, -0.121749], [-75.581609, -0.119184], [-75.582684, -0.121022], [-75.585397, -0.121321], [-75.585963, -0.119471], [-75.587972, -0.122368], [-75.589976, -0.122803], [-75.589979, -0.12015], [-75.591988, -0.121192], [-75.593271, -0.117762], [-75.59601, -0.120942], [-75.594753, -0.11569], [-75.598153, -0.115491], [-75.599626, -0.11344], [-75.598588, -0.112256], [-75.600478, -0.111871], [-75.601054, -0.109739], [-75.606302, -0.109597], [-75.606247, -0.110816], [-75.608397, -0.111207], [-75.608102, -0.113051], [-75.609798, -0.112439], [-75.610482, -0.113509], [-75.61053, -0.166667]]]]}}, {"type": "Feature", "id": "CAÑAR", "properties": {"codigo": "03", "nombre": "CAÑAR", "centroide_lon": -78.97488, "centroide_lat": -2.52705}, "geometry": {"type": "MultiPolygon", "coordinates": [[[[-78.916126, -2.834776], [-78.917415, -2.831863], [-78.920732, -2.831171], [-78.923564, -2.828179], [-78.92389, -2.833738], [-78.937264, -2.833738], [-78.937264, -2.831792], [-78.944534, -2.828894], [-78.948867, -2.819384], [-78.947493, -2.816109], [-78.94799, -2.803565], [-78.945123, -2.792761], [-78.946295, -2.79294], [-78.948355, -2.788747], [-78.946179, -2.784279], [-78.948629, -2.779188], [-78.948521, -2.7756], [-78.951293, -2.773925], [-78.952786, -2.76899], [-78.963504, -2.761459], [-78.965567, -2.757056], [-78.968972, -2.75337], [-78.970742, -2.753541], [-78.975045, -2.747933], [-78.981475, -2.746612], [-78.988274, -2.749574], [-78.99185, -2.749604], [-78.992507, -2.750854], [-78.995211, -2.7485], [-78.994792, -2.742758], [-78.990603, -2.738435], [-78.992804, -2.731096], [-78.98546, -2.719633], [-78.987996, -2.715148], [-79.008109, -2.715148], [-79.010204, -2.713713], [-79.009901, -2.70989], [-79.01153, -2.706651], [-79.021918, -2.690911], [-79.020211, -2.683036], [-79.024086, -2.678675], [-79.021428, -2.672493], [-79.019026, -2.67243], [-79.019025, -2.66354], [-79.023871, -2.653999], [-79.034507, -2.646167], [-79.054414, -2.637832], [-79.080263, -2.648124], [-79.08095, -2.664517], [-79.093935, -2.696916], [-79.111281, -2.706166], [-79.120038, -2.716775], [-79.122254, -2.715234], [-79.127056, -2.715941], [-79.129938, -2.714485], [-79.134023, -2.715689], [-79.13479, -2.714139], [-79.143631, -2.714139], [-79.141066, -2.722322], [-79.144694, -2.726299], [-79.145329, -2.731198], [-79.152896, -2.73438], [-79.157587, -2.731451], [-79.162303, -2.732044], [-79.163673, -2.730796], [-79.166065, -2.733162], [-79.166478, -2.738804], [-79.176722, -2.745032], [-79.179838, -2.742399], [-79.183155, -2.742543], [-79.187251, -2.734004], [-79.19547, -2.732796], [-79.200887, -2.72555], [-79.207302, -2.725052], [-79.208685, -2.723898], [-79.208142, -2.722583], [-79.214748, -2.723003], [-79.216087, -2.71943], [-79.20473, -2.713289], [-79.201971, -2.705638], [-79.206331, -2.692665], [-79.216541, -2.685886], [-79.217224, -2.689378], [-79.219245, -2.690407], [-79.223973, -2.690209], [-79.232636, -2.693396], [-79.23877, -2.685579], [-79.240696, -2.677642], [-79.244864, -2.67496], [-79.247493, -2.675107], [-79.25569, -2.669527], [-79.25863, -2.665669], [-79.259001, -2.661569], [-79.266143, -2.660656], [-79.268771, -2.656687], [-79.273911, -2.655548], [-79.276922, -2.651388], [-79.280221, -2.650542], [-79.282664, -2.642164], [-79.295034, -2.628786], [-79.295061, -2.624895], [-79.297475, -2.624738], [-79.299311, -2.621764], [-79.303752, -2.619423], [-79.308815, -2.596597], [-79.306737, -2.58991], [-79.306232, -2.577842], [-79.304176, -2.572018], [-79.308236, -2.570961], [-79.309427, -2.569104], [-79.321385, -2.575295], [-79.329383, -2.572012], [-79.339281, -2.571486], [-79.347795, -2.577807], [-79.350942, -2.577909], [-79.355269, -2.577384], [-79.358517, -2.574717], [-79.362157, -2.575022], [-79.364684, -2.572483], [-79.367369, -2.567611], [-79.356057, -2.567611], [-79.355933, -2.559762], [-79.358731, -2.557396], [-79.361927, -2.551177], [-79.361928, -2.544199], [-79.375958, -2.544199], [-79.377059, -2.542679], [-79.379838, -2.534634], [-79.379187, -2.529654], [-79.385001, -2.51516], [-79.389257, -2.509617], [-79.390615, -2.500431], [-79.395136, -2.497087], [-79.405619, -2.497396], [-79.407313, -2.499133], [-79.418803, -2.49799], [-79.434228, -2.502847], [-79.446392, -2.501066], [-79.45289, -2.498576], [-79.46172, -2.500744], [-79.466786, -2.506595], [-79.473094, -2.507835], [-79.473692, -2.512985], [-79.478433, -2.513109], [-79.481103, -2.515092], [-79.482031, -2.517984], [-79.480925, -2.522162], [-79.488474, -2.52503], [-79.488885, -2.529348], [-79.494825, -2.528384], [-79.499934, -2.533427], [-79.504116, -2.531638], [-79.503928, -2.536164], [-79.507943, -2.536598], [-79.507347, -2.539253], [-79.508926, -2.539648], [-79.515943, -2.526942], [-79.51225, -2.524927], [-79.509286, -2.526261], [-79.500836, -2.52591], [-79.500034, -2.523153], [-79.488476, -2.510949], [-79.505663, -2.499565], [-79.518994, -2.507129], [-79.519905, -2.505221], [-79.522339, -2.505353], [-79.524307, -2.495714], [-79.524195, -2.487855], [-79.512842, -2.486444], [-79.511784, -2.484534], [-79.503523, -2.480435], [-79.499977, -2.476548], [-79.497075, -2.475496], [-79.495163, -2.476825], [-79.49312, -2.473526], [-79.49427, -2.471124], [-79.49083, -2.470203], [-79.489475, -2.466455], [-79.485175, -2.46641], [-79.483509, -2.463545], [-79.476954, -2.464501], [-79.475949, -2.46269], [-79.46785, -2.460362], [-79.465123, -2.461139], [-79.465548, -2.459737], [-79.464037, -2.459137], [-79.464753, -2.456153], [-79.463436, -2.456672], [-79.471178, -2.448541], [-79.46694, -2.449162], [-79.436568, -2.438803], [-79.425254, -2.430624], [-79.448122, -2.42007], [-79.418681, -2.378333], [-79.421661, -2.377846], [-79.422799, -2.379324], [-79.424332, -2.378273], [-79.426519, -2.380641], [-79.42868, -2.379148], [-79.430637, -2.380113], [-79.433626, -2.373333], [-79.430543, -2.35906], [-79.420049, -2.359554], [-79.41602, -2.335886], [-79.41171, -2.336445], [-79.411425, -2.340269], [-79.404847, -2.340949], [-79.401855, -2.342928], [-79.401494, -2.347592], [-79.398294, -2.35161], [-79.399018, -2.354007], [-79.393336, -2.358752], [-79.385264, -2.356933], [-79.382853, -2.357479], [-79.381119, -2.360097], [-79.377878, -2.360422], [-79.375409, -2.358117], [-79.372281, -2.360745], [-79.367667, -2.360138], [-79.364567, -2.362424], [-79.360506, -2.362712], [-79.350781, -2.366638], [-79.349674, -2.36946], [-79.343448, -2.368352], [-79.335965, -2.37153], [-79.331538, -2.385421], [-79.323243, -2.388225], [-79.322367, -2.392315], [-79.315527, -2.395164], [-79.312468, -2.398563], [-79.307715, -2.39916], [-79.306037, -2.401165], [-79.300915, -2.398269], [-79.28931, -2.397069], [-79.283507, -2.392055], [-79.277916, -2.390679], [-79.274024, -2.387727], [-79.26373, -2.389489], [-79.26373, -2.383313], [-79.262058, -2.380398], [-79.262926, -2.377606], [-79.26607, -2.375115], [-79.26254, -2.370918], [-79.259877, -2.371239], [-79.260115, -2.369043], [-79.257402, -2.368473], [-79.256821, -2.365861], [-79.255363, -2.365901], [-79.255224, -2.362616], [-79.256515, -2.362661], [-79.254869, -2.361328], [-79.256633, -2.359344], [-79.253003, -2.357086], [-79.252404, -2.352834], [-79.250428, -2.353631], [-79.248309, -2.352421], [-79.247068, -2.349343], [-79.240367, -2.350818], [-79.238843, -2.346788], [-79.230015, -2.345761], [-79.224941, -2.349212], [-79.224558, -2.353817], [-79.215902, -2.353818], [-79.215259, -2.348167], [-79.209725, -2.34647], [-79.206685, -2.34067], [-79.199619, -2.334839], [-79.20082, -2.328748], [-79.190086, -2.328748], [-79.192827, -2.322888], [-79.199129, -2.320168], [-79.20031, -2.318069], [-79.201852, -2.318663], [-79.201564, -2.317651], [-79.208801, -2.312913], [-79.20364, -2.31046], [-79.197907, -2.310291], [-79.188463, -2.307374], [-79.186472, -2.305443], [-79.175369, -2.303799], [-79.175831, -2.298557], [-79.172914, -2.284977], [-79.168447, -2.281163], [-79.1674, -2.273965], [-79.157164, -2.258343], [-79.154122, -2.256999], [-79.150969, -2.252765], [-79.147538, -2.237595], [-79.14295, -2.23478], [-79.14295, -2.212582], [-79.138457, -2.211856], [-79.136112, -2.213094], [-79.135019, -2.217623], [-79.135306, -2.225677], [-79.133042, -2.232124], [-79.133883, -2.236447], [-79.129706, -2.243239], [-79.123763, -2.246524], [-79.100275, -2.254661], [-79.094457, -2.265068], [-79.092067, -2.266215], [-79.090239, -2.27796], [-79.090939, -2.283158], [-79.089032, -2.284229], [-79.089239, -2.28662], [-79.085816, -2.286929], [-79.081877, -2.292363], [-79.077471, -2.290576], [-79.074175, -2.292661], [-79.071531, -2.292006], [-79.070124, -2.295658], [-79.067173, -2.296537], [-79.067274, -2.300135], [-79.064414, -2.298946], [-79.062, -2.300423], [-79.062118, -2.302844], [-79.06561, -2.305526], [-79.063465, -2.314677], [-79.059217, -2.315408], [-79.058499, -2.318435], [-79.051097, -2.32244], [-79.052391, -2.329825], [-79.047174, -2.331256], [-79.044839, -2.335052], [-79.044787, -2.339343], [-79.039623, -2.34248], [-79.037342, -2.348529], [-79.028505, -2.35848], [-79.026833, -2.36317], [-79.022187, -2.363237], [-79.015516, -2.366565], [-79.009937, -2.37545], [-79.005631, -2.377762], [-78.993518, -2.375952], [-78.989009, -2.377405], [-78.98516, -2.375739], [-78.979608, -2.378198], [-78.976883, -2.377858], [-78.974089, -2.38023], [-78.97687, -2.383643], [-78.975953, -2.38986], [-78.974306, -2.39204], [-78.957795, -2.396516], [-78.950059, -2.40122], [-78.944128, -2.401315], [-78.935548, -2.405091], [-78.932759, -2.403698], [-78.927488, -2.405017], [-78.922835, -2.407821], [-78.920879, -2.411679], [-78.915891, -2.412004], [-78.912464, -2.419607], [-78.908322, -2.416713], [-78.90218, -2.40224], [-78.898014, -2.401803], [-78.895885, -2.404625], [-78.884703, -2.392893], [-78.87749, -2.39262], [-78.867543, -2.394404], [-78.863371, -2.393235], [-78.859569, -2.394662], [-78.856191, -2.390324], [-78.853189, -2.392111], [-78.853008, -2.394222], [-78.850317, -2.396451], [-78.84223, -2.398684], [-78.84219, -2.393334], [-78.828758, -2.380338], [-78.825773, -2.381013], [-78.813814, -2.377028], [-78.81106, -2.384077], [-78.807471, -2.385746], [-78.798778, -2.383303], [-78.789126, -2.373638], [-78.790422, -2.367952], [-78.786832, -2.364395], [-78.784472, -2.359131], [-78.781073, -2.356585], [-78.772323, -2.356444], [-78.764249, -2.351968], [-78.762789, -2.346733], [-78.758948, -2.34296], [-78.759999, -2.331152], [-78.750972, -2.324363], [-78.740529, -2.329216], [-78.736124, -2.323455], [-78.728291, -2.321554], [-78.72701, -2.316551], [-78.723486, -2.314908], [-78.72111, -2.316178], [-78.714395, -2.314182], [-78.71818, -2.319445], [-78.719531, -2.326185], [-78.712129, -2.334522], [-78.709045, -2.335138], [-78.706927, -2.332714], [-78.697795, -2.334014], [-78.693184, -2.332619], [-78.688696, -2.336511], [-78.682588, -2.338233], [-78.68346, -2.341578], [-78.684485, -2.340553], [-78.68823, -2.345018], [-78.690675, -2.350932], [-78.696456, -2.357783], [-78.69847, -2.367462], [-78.703922, -2.371058], [-78.703493, -2.376142], [-78.705048, -2.381694], [-78.709105, -2.386861], [-78.707017, -2.39129], [-78.715906, -2.390863], [-78.718291, -2.396328], [-78.716471, -2.396992], [-78.715153, -2.405393], [-78.713117, -2.408107], [-78.725029, -2.418545], [-78.728699, -2.418117], [-78.73777, -2.421327], [-78.737598, -2.426741], [-78.734884, -2.429998], [-78.732348, -2.428221], [-78.728437, -2.429737], [-78.725315, -2.42724], [-78.716467, -2.426498], [-78.708555, -2.435444], [-78.706379, -2.443775], [-78.703281, -2.444173], [-78.70026, -2.448228], [-78.697157, -2.449521], [-78.694187, -2.447565], [-78.682188, -2.451511], [-78.678606, -2.449731], [-78.677506, -2.451113], [-78.675625, -2.450119], [-78.673726, -2.452451], [-78.667935, -2.45162], [-78.666173, -2.450324], [-78.669046, -2.445504], [-78.669428, -2.439934], [-78.66806, -2.436995], [-78.662256, -2.433878], [-78.652883, -2.435379], [-78.648685, -2.433593], [-78.645117, -2.436984], [-78.644958, -2.443249], [-78.636822, -2.445727], [-78.631018, -2.452796], [-78.627205, -2.453264], [-78.623796, -2.455601], [-78.623515, -2.453008], [-78.618035, -2.450512], [-78.612794, -2.442567], [-78.611758, -2.432684], [-78.608366, -2.42922], [-78.601394, -2.413924], [-78.597628, -2.409173], [-78.58606, -2.403183], [-78.580624, -2.397625], [-78.57864, -2.391235], [-78.579718, -2.390001], [-78.577624, -2.388004], [-78.577508, -2.384371], [-78.576043, -2.38423], [-78.576704, -2.37972], [-78.573568, -2.376333], [-78.574131, -2.374021], [-78.568636, -2.368914], [-78.566963, -2.364346], [-78.563531, -2.362745], [-78.564286, -2.357075], [-78.561869, -2.354525], [-78.560184, -2.349486], [-78.55768, -2.347435], [-78.551741, -2.346019], [-78.545795, -2.335522], [-78.543829, -2.335616], [-78.535418, -2.342404], [-78.524717, -2.355488], [-78.521344, -2.355276], [-78.519175, -2.359727], [-78.519605, -2.364431], [-78.51408, -2.36685], [-78.50054, -2.381421], [-78.497852, -2.381571], [-78.491443, -2.373588], [-78.488659, -2.374779], [-78.48532, -2.372538], [-78.487802, -2.38463], [-78.486996, -2.389399], [-78.485451, -2.389683], [-78.484504, -2.392314], [-78.48552, -2.399131], [-78.481601, -2.414139], [-78.476641, -2.417928], [-78.470064, -2.414795], [-78.462708, -2.415613], [-78.462358, -2.421041], [-78.464668, -2.424121], [-78.476507, -2.428863], [-78.485136, -2.437503], [-78.485646, -2.442856], [-78.484058, -2.445292], [-78.485641, -2.448934], [-78.481607, -2.455202], [-78.48347, -2.456889], [-78.483938, -2.464097], [-78.487572, -2.469698], [-78.488455, -2.478409], [-78.492762, -2.486596], [-78.491651, -2.492295], [-78.496334, -2.499911], [-78.49851, -2.509258], [-78.502711, -2.513041], [-78.503073, -2.520418], [-78.505628, -2.526956], [-78.504592, -2.529933], [-78.507482, -2.534952], [-78.511388, -2.536838], [-78.511694, -2.540905], [-78.513586, -2.543799], [-78.519613, -2.547373], [-78.522952, -2.553433], [-78.526759, -2.556244], [-78.529224, -2.563043], [-78.535345, -2.565503], [-78.539387, -2.570827], [-78.545343, -2.586251], [-78.548239, -2.598674], [-78.545282, -2.602448], [-78.545819, -2.605488], [-78.542146, -2.60714], [-78.541585, -2.611893], [-78.538493, -2.612298], [-78.536783, -2.620943], [-78.533148, -2.626977], [-78.536021, -2.627093], [-78.545507, -2.622386], [-78.551897, -2.617185], [-78.554899, -2.617251], [-78.555657, -2.614128], [-78.559618, -2.612366], [-78.563082, -2.606748], [-78.565032, -2.596803], [-78.567589, -2.591247], [-78.560538, -2.574244], [-78.560189, -2.565243], [-78.556257, -2.559629], [-78.55891, -2.556443], [-78.565844, -2.554431], [-78.570636, -2.559883], [-78.57165, -2.564554], [-78.579856, -2.573974], [-78.59071, -2.576776], [-78.603339, -2.585426], [-78.61745, -2.589975], [-78.618703, -2.592972], [-78.622169, -2.59385], [-78.62528, -2.607587], [-78.622215, -2.618232], [-78.616775, -2.627458], [-78.61841, -2.627459], [-78.620148, -2.631725], [-78.626604, -2.638051], [-78.632417, -2.641405], [-78.637331, -2.648113], [-78.658353, -2.654668], [-78.660649, -2.660073], [-78.659822, -2.662286], [-78.662227, -2.66379], [-78.666842, -2.677331], [-78.668852, -2.678084], [-78.679043, -2.674575], [-78.686682, -2.669421], [-78.689802, -2.673863], [-78.691219, -2.680514], [-78.695099, -2.678704], [-78.695744, -2.677055], [-78.697575, -2.677441], [-78.701999, -2.682267], [-78.702663, -2.6861], [-78.713615, -2.689995], [-78.722564, -2.689366], [-78.724402, -2.691092], [-78.730197, -2.689753], [-78.732507, -2.691315], [-78.737427, -2.685114], [-78.743113, -2.684657], [-78.741518, -2.678435], [-78.747144, -2.676907], [-78.748036, -2.674193], [-78.751574, -2.675069], [-78.762113, -2.670009], [-78.763127, -2.672453], [-78.766266, -2.670569], [-78.774728, -2.675536], [-78.77832, -2.685242], [-78.782994, -2.686753], [-78.785988, -2.691907], [-78.78492, -2.695618], [-78.787483, -2.696715], [-78.786534, -2.699445], [-78.79834, -2.706634], [-78.800859, -2.712702], [-78.799716, -2.715733], [-78.800958, -2.718945], [-78.798642, -2.719851], [-78.800656, -2.720823], [-78.792625, -2.734542], [-78.793482, -2.74169], [-78.792216, -2.743657], [-78.795539, -2.750593], [-78.798968, -2.765984], [-78.79502, -2.774227], [-78.800027, -2.77864], [-78.808976, -2.774799], [-78.809902, -2.776564], [-78.815404, -2.77855], [-78.815412, -2.784395], [-78.817455, -2.784507], [-78.818197, -2.792018], [-78.819975, -2.793439], [-78.819975, -2.810259], [-78.821607, -2.810259], [-78.821284, -2.816404], [-78.81832, -2.81769], [-78.818518, -2.819999], [-78.815413, -2.822275], [-78.823429, -2.824858], [-78.830214, -2.820545], [-78.839884, -2.817922], [-78.845019, -2.822926], [-78.853032, -2.823851], [-78.859084, -2.821563], [-78.86198, -2.823542], [-78.869314, -2.82247], [-78.870141, -2.819857], [-78.874962, -2.819208], [-78.875645, -2.821422], [-78.874291, -2.824136], [-78.880933, -2.829044], [-78.87277, -2.837816], [-78.876647, -2.840969], [-78.880895, -2.841189], [-78.881875, -2.837639], [-78.884968, -2.837078], [-78.886518, -2.835191], [-78.888584, -2.837231], [-78.892938, -2.834273], [-78.900212, -2.837501], [-78.904869, -2.835787], [-78.911024, -2.836793], [-78.916126, -2.834776]]]]}}, {"type": "Feature", "id": "CARCHI", "properties": {"codigo": "04", "nombre": "CARCHI", "centroide_lon": -78.07422, "centroide_lat": 0.76806}, "geometry": {"type": "MultiPolygon", "coordinates": [[[[-77.807428, 0.426443], [-77.803941, 0.422456], [-77.804769, 0.419239], [-77.807157, 0.415683], [-77.806918, 0.41383], [-77.812364, 0.409376], [-77.813357, 0.403605], [-77.802883, 0.398805], [-77.800589, 0.389146], [-77.796297, 0.385188], [-77.797778, 0.38278], [-77.795522, 0.380658], [-77.798969, 0.377504], [-77.797188, 0.369439], [-77.806641, 0.364466], [-77.809426, 0.361403], [-77.813013, 0.3564], [-77.81104, 0.354151], [-77.812704, 0.354152], [-77.815056, 0.349454], [-77.822124, 0.348884], [-77.83186, 0.345271], [-77.832912, 0.346397], [-77.834444, 0.344278], [-77.836253, 0.346251], [-77.835936, 0.349189], [-77.838544, 0.350823], [-77.838004, 0.356601], [-77.853232, 0.364963], [-77.859804, 0.370984], [-77.863049, 0.376003], [-77.863054, 0.379765], [-77.864733, 0.381144], [-77.870651, 0.381665], [-77.873149, 0.379881], [-77.876539, 0.383056], [-77.879295, 0.383165], [-77.881441, 0.386504], [-77.896905, 0.390052], [-77.907289, 0.398718], [-77.911205, 0.3979], [-77.91645, 0.401177], [-77.923997, 0.40165], [-77.924786, 0.404727], [-77.929369, 0.408792], [-77.931595, 0.415802], [-77.936204, 0.42067], [-77.936503, 0.42284], [-77.943386, 0.427204], [-77.94488, 0.431489], [-77.953174, 0.434787], [-77.958069, 0.431893], [-77.961678, 0.43222], [-77.963055, 0.434883], [-77.972402, 0.439216], [-77.973398, 0.441786], [-77.977583, 0.441519], [-77.986915, 0.447962], [-77.991735, 0.447668], [-77.993409, 0.448895], [-77.993906, 0.452954], [-77.995364, 0.45295], [-77.999096, 0.464279], [-78.001638, 0.467327], [-78.006643, 0.468964], [-78.007089, 0.470915], [-78.011103, 0.473558], [-78.023931, 0.471214], [-78.035714, 0.474015], [-78.045602, 0.471629], [-78.052841, 0.475131], [-78.067489, 0.473757], [-78.075212, 0.475582], [-78.077842, 0.478498], [-78.085523, 0.47821], [-78.085779, 0.479621], [-78.089791, 0.478774], [-78.096028, 0.48415], [-78.097567, 0.488698], [-78.100807, 0.491839], [-78.100149, 0.494397], [-78.103113, 0.493641], [-78.104826, 0.496014], [-78.104013, 0.498871], [-78.105481, 0.500149], [-78.105328, 0.502854], [-78.111524, 0.510622], [-78.110982, 0.513121], [-78.112797, 0.51603], [-78.111517, 0.52045], [-78.115727, 0.52225], [-78.120298, 0.521656], [-78.122868, 0.523218], [-78.123092, 0.525315], [-78.128126, 0.526938], [-78.127947, 0.529406], [-78.129587, 0.530322], [-78.127363, 0.535125], [-78.127113, 0.540957], [-78.130221, 0.542548], [-78.130676, 0.546594], [-78.129258, 0.547896], [-78.130567, 0.552326], [-78.128054, 0.554613], [-78.124701, 0.563484], [-78.125209, 0.570748], [-78.128971, 0.577182], [-78.138719, 0.58116], [-78.142219, 0.590608], [-78.137298, 0.59469], [-78.139225, 0.601634], [-78.137712, 0.605861], [-78.132821, 0.610691], [-78.133632, 0.615068], [-78.135883, 0.616274], [-78.135721, 0.618387], [-78.140481, 0.625052], [-78.143714, 0.627316], [-78.150683, 0.625585], [-78.152996, 0.626701], [-78.154729, 0.632762], [-78.159932, 0.638931], [-78.160871, 0.646505], [-78.162643, 0.646931], [-78.162894, 0.650093], [-78.165458, 0.651669], [-78.168458, 0.659516], [-78.172194, 0.661577], [-78.173185, 0.66364], [-78.182512, 0.665211], [-78.187212, 0.669212], [-78.1908, 0.681348], [-78.193454, 0.684274], [-78.19824, 0.686419], [-78.197264, 0.689323], [-78.20039, 0.691863], [-78.201129, 0.702175], [-78.204268, 0.703344], [-78.204954, 0.705221], [-78.205423, 0.713946], [-78.202993, 0.715719], [-78.204246, 0.718019], [-78.210324, 0.719142], [-78.211254, 0.723945], [-78.214203, 0.723875], [-78.21706, 0.728387], [-78.219168, 0.727895], [-78.218917, 0.730976], [-78.225547, 0.733849], [-78.226481, 0.736088], [-78.230239, 0.73812], [-78.233637, 0.744422], [-78.236576, 0.745333], [-78.240849, 0.744334], [-78.246384, 0.747177], [-78.251956, 0.753206], [-78.256362, 0.761941], [-78.260648, 0.761864], [-78.265152, 0.767665], [-78.267034, 0.767014], [-78.267755, 0.770384], [-78.264985, 0.772481], [-78.266326, 0.778843], [-78.271346, 0.784396], [-78.274117, 0.785371], [-78.275651, 0.783236], [-78.278745, 0.784073], [-78.282729, 0.786545], [-78.28258, 0.789077], [-78.285469, 0.788859], [-78.287789, 0.792978], [-78.289676, 0.791679], [-78.296824, 0.794897], [-78.302792, 0.792347], [-78.30457, 0.797365], [-78.309059, 0.798836], [-78.311012, 0.804916], [-78.314153, 0.804263], [-78.318235, 0.810191], [-78.31781, 0.812242], [-78.320437, 0.813559], [-78.32119, 0.815984], [-78.324658, 0.816407], [-78.326893, 0.820086], [-78.331049, 0.821992], [-78.333397, 0.820459], [-78.335605, 0.822674], [-78.338561, 0.821003], [-78.340281, 0.823767], [-78.343408, 0.822286], [-78.343282, 0.819819], [-78.345663, 0.818036], [-78.345636, 0.816296], [-78.348495, 0.818196], [-78.353219, 0.815272], [-78.355492, 0.818593], [-78.359844, 0.818232], [-78.362342, 0.819903], [-78.361129, 0.822781], [-78.36397, 0.823357], [-78.364386, 0.825634], [-78.371616, 0.827532], [-78.374525, 0.825569], [-78.381915, 0.829228], [-78.386735, 0.825041], [-78.388462, 0.828285], [-78.391474, 0.828808], [-78.392721, 0.832348], [-78.395362, 0.833115], [-78.398825, 0.837175], [-78.40042, 0.836949], [-78.401868, 0.838935], [-78.40509, 0.837545], [-78.404576, 0.840751], [-78.407576, 0.838853], [-78.410995, 0.842937], [-78.409049, 0.843556], [-78.409084, 0.845062], [-78.415859, 0.848736], [-78.417969, 0.847299], [-78.418845, 0.84956], [-78.417859, 0.85249], [-78.423567, 0.853458], [-78.422176, 0.856151], [-78.42744, 0.859943], [-78.428321, 0.863584], [-78.431816, 0.864953], [-78.431835, 0.868695], [-78.436815, 0.869867], [-78.435733, 0.873321], [-78.438289, 0.873963], [-78.440999, 0.871583], [-78.442929, 0.87468], [-78.451788, 0.874582], [-78.453496, 0.875992], [-78.453181, 0.8789], [-78.458194, 0.879519], [-78.461898, 0.885562], [-78.478002, 0.88459], [-78.487764, 0.886425], [-78.499152, 0.894097], [-78.506621, 0.904233], [-78.509041, 0.90538], [-78.511229, 0.910376], [-78.515824, 0.911249], [-78.520206, 0.917955], [-78.529173, 0.919977], [-78.532242, 0.923071], [-78.53294, 0.927889], [-78.530236, 0.927799], [-78.530387, 0.929632], [-78.533403, 0.932307], [-78.537823, 0.933671], [-78.546873, 0.941723], [-78.544465, 0.944112], [-78.547406, 0.954167], [-78.545898, 0.956403], [-78.543018, 0.955623], [-78.539409, 0.961793], [-78.536755, 0.973114], [-78.537942, 0.978355], [-78.536332, 0.980573], [-78.539946, 0.989878], [-78.537901, 0.993515], [-78.541283, 0.996863], [-78.541457, 1.000255], [-78.544511, 1.006002], [-78.541937, 1.008606], [-78.547669, 1.01092], [-78.54765, 1.014555], [-78.545884, 1.016642], [-78.549386, 1.019762], [-78.544966, 1.023609], [-78.545951, 1.027086], [-78.54261, 1.027803], [-78.544357, 1.029533], [-78.547103, 1.02901], [-78.547575, 1.030285], [-78.546579, 1.034431], [-78.542504, 1.038477], [-78.542557, 1.043447], [-78.54423, 1.045347], [-78.541511, 1.049543], [-78.529798, 1.056854], [-78.524036, 1.057969], [-78.524812, 1.061888], [-78.520819, 1.066553], [-78.522659, 1.067517], [-78.522206, 1.068656], [-78.519078, 1.068275], [-78.511542, 1.071402], [-78.505348, 1.071689], [-78.503508, 1.074952], [-78.499887, 1.075054], [-78.501861, 1.078894], [-78.501174, 1.08325], [-78.502539, 1.08634], [-78.500396, 1.087037], [-78.500605, 1.090684], [-78.505619, 1.093262], [-78.507989, 1.096518], [-78.503415, 1.104343], [-78.504723, 1.106221], [-78.506946, 1.105716], [-78.5076, 1.107443], [-78.505683, 1.113858], [-78.506339, 1.121349], [-78.502918, 1.127788], [-78.504584, 1.130623], [-78.500272, 1.133646], [-78.503334, 1.136603], [-78.504142, 1.144972], [-78.507557, 1.145687], [-78.509302, 1.150591], [-78.505996, 1.152227], [-78.506757, 1.160155], [-78.50856, 1.161001], [-78.512248, 1.157523], [-78.513477, 1.158803], [-78.511048, 1.168148], [-78.512632, 1.171991], [-78.50579, 1.174852], [-78.502656, 1.179596], [-78.49959, 1.176854], [-78.497743, 1.178748], [-78.49815, 1.182498], [-78.49574, 1.184884], [-78.502874, 1.187188], [-78.507111, 1.183092], [-78.508756, 1.188937], [-78.506091, 1.196784], [-78.504071, 1.197461], [-78.501648, 1.195453], [-78.496795, 1.197789], [-78.493128, 1.19676], [-78.494945, 1.191481], [-78.489688, 1.185218], [-78.478838, 1.193322], [-78.469971, 1.188181], [-78.471052, 1.183063], [-78.469942, 1.180857], [-78.468078, 1.179881], [-78.464212, 1.181123], [-78.463372, 1.176195], [-78.458109, 1.177799], [-78.455926, 1.175705], [-78.450927, 1.183561], [-78.446353, 1.18242], [-78.443287, 1.183377], [-78.442348, 1.189554], [-78.439863, 1.193839], [-78.438471, 1.194072], [-78.437678, 1.190727], [-78.432989, 1.189945], [-78.430082, 1.187113], [-78.429175, 1.18115], [-78.425637, 1.178124], [-78.427968, 1.175451], [-78.427141, 1.170408], [-78.429422, 1.169813], [-78.433281, 1.171524], [-78.432445, 1.167267], [-78.435257, 1.161942], [-78.435035, 1.159477], [-78.438584, 1.158332], [-78.434156, 1.15144], [-78.433692, 1.144579], [-78.431911, 1.141269], [-78.421886, 1.138184], [-78.415789, 1.139449], [-78.416216, 1.144607], [-78.417564, 1.148787], [-78.424675, 1.151563], [-78.42526, 1.153765], [-78.420731, 1.156415], [-78.418003, 1.160094], [-78.407834, 1.160279], [-78.402668, 1.156775], [-78.402572, 1.152668], [-78.395299, 1.152291], [-78.387413, 1.15922], [-78.382607, 1.1593], [-78.382796, 1.163083], [-78.379914, 1.166532], [-78.381018, 1.170093], [-78.374713, 1.17441], [-78.368211, 1.175762], [-78.365468, 1.174195], [-78.363106, 1.177338], [-78.360301, 1.174431], [-78.357159, 1.177629], [-78.357322, 1.181765], [-78.354781, 1.180318], [-78.346104, 1.18335], [-78.342559, 1.182949], [-78.341114, 1.18145], [-78.341329, 1.178852], [-78.337815, 1.178603], [-78.3383, 1.182305], [-78.327835, 1.185177], [-78.327026, 1.193967], [-78.325162, 1.19584], [-78.322691, 1.194473], [-78.323871, 1.192018], [-78.3229, 1.19134], [-78.31909, 1.194612], [-78.31385, 1.190406], [-78.311147, 1.190885], [-78.311875, 1.183572], [-78.308322, 1.17958], [-78.305379, 1.178827], [-78.303697, 1.175242], [-78.305197, 1.172599], [-78.300473, 1.17076], [-78.297064, 1.172521], [-78.295369, 1.170706], [-78.294889, 1.165109], [-78.296908, 1.163158], [-78.295627, 1.161005], [-78.298653, 1.159365], [-78.295155, 1.158153], [-78.298497, 1.155976], [-78.296654, 1.150058], [-78.299035, 1.149064], [-78.295247, 1.147995], [-78.295151, 1.145714], [-78.293164, 1.145361], [-78.290414, 1.136111], [-78.290757, 1.132977], [-78.287405, 1.129106], [-78.288582, 1.126431], [-78.28637, 1.125577], [-78.285038, 1.122991], [-78.28243, 1.123402], [-78.282979, 1.120109], [-78.279433, 1.119757], [-78.281001, 1.117363], [-78.27989, 1.11487], [-78.282533, 1.111494], [-78.277136, 1.108471], [-78.274048, 1.114203], [-78.265611, 1.111879], [-78.262832, 1.107583], [-78.267873, 1.105049], [-78.264576, 1.099567], [-78.261844, 1.09986], [-78.258609, 1.097155], [-78.254703, 1.097868], [-78.253099, 1.101634], [-78.250911, 1.098998], [-78.252856, 1.093181], [-78.256238, 1.089979], [-78.255946, 1.086778], [-78.252236, 1.089078], [-78.249803, 1.084543], [-78.251829, 1.083385], [-78.252502, 1.078906], [-78.253883, 1.077865], [-78.25553, 1.08068], [-78.262506, 1.082614], [-78.267107, 1.077432], [-78.271283, 1.07491], [-78.273694, 1.075189], [-78.277597, 1.072171], [-78.277983, 1.069824], [-78.280113, 1.068084], [-78.27672, 1.062049], [-78.281776, 1.05827], [-78.281884, 1.055896], [-78.275584, 1.052836], [-78.271214, 1.047048], [-78.267027, 1.045928], [-78.266627, 1.043064], [-78.257722, 1.040525], [-78.257732, 1.037458], [-78.253481, 1.036924], [-78.253586, 1.031786], [-78.250777, 1.028532], [-78.246344, 1.029136], [-78.245056, 1.028096], [-78.243185, 1.029279], [-78.239461, 1.027044], [-78.236534, 1.023635], [-78.238478, 1.02257], [-78.236792, 1.021067], [-78.238165, 1.018921], [-78.234303, 1.015243], [-78.230584, 1.012937], [-78.22837, 1.013431], [-78.227659, 1.011778], [-78.223229, 1.011272], [-78.220971, 1.008781], [-78.21883, 1.009149], [-78.213996, 1.004928], [-78.209216, 1.004847], [-78.207863, 1.002034], [-78.206061, 1.001943], [-78.204259, 0.997239], [-78.202213, 0.997088], [-78.202597, 0.991854], [-78.195067, 0.98467], [-78.195271, 0.977223], [-78.19699, 0.975761], [-78.195053, 0.975297], [-78.194518, 0.972361], [-78.192056, 0.970054], [-78.193895, 0.966588], [-78.191217, 0.960834], [-78.194003, 0.955708], [-78.199623, 0.953668], [-78.200339, 0.949897], [-78.198089, 0.949844], [-78.197294, 0.948393], [-78.199086, 0.947044], [-78.197122, 0.946781], [-78.19615, 0.944742], [-78.193913, 0.945708], [-78.185223, 0.937752], [-78.179566, 0.936165], [-78.177326, 0.93703], [-78.176021, 0.934914], [-78.173226, 0.934753], [-78.172722, 0.933085], [-78.166187, 0.931258], [-78.158671, 0.925315], [-78.153985, 0.92401], [-78.145225, 0.926389], [-78.142851, 0.931113], [-78.135386, 0.935911], [-78.121412, 0.935938], [-78.113865, 0.931599], [-78.112119, 0.932241], [-78.107225, 0.927786], [-78.106182, 0.913452], [-78.104794, 0.911066], [-78.100132, 0.909295], [-78.099047, 0.905283], [-78.092527, 0.901763], [-78.08915, 0.897069], [-78.084959, 0.896155], [-78.078902, 0.897936], [-78.073687, 0.895541], [-78.071114, 0.897223], [-78.065739, 0.893257], [-78.065957, 0.889259], [-78.059717, 0.887215], [-78.053619, 0.889071], [-78.045158, 0.881439], [-78.03415, 0.880384], [-78.026622, 0.87681], [-78.024599, 0.874162], [-78.021094, 0.874613], [-78.020104, 0.871073], [-78.014859, 0.868576], [-78.012709, 0.869003], [-78.012356, 0.866514], [-78.003485, 0.859229], [-77.999045, 0.86047], [-77.995173, 0.857756], [-77.989999, 0.856988], [-77.984689, 0.852885], [-77.982247, 0.844106], [-77.974383, 0.833529], [-77.967625, 0.831487], [-77.966111, 0.824356], [-77.944213, 0.821997], [-77.936272, 0.816279], [-77.931739, 0.817362], [-77.926136, 0.816458], [-77.921804, 0.813489], [-77.910807, 0.810847], [-77.906097, 0.812071], [-77.891329, 0.810406], [-77.881427, 0.807791], [-77.876557, 0.804485], [-77.873598, 0.805271], [-77.866932, 0.801507], [-77.862944, 0.802744], [-77.858653, 0.801634], [-77.85068, 0.803015], [-77.846806, 0.802187], [-77.844626, 0.803805], [-77.842597, 0.802303], [-77.840006, 0.804115], [-77.835139, 0.804056], [-77.830866, 0.806841], [-77.827647, 0.806548], [-77.826864, 0.805145], [-77.819717, 0.807838], [-77.815227, 0.815727], [-77.813035, 0.8161], [-77.814034, 0.819387], [-77.811763, 0.819911], [-77.807277, 0.82676], [-77.804547, 0.827856], [-77.805017, 0.830217], [-77.803674, 0.831206], [-77.801629, 0.829928], [-77.798681, 0.830559], [-77.797192, 0.833016], [-77.7885, 0.83568], [-77.783614, 0.83368], [-77.77853, 0.835777], [-77.775216, 0.838578], [-77.774471, 0.841161], [-77.773292, 0.839595], [-77.768918, 0.84022], [-77.767613, 0.838542], [-77.764143, 0.841976], [-77.757246, 0.837747], [-77.751164, 0.836771], [-77.746678, 0.833095], [-77.745698, 0.834601], [-77.74398, 0.833874], [-77.741542, 0.836183], [-77.736616, 0.83711], [-77.733456, 0.840439], [-77.731986, 0.839918], [-77.725552, 0.847165], [-77.722673, 0.846658], [-77.720848, 0.849945], [-77.719022, 0.849381], [-77.718346, 0.850539], [-77.715883, 0.848992], [-77.714071, 0.850883], [-77.711487, 0.848318], [-77.708618, 0.848311], [-77.708816, 0.846687], [-77.706339, 0.845489], [-77.706783, 0.843533], [-77.704511, 0.842779], [-77.704473, 0.841435], [-77.700662, 0.841396], [-77.698436, 0.839279], [-77.694936, 0.839953], [-77.695681, 0.837946], [-77.693607, 0.833092], [-77.68719, 0.83029], [-77.686059, 0.82833], [-77.685228, 0.829853], [-77.684767, 0.825028], [-77.683025, 0.826166], [-77.678869, 0.821662], [-77.678386, 0.823488], [-77.67678, 0.822706], [-77.676057, 0.824309], [-77.67314, 0.823935], [-77.672969, 0.822275], [-77.671494, 0.822875], [-77.669781, 0.821243], [-77.671092, 0.820181], [-77.670126, 0.817948], [-77.664786, 0.817768], [-77.66562, 0.816246], [-77.664108, 0.814596], [-77.663959, 0.810903], [-77.668628, 0.803561], [-77.671361, 0.803724], [-77.674439, 0.801593], [-77.675052, 0.798277], [-77.677089, 0.796612], [-77.676889, 0.792201], [-77.6765, 0.790973], [-77.661619, 0.789996], [-77.666904, 0.783194], [-77.671684, 0.779772], [-77.674596, 0.779752], [-77.677794, 0.777057], [-77.682547, 0.775669], [-77.684455, 0.771388], [-77.68837, 0.769125], [-77.690544, 0.76505], [-77.691733, 0.751164], [-77.696039, 0.750011], [-77.697469, 0.740741], [-77.684791, 0.739822], [-77.67293, 0.734989], [-77.673009, 0.729719], [-77.666715, 0.725927], [-77.663596, 0.721481], [-77.666044, 0.711174], [-77.662774, 0.705929], [-77.654033, 0.706078], [-77.651211, 0.703774], [-77.649277, 0.704656], [-77.640059, 0.702841], [-77.638121, 0.702155], [-77.636225, 0.698465], [-77.631462, 0.697378], [-77.629812, 0.695604], [-77.625342, 0.695734], [-77.617801, 0.690661], [-77.616199, 0.688155], [-77.610931, 0.68902], [-77.607538, 0.685882], [-77.606052, 0.67997], [-77.601628, 0.675347], [-77.598348, 0.675439], [-77.59563, 0.673001], [-77.588249, 0.673015], [-77.588333, 0.669345], [-77.581839, 0.666843], [-77.578282, 0.660405], [-77.567878, 0.656884], [-77.563543, 0.650742], [-77.558288, 0.649333], [-77.549975, 0.650379], [-77.548196, 0.648604], [-77.546527, 0.65021], [-77.542, 0.650821], [-77.540937, 0.649698], [-77.53798, 0.652171], [-77.534517, 0.652857], [-77.531144, 0.651914], [-77.531371, 0.648652], [-77.5379, 0.647952], [-77.539654, 0.644542], [-77.544359, 0.642841], [-77.545693, 0.639949], [-77.546562, 0.642279], [-77.556363, 0.641258], [-77.566194, 0.634499], [-77.571278, 0.635728], [-77.573718, 0.637781], [-77.576229, 0.635465], [-77.577357, 0.638065], [-77.583767, 0.63669], [-77.585434, 0.638954], [-77.592522, 0.638522], [-77.594282, 0.640766], [-77.59847, 0.64009], [-77.601698, 0.636282], [-77.604649, 0.636262], [-77.616906, 0.642132], [-77.623546, 0.639687], [-77.632098, 0.639014], [-77.637124, 0.63603], [-77.652263, 0.643956], [-77.654929, 0.647509], [-77.662329, 0.647825], [-77.668061, 0.644943], [-77.672138, 0.649298], [-77.682163, 0.641936], [-77.685945, 0.64116], [-77.687554, 0.628278], [-77.689822, 0.624928], [-77.689748, 0.621053], [-77.687953, 0.617948], [-77.685362, 0.615836], [-77.674877, 0.615015], [-77.67357, 0.612643], [-77.672567, 0.613458], [-77.655813, 0.60406], [-77.656391, 0.602077], [-77.661857, 0.598541], [-77.672413, 0.578112], [-77.672366, 0.575101], [-77.677603, 0.562558], [-77.698702, 0.551194], [-77.709747, 0.548916], [-77.720774, 0.531479], [-77.723388, 0.53119], [-77.727911, 0.534009], [-77.729321, 0.526545], [-77.731161, 0.523781], [-77.735892, 0.52186], [-77.737359, 0.518079], [-77.74485, 0.508835], [-77.7518, 0.504938], [-77.755985, 0.495093], [-77.754029, 0.491479], [-77.760925, 0.479556], [-77.767873, 0.474231], [-77.770256, 0.474174], [-77.773918, 0.470264], [-77.774406, 0.466778], [-77.771789, 0.464854], [-77.777954, 0.461043], [-77.783795, 0.461365], [-77.784794, 0.459879], [-77.782551, 0.453107], [-77.787029, 0.446854], [-77.793136, 0.444568], [-77.795009, 0.440563], [-77.794217, 0.43472], [-77.797507, 0.431574], [-77.802483, 0.430295], [-77.807428, 0.426443]]]]}}, {"type": "Feature", "id": "GALÁPAGOS", "properties": {"codigo": "20", "nombre": "GALÁPAGOS", "centroide_lon": -85.17447, "centroide_lat": -0.14964}, "geometry": {"type": "MultiPolygon", "coordinates": [[[[-85.351716, -0.330079], [-85.351338, -0.329906], [-85.351416, -0.330461], [-85.351568, -0.330473], [-85.351716, -0.330079]]], [[[-85.351075, -0.329315], [-85.350773, -0.329268], [-85.350809, -0.329653], [-85.351292, -0.329482], [-85.351075, -0.329315]]], [[[-85.332136, -0.309687], [-85.332101, -0.310049], [-85.331807, -0.310395], [-85.332467, -0.310193], [-85.332136, -0.309687]]], [[[-85.333088, -0.309148], [-85.332994, -0.308834], [-85.332467, -0.309544], [-85.332811, -0.309591], [-85.333088, -0.309148]]], [[[-85.331762, -0.309069], [-85.331255, -0.308552], [-85.330833, -0.309029], [-85.332311, -0.30942], [-85.332778, -0.308702], [-85.331762, -0.309069]]], [[[-85.26314, -0.284208], [-85.263767, -0.28494], [-85.264484, -0.285132], [-85.265296, -0.284114], [-85.264644, -0.284431], [-85.264669, -0.283986], [-85.264337, -0.283785], [-85.264106, -0.283825], [-85.264182, -0.284912], [-85.263289, -0.283807], [-85.262231, -0.284111], [-85.26314, -0.284208]]], [[[-85.26354, -0.283849], [-85.263839, -0.283907], [-85.263763, -0.283521], [-85.263621, -0.283549], [-85.26354, -0.283849]]], [[[-85.26653, -0.282553], [-85.266331, -0.282944], [-85.267204, -0.282246], [-85.266908, -0.281475], [-85.26653, -0.282553]]], [[[-85.262901, -0.282233], [-85.262924, -0.281754], [-85.262466, -0.28186], [-85.262429, -0.28232], [-85.262901, -0.282233]]], [[[-85.262325, -0.281465], [-85.263199, -0.281044], [-85.263445, -0.279884], [-85.262405, -0.280835], [-85.262325, -0.281465]]], [[[-85.26177, -0.279803], [-85.261226, -0.280297], [-85.262649, -0.279101], [-85.262063, -0.278789], [-85.26177, -0.279803]]], [[[-85.260261, -0.280482], [-85.260794, -0.280008], [-85.260156, -0.278483], [-85.259868, -0.280144], [-85.260261, -0.280482]]], [[[-85.07978, -0.228746], [-85.08015, -0.228562], [-85.079676, -0.228206], [-85.079321, -0.228751], [-85.07978, -0.228746]]], [[[-85.063049, -0.202678], [-85.063216, -0.20268], [-85.0631, -0.202441], [-85.062979, -0.202463], [-85.063049, -0.202678]]], [[[-85.070453, -0.196004], [-85.070597, -0.195894], [-85.070528, -0.195718], [-85.070185, -0.195992], [-85.070453, -0.196004]]], [[[-85.069713, -0.195671], [-85.06973, -0.195932], [-85.070056, -0.196178], [-85.07006, -0.195857], [-85.069713, -0.195671]]], [[[-85.068675, -0.190204], [-85.068115, -0.190128], [-85.067778, -0.191048], [-85.068779, -0.190684], [-85.068675, -0.190204]]], [[[-85.067171, -0.189159], [-85.067091, -0.189349], [-85.0675, -0.189858], [-85.067681, -0.189418], [-85.067171, -0.189159]]], [[[-85.080185, -0.189438], [-85.079899, -0.188433], [-85.079013, -0.188837], [-85.079597, -0.189946], [-85.080185, -0.189438]]], [[[-85.066597, -0.189043], [-85.066848, -0.188985], [-85.06679, -0.188709], [-85.066426, -0.188983], [-85.06656, -0.18933], [-85.066597, -0.189043]]], [[[-85.069277, -0.189021], [-85.069403, -0.189086], [-85.069472, -0.189022], [-85.069349, -0.188928], [-85.069277, -0.189021]]], [[[-85.079211, -0.1882], [-85.07937, -0.188238], [-85.079426, -0.188103], [-85.07927, -0.188048], [-85.079211, -0.1882]]], [[[-85.079914, -0.185652], [-85.080062, -0.18599], [-85.080422, -0.185851], [-85.080297, -0.185306], [-85.079914, -0.185652]]], [[[-85.07977, -0.185272], [-85.079675, -0.184999], [-85.079449, -0.184928], [-85.079394, -0.185101], [-85.07977, -0.185272]]], [[[-85.333431, 0.583036], [-85.333521, 0.581939], [-85.336216, 0.582133], [-85.333716, 0.578118], [-85.334055, 0.579969], [-85.332714, 0.580149], [-85.332408, 0.582104], [-85.332096, 0.579853], [-85.330677, 0.579645], [-85.329871, 0.580845], [-85.331012, 0.58225], [-85.329126, 0.581209], [-85.327899, 0.582386], [-85.32811, 0.578995], [-85.329132, 0.579365], [-85.32957, 0.577708], [-85.328125, 0.57658], [-85.330211, 0.577021], [-85.330777, 0.575734], [-85.32298, 0.568006], [-85.321893, 0.561479], [-85.318487, 0.556696], [-85.316192, 0.555353], [-85.311871, 0.557803], [-85.30695, 0.553212], [-85.304254, 0.553269], [-85.303211, 0.551787], [-85.304042, 0.549677], [-85.302537, 0.549927], [-85.300643, 0.54266], [-85.295798, 0.534037], [-85.296145, 0.53014], [-85.294909, 0.529075], [-85.29692, 0.522829], [-85.292657, 0.514414], [-85.289951, 0.515004], [-85.289879, 0.510639], [-85.291309, 0.509695], [-85.289968, 0.505365], [-85.291057, 0.505061], [-85.289428, 0.502766], [-85.28639, 0.503609], [-85.286389, 0.493541], [-85.27848, 0.484116], [-85.282036, 0.48271], [-85.281643, 0.479519], [-85.275766, 0.478532], [-85.268701, 0.470118], [-85.266469, 0.461795], [-85.260125, 0.458825], [-85.255529, 0.454177], [-85.253705, 0.450592], [-85.249907, 0.447894], [-85.248467, 0.44303], [-85.242356, 0.443045], [-85.239015, 0.440791], [-85.232452, 0.433385], [-85.232997, 0.430524], [-85.229842, 0.423895], [-85.223184, 0.420644], [-85.218452, 0.421314], [-85.216009, 0.417919], [-85.212242, 0.417231], [-85.207255, 0.409453], [-85.205472, 0.402689], [-85.206242, 0.399185], [-85.201342, 0.396352], [-85.19907, 0.396562], [-85.197564, 0.399956], [-85.196224, 0.399712], [-85.190095, 0.395373], [-85.188175, 0.380241], [-85.185181, 0.373855], [-85.186417, 0.372114], [-85.185293, 0.370295], [-85.186504, 0.366038], [-85.181015, 0.355232], [-85.181669, 0.352743], [-85.179781, 0.349932], [-85.178281, 0.338729], [-85.180255, 0.338143], [-85.180337, 0.336424], [-85.177207, 0.334559], [-85.178655, 0.330767], [-85.176262, 0.322913], [-85.176437, 0.318873], [-85.177731, 0.31785], [-85.176466, 0.314713], [-85.178165, 0.312734], [-85.175945, 0.308906], [-85.179923, 0.296765], [-85.177354, 0.292929], [-85.178961, 0.2883], [-85.180848, 0.288324], [-85.180213, 0.285848], [-85.181534, 0.285068], [-85.180074, 0.284325], [-85.179479, 0.282333], [-85.180647, 0.28118], [-85.179177, 0.278757], [-85.181641, 0.272578], [-85.181544, 0.268885], [-85.183262, 0.267182], [-85.184776, 0.267538], [-85.185034, 0.265147], [-85.18235, 0.262752], [-85.182835, 0.259769], [-85.180504, 0.256678], [-85.180568, 0.242075], [-85.178195, 0.230553], [-85.175011, 0.224867], [-85.175424, 0.213675], [-85.17038, 0.200349], [-85.167763, 0.199235], [-85.167184, 0.193717], [-85.164584, 0.191177], [-85.162119, 0.191374], [-85.156935, 0.186814], [-85.154876, 0.181868], [-85.150405, 0.179925], [-85.149365, 0.177337], [-85.147435, 0.176496], [-85.145678, 0.169763], [-85.141456, 0.167816], [-85.139834, 0.163681], [-85.131855, 0.158883], [-85.129438, 0.155288], [-85.126722, 0.154247], [-85.125398, 0.151012], [-85.111967, 0.144403], [-85.104979, 0.137003], [-85.106779, 0.135934], [-85.105797, 0.131503], [-85.103726, 0.132275], [-85.102664, 0.129799], [-85.100392, 0.129541], [-85.100574, 0.122631], [-85.101984, 0.121578], [-85.100806, 0.118104], [-85.09694, 0.11787], [-85.09538, 0.115571], [-85.090315, 0.115689], [-85.088888, 0.110603], [-85.089139, 0.108353], [-85.092306, 0.107305], [-85.095535, 0.107055], [-85.09894, 0.10895], [-85.100774, 0.10783], [-85.099778, 0.106201], [-85.097758, 0.106148], [-85.09718, 0.104359], [-85.088236, 0.09989], [-85.084551, 0.096363], [-85.071372, 0.091463], [-85.059323, 0.081472], [-85.053015, 0.079678], [-85.051167, 0.07595], [-85.047217, 0.073059], [-85.03671, 0.068337], [-85.031318, 0.06844], [-85.025762, 0.061888], [-85.014672, 0.054351], [-85.010558, 0.049396], [-85.00693, 0.04782], [-85.003053, 0.041965], [-84.998038, 0.038505], [-84.994696, 0.03846], [-84.995865, 0.037512], [-84.993972, 0.034512], [-84.986265, 0.031594], [-84.987325, 0.028802], [-84.983967, 0.020891], [-84.981765, 0.018864], [-84.979104, 0.018891], [-84.97878, 0.016141], [-84.976789, 0.015859], [-84.975054, 0.007983], [-84.971533, 0.006915], [-84.969203, 0.001508], [-84.963972, -0.00068], [-84.963145, -0.002703], [-84.961235, -0.002695], [-84.96082, -0.00459], [-84.95774, -0.005776], [-84.958088, -0.010031], [-84.954102, -0.012454], [-84.951279, -0.017011], [-84.948445, -0.013093], [-84.944849, -0.013392], [-84.945841, -0.01193], [-84.943224, -0.011888], [-84.944522, -0.010265], [-84.943008, -0.011068], [-84.941426, -0.009636], [-84.940763, -0.010466], [-84.939883, -0.009511], [-84.938226, -0.011627], [-84.937794, -0.011154], [-84.937417, -0.01134], [-84.938299, -0.013159], [-84.937002, -0.014037], [-84.937337, -0.013159], [-84.936673, -0.013452], [-84.936425, -0.012449], [-84.935546, -0.012021], [-84.936493, -0.013718], [-84.935236, -0.013826], [-84.935142, -0.014107], [-84.935452, -0.014469], [-84.935403, -0.015005], [-84.934332, -0.01561], [-84.935536, -0.016805], [-84.935606, -0.019592], [-84.936466, -0.019247], [-84.937176, -0.021023], [-84.93425, -0.020549], [-84.933952, -0.02091], [-84.937536, -0.022229], [-84.939243, -0.021097], [-84.942356, -0.022775], [-84.939591, -0.031978], [-84.943859, -0.039908], [-84.941992, -0.042699], [-84.933234, -0.04837], [-84.931696, -0.051946], [-84.932884, -0.054631], [-84.929635, -0.060101], [-84.929566, -0.062802], [-84.931607, -0.066161], [-84.930203, -0.071241], [-84.931709, -0.073303], [-84.930788, -0.074492], [-84.932179, -0.075011], [-84.932631, -0.078909], [-84.934701, -0.081344], [-84.932571, -0.085348], [-84.932599, -0.08913], [-84.930041, -0.092508], [-84.934167, -0.097296], [-84.934582, -0.099959], [-84.938187, -0.100857], [-84.937908, -0.102474], [-84.940952, -0.10356], [-84.939465, -0.105392], [-84.936746, -0.104649], [-84.935787, -0.106058], [-84.938603, -0.10751], [-84.936422, -0.107729], [-84.938206, -0.109285], [-84.935432, -0.112154], [-84.937646, -0.114499], [-84.935722, -0.120032], [-84.938755, -0.120531], [-84.936468, -0.122057], [-84.938603, -0.125385], [-84.936328, -0.130554], [-84.937248, -0.135519], [-84.940787, -0.139125], [-84.941026, -0.145298], [-84.943522, -0.14791], [-84.943346, -0.150655], [-84.947616, -0.150021], [-84.949877, -0.153584], [-84.954011, -0.152006], [-84.954938, -0.153501], [-84.95821, -0.154087], [-84.956691, -0.156251], [-84.957658, -0.158505], [-84.958985, -0.158512], [-84.957767, -0.159445], [-84.958663, -0.160903], [-84.963309, -0.160674], [-84.962696, -0.164146], [-84.96551, -0.165258], [-84.967199, -0.164112], [-84.967366, -0.16589], [-84.968909, -0.165395], [-84.968599, -0.170363], [-84.965765, -0.166042], [-84.964448, -0.16673], [-84.961266, -0.165225], [-84.961937, -0.165609], [-84.960614, -0.167889], [-84.959921, -0.165328], [-84.958102, -0.165552], [-84.96025, -0.163967], [-84.957384, -0.163369], [-84.957854, -0.167349], [-84.957243, -0.165674], [-84.955995, -0.165892], [-84.956681, -0.164618], [-84.950385, -0.163205], [-84.946831, -0.163717], [-84.94642, -0.165891], [-84.943098, -0.167415], [-84.939533, -0.172069], [-84.939797, -0.175562], [-84.942265, -0.176872], [-84.942074, -0.180006], [-84.943471, -0.179967], [-84.944841, -0.183052], [-84.943502, -0.183733], [-84.944606, -0.184405], [-84.943803, -0.186368], [-84.947066, -0.188655], [-84.946351, -0.189834], [-84.947445, -0.189594], [-84.947724, -0.190616], [-84.946388, -0.190353], [-84.948231, -0.191765], [-84.947422, -0.193878], [-84.947258, -0.193131], [-84.945774, -0.193028], [-84.947021, -0.194294], [-84.944293, -0.195086], [-84.944947, -0.196587], [-84.943303, -0.194667], [-84.943423, -0.196388], [-84.941872, -0.196525], [-84.944385, -0.199408], [-84.945173, -0.20368], [-84.943808, -0.204486], [-84.942765, -0.20272], [-84.939992, -0.205789], [-84.939546, -0.208761], [-84.938096, -0.208356], [-84.936677, -0.2105], [-84.932768, -0.206296], [-84.930183, -0.205839], [-84.930038, -0.208043], [-84.928117, -0.209196], [-84.928669, -0.211376], [-84.926988, -0.211007], [-84.926884, -0.212486], [-84.922773, -0.215238], [-84.921695, -0.218767], [-84.921363, -0.215962], [-84.919712, -0.21706], [-84.91835, -0.214463], [-84.915776, -0.21406], [-84.912375, -0.217648], [-84.912517, -0.215059], [-84.90958, -0.215545], [-84.910935, -0.217365], [-84.910528, -0.218255], [-84.909044, -0.216626], [-84.906908, -0.219712], [-84.908407, -0.216866], [-84.9064, -0.213162], [-84.903668, -0.211351], [-84.902593, -0.212596], [-84.901919, -0.211056], [-84.900881, -0.212268], [-84.899571, -0.210681], [-84.896951, -0.212306], [-84.900206, -0.210226], [-84.895624, -0.207613], [-84.896514, -0.205013], [-84.892405, -0.203666], [-84.892723, -0.201463], [-84.890648, -0.200694], [-84.890008, -0.203336], [-84.88979, -0.202945], [-84.889027, -0.203065], [-84.893142, -0.208119], [-84.891442, -0.20903], [-84.891452, -0.207454], [-84.889997, -0.207036], [-84.890772, -0.20644], [-84.889336, -0.206235], [-84.889548, -0.204031], [-84.88738, -0.203547], [-84.888051, -0.20282], [-84.886043, -0.20045], [-84.883604, -0.199781], [-84.883079, -0.197817], [-84.880247, -0.197841], [-84.880772, -0.20197], [-84.87816, -0.20695], [-84.879426, -0.213667], [-84.875352, -0.214891], [-84.874957, -0.21396], [-84.872051, -0.216858], [-84.869941, -0.215645], [-84.867624, -0.219043], [-84.868239, -0.223177], [-84.866863, -0.225151], [-84.868807, -0.227577], [-84.867142, -0.229584], [-84.869447, -0.230738], [-84.869175, -0.233338], [-84.866183, -0.232313], [-84.86386, -0.236012], [-84.861107, -0.237102], [-84.861574, -0.23954], [-84.859867, -0.241151], [-84.857484, -0.241637], [-84.855437, -0.238755], [-84.851198, -0.238294], [-84.855172, -0.244413], [-84.848509, -0.242983], [-84.847919, -0.244635], [-84.849965, -0.246225], [-84.84835, -0.248016], [-84.851603, -0.248895], [-84.849992, -0.249891], [-84.847851, -0.247858], [-84.847395, -0.248713], [-84.847429, -0.247474], [-84.841532, -0.251751], [-84.841844, -0.253558], [-84.84372, -0.253206], [-84.844849, -0.255194], [-84.846316, -0.253836], [-84.844954, -0.256223], [-84.847628, -0.256605], [-84.845872, -0.259301], [-84.846831, -0.262946], [-84.844049, -0.266057], [-84.841202, -0.26498], [-84.83639, -0.267699], [-84.835251, -0.275437], [-84.833292, -0.273089], [-84.83293, -0.274885], [-84.829277, -0.274398], [-84.827099, -0.275853], [-84.827078, -0.278076], [-84.829607, -0.279414], [-84.830387, -0.27854], [-84.831146, -0.281409], [-84.833826, -0.282553], [-84.834474, -0.284767], [-84.835329, -0.284145], [-84.833781, -0.287062], [-84.837167, -0.288802], [-84.835338, -0.290669], [-84.838821, -0.292693], [-84.841602, -0.292496], [-84.840123, -0.293306], [-84.841064, -0.296], [-84.839274, -0.29455], [-84.836944, -0.295958], [-84.83565, -0.294738], [-84.835059, -0.296424], [-84.832352, -0.29713], [-84.832955, -0.298027], [-84.834872, -0.296983], [-84.835373, -0.297817], [-84.832655, -0.29833], [-84.832551, -0.299792], [-84.830048, -0.298706], [-84.829006, -0.299486], [-84.829476, -0.300438], [-84.828664, -0.30096], [-84.828373, -0.299439], [-84.830232, -0.298162], [-84.830026, -0.297683], [-84.825834, -0.29812], [-84.824319, -0.294425], [-84.822645, -0.293899], [-84.820933, -0.293746], [-84.819118, -0.297163], [-84.815056, -0.297063], [-84.814473, -0.295518], [-84.813268, -0.297485], [-84.812553, -0.296735], [-84.810941, -0.301085], [-84.811984, -0.302478], [-84.807373, -0.305634], [-84.808171, -0.307565], [-84.812001, -0.306734], [-84.813755, -0.308192], [-84.814873, -0.307557], [-84.814979, -0.30994], [-84.815658, -0.309253], [-84.816417, -0.30973], [-84.817374, -0.312133], [-84.814043, -0.314603], [-84.814125, -0.318654], [-84.809135, -0.314745], [-84.804133, -0.31883], [-84.800987, -0.317426], [-84.798159, -0.319021], [-84.791732, -0.316563], [-84.792806, -0.320736], [-84.790958, -0.320217], [-84.790406, -0.324537], [-84.795636, -0.326732], [-84.799149, -0.326637], [-84.799355, -0.330691], [-84.797051, -0.328687], [-84.796404, -0.331354], [-84.794504, -0.330739], [-84.792904, -0.332946], [-84.79113, -0.331329], [-84.789317, -0.333822], [-84.786469, -0.333697], [-84.78286, -0.335767], [-84.779108, -0.332598], [-84.773088, -0.332041], [-84.772873, -0.334008], [-84.770316, -0.334385], [-84.771484, -0.335874], [-84.770315, -0.337202], [-84.771683, -0.341018], [-84.77322, -0.339836], [-84.775011, -0.341647], [-84.770352, -0.342439], [-84.765795, -0.350029], [-84.767779, -0.353655], [-84.766309, -0.357801], [-84.771147, -0.359206], [-84.768478, -0.359998], [-84.770219, -0.360682], [-84.769338, -0.362251], [-84.772869, -0.362115], [-84.773997, -0.364407], [-84.774123, -0.362463], [-84.777232, -0.361897], [-84.778916, -0.365448], [-84.781141, -0.365847], [-84.779196, -0.367288], [-84.779934, -0.369786], [-84.778674, -0.370441], [-84.779386, -0.371632], [-84.78053, -0.370755], [-84.781514, -0.370914], [-84.780294, -0.373949], [-84.782227, -0.373553], [-84.781906, -0.375555], [-84.784457, -0.37517], [-84.786692, -0.378268], [-84.788889, -0.378971], [-84.789921, -0.377822], [-84.789631, -0.379269], [-84.790101, -0.378664], [-84.79044, -0.378596], [-84.793037, -0.37871], [-84.801368, -0.381732], [-84.808675, -0.381147], [-84.810434, -0.383264], [-84.810473, -0.386865], [-84.808371, -0.389754], [-84.811003, -0.392032], [-84.81301, -0.401942], [-84.811081, -0.402082], [-84.810626, -0.404891], [-84.812334, -0.406039], [-84.812428, -0.404448], [-84.813698, -0.404345], [-84.813999, -0.407115], [-84.812091, -0.408181], [-84.815536, -0.410443], [-84.81612, -0.415969], [-84.814552, -0.42173], [-84.819969, -0.425237], [-84.819425, -0.426488], [-84.825774, -0.428718], [-84.823625, -0.433392], [-84.825798, -0.434864], [-84.823488, -0.442492], [-84.825232, -0.450286], [-84.823547, -0.450896], [-84.823691, -0.45255], [-84.831656, -0.458308], [-84.830198, -0.465417], [-84.831776, -0.467172], [-84.829649, -0.468205], [-84.83012, -0.472941], [-84.832241, -0.474688], [-84.836443, -0.474987], [-84.837638, -0.477176], [-84.832079, -0.494991], [-84.831979, -0.504075], [-84.835108, -0.509353], [-84.846935, -0.512793], [-84.853483, -0.510596], [-84.861008, -0.511405], [-84.865375, -0.508882], [-84.869154, -0.509299], [-84.873928, -0.513913], [-84.872941, -0.518303], [-84.874638, -0.523752], [-84.878554, -0.526181], [-84.881872, -0.53245], [-84.884, -0.533286], [-84.88414, -0.538216], [-84.889548, -0.54446], [-84.890613, -0.547752], [-84.904184, -0.552887], [-84.908303, -0.552929], [-84.911466, -0.555566], [-84.913102, -0.55401], [-84.913654, -0.557022], [-84.914333, -0.556003], [-84.916481, -0.556929], [-84.915088, -0.557805], [-84.915708, -0.558978], [-84.918931, -0.558597], [-84.920876, -0.556623], [-84.924007, -0.55912], [-84.930492, -0.560258], [-84.935787, -0.557921], [-84.936205, -0.554985], [-84.93828, -0.556112], [-84.939993, -0.555015], [-84.942225, -0.55623], [-84.941865, -0.559137], [-84.942126, -0.560316], [-84.942314, -0.557043], [-84.943591, -0.557977], [-84.943039, -0.558571], [-84.942823, -0.559725], [-84.945627, -0.565573], [-84.946175, -0.563281], [-84.94322, -0.559818], [-84.944571, -0.557918], [-84.94339, -0.557154], [-84.949137, -0.557387], [-84.951298, -0.553285], [-84.953502, -0.553819], [-84.960766, -0.551425], [-84.964113, -0.553138], [-84.971995, -0.551655], [-84.976664, -0.557225], [-84.978774, -0.55441], [-84.980313, -0.555915], [-84.982028, -0.554523], [-84.982798, -0.558991], [-84.984635, -0.560416], [-84.984705, -0.566466], [-84.987894, -0.566085], [-84.990523, -0.568906], [-84.992775, -0.569047], [-84.994838, -0.572176], [-84.992775, -0.574222], [-84.994022, -0.57384], [-84.997654, -0.576754], [-85.000788, -0.576627], [-85.001122, -0.579458], [-85.004714, -0.583997], [-85.014314, -0.583716], [-85.026086, -0.586612], [-85.028167, -0.588842], [-85.0278, -0.592103], [-85.033239, -0.591692], [-85.036947, -0.594013], [-85.037648, -0.596985], [-85.041692, -0.593746], [-85.048177, -0.596077], [-85.050772, -0.599747], [-85.049676, -0.608088], [-85.05449, -0.605059], [-85.057125, -0.605002], [-85.059649, -0.601213], [-85.067905, -0.60139], [-85.081447, -0.606126], [-85.085402, -0.604259], [-85.088262, -0.609756], [-85.093481, -0.610673], [-85.095374, -0.609202], [-85.100074, -0.609375], [-85.104985, -0.615265], [-85.107649, -0.612998], [-85.110056, -0.614447], [-85.111894, -0.613465], [-85.115542, -0.61996], [-85.116927, -0.619632], [-85.118155, -0.621262], [-85.125909, -0.617531], [-85.129694, -0.621388], [-85.12667, -0.624132], [-85.128819, -0.628501], [-85.132054, -0.627577], [-85.134409, -0.629937], [-85.137038, -0.628993], [-85.140717, -0.631984], [-85.144402, -0.631198], [-85.147821, -0.634445], [-85.151326, -0.63141], [-85.153847, -0.631833], [-85.154044, -0.63463], [-85.151097, -0.636422], [-85.152193, -0.636176], [-85.152618, -0.638664], [-85.151327, -0.640322], [-85.152587, -0.640636], [-85.152057, -0.644611], [-85.156013, -0.641364], [-85.153686, -0.639672], [-85.156726, -0.640217], [-85.156991, -0.641377], [-85.159314, -0.640411], [-85.159873, -0.642124], [-85.160527, -0.64077], [-85.161764, -0.643223], [-85.162057, -0.64166], [-85.163103, -0.641251], [-85.161706, -0.644129], [-85.163122, -0.645161], [-85.163844, -0.643566], [-85.164913, -0.64489], [-85.166681, -0.644272], [-85.165935, -0.645832], [-85.167053, -0.646522], [-85.165394, -0.647102], [-85.166473, -0.647843], [-85.17227, -0.640673], [-85.175802, -0.642782], [-85.180814, -0.641509], [-85.186873, -0.642677], [-85.191134, -0.640586], [-85.195606, -0.643085], [-85.204162, -0.642059], [-85.20787, -0.636551], [-85.210042, -0.636576], [-85.210173, -0.63476], [-85.21422, -0.63166], [-85.212767, -0.628365], [-85.217856, -0.628245], [-85.2191, -0.62561], [-85.222236, -0.627679], [-85.226485, -0.627375], [-85.227028, -0.628763], [-85.228503, -0.627453], [-85.229534, -0.628715], [-85.230689, -0.625966], [-85.232078, -0.627054], [-85.233102, -0.624043], [-85.236547, -0.626444], [-85.240347, -0.622732], [-85.246717, -0.624538], [-85.248349, -0.622044], [-85.251096, -0.622105], [-85.255497, -0.619682], [-85.256147, -0.621196], [-85.260301, -0.621809], [-85.27259, -0.617465], [-85.27762, -0.618701], [-85.291103, -0.613664], [-85.293884, -0.614529], [-85.300937, -0.613096], [-85.3048, -0.614364], [-85.305219, -0.613169], [-85.309369, -0.613293], [-85.310448, -0.611915], [-85.316335, -0.613956], [-85.320715, -0.612077], [-85.326412, -0.6147], [-85.33087, -0.61478], [-85.333661, -0.612547], [-85.340839, -0.611154], [-85.344852, -0.613325], [-85.362505, -0.615829], [-85.372162, -0.619194], [-85.395061, -0.614212], [-85.401229, -0.607778], [-85.413477, -0.608549], [-85.417126, -0.602996], [-85.420448, -0.600659], [-85.427951, -0.599955], [-85.436885, -0.594417], [-85.435405, -0.592254], [-85.43851, -0.589783], [-85.440402, -0.585756], [-85.441302, -0.578117], [-85.438012, -0.571303], [-85.439912, -0.569193], [-85.441041, -0.563758], [-85.440021, -0.563006], [-85.441756, -0.560946], [-85.44104, -0.553002], [-85.448403, -0.545133], [-85.453061, -0.545731], [-85.458891, -0.542955], [-85.462657, -0.543967], [-85.479897, -0.536206], [-85.490669, -0.524257], [-85.495421, -0.522657], [-85.506653, -0.502952], [-85.505844, -0.499754], [-85.507363, -0.495613], [-85.505171, -0.491977], [-85.505806, -0.489302], [-85.504562, -0.487191], [-85.50627, -0.484537], [-85.504318, -0.476661], [-85.49858, -0.466061], [-85.494888, -0.463947], [-85.495255, -0.458976], [-85.492364, -0.453396], [-85.488242, -0.450679], [-85.482284, -0.441676], [-85.473109, -0.436759], [-85.471882, -0.433637], [-85.467393, -0.430562], [-85.46513, -0.425788], [-85.459161, -0.423593], [-85.458003, -0.422393], [-85.458938, -0.421267], [-85.453818, -0.419359], [-85.452353, -0.41605], [-85.451282, -0.417402], [-85.448668, -0.415612], [-85.447172, -0.411657], [-85.441523, -0.406477], [-85.438003, -0.399667], [-85.435658, -0.3972], [-85.434161, -0.398072], [-85.433273, -0.393309], [-85.430315, -0.39144], [-85.430814, -0.389914], [-85.427926, -0.38961], [-85.429499, -0.385358], [-85.427127, -0.380756], [-85.422582, -0.379393], [-85.421853, -0.381663], [-85.421405, -0.379613], [-85.419313, -0.379786], [-85.416358, -0.375764], [-85.412521, -0.377554], [-85.412519, -0.376079], [-85.406398, -0.372468], [-85.405023, -0.369806], [-85.403356, -0.369973], [-85.40471, -0.368001], [-85.403523, -0.363574], [-85.399498, -0.362432], [-85.397684, -0.360102], [-85.390021, -0.359228], [-85.389427, -0.357813], [-85.387142, -0.358439], [-85.380955, -0.355173], [-85.377894, -0.356083], [-85.373638, -0.352418], [-85.371773, -0.347922], [-85.369227, -0.34711], [-85.367611, -0.349038], [-85.364116, -0.346962], [-85.362648, -0.344306], [-85.363462, -0.339552], [-85.360865, -0.334596], [-85.355724, -0.331494], [-85.350827, -0.330802], [-85.343976, -0.323774], [-85.344398, -0.322298], [-85.340676, -0.318233], [-85.340464, -0.315889], [-85.338388, -0.31531], [-85.334467, -0.317169], [-85.333935, -0.31576], [-85.336273, -0.315647], [-85.333378, -0.311325], [-85.334051, -0.31009], [-85.332554, -0.310792], [-85.332789, -0.312492], [-85.330413, -0.313465], [-85.329744, -0.312253], [-85.331313, -0.312577], [-85.33236, -0.310741], [-85.328807, -0.3087], [-85.328056, -0.309584], [-85.328451, -0.308322], [-85.325581, -0.305973], [-85.327385, -0.308254], [-85.324724, -0.306696], [-85.325064, -0.308566], [-85.323898, -0.307858], [-85.322815, -0.308984], [-85.324619, -0.308926], [-85.324721, -0.310041], [-85.322831, -0.310771], [-85.320929, -0.307519], [-85.321877, -0.305114], [-85.319647, -0.302823], [-85.320409, -0.298331], [-85.323252, -0.297242], [-85.32253, -0.293193], [-85.320337, -0.290342], [-85.315884, -0.288372], [-85.312207, -0.282254], [-85.307151, -0.285337], [-85.304728, -0.285365], [-85.302489, -0.283406], [-85.298478, -0.28565], [-85.295348, -0.284517], [-85.295776, -0.286512], [-85.293297, -0.286843], [-85.281272, -0.282678], [-85.271244, -0.285861], [-85.26888, -0.283391], [-85.267347, -0.282879], [-85.266752, -0.284024], [-85.26595, -0.282969], [-85.264762, -0.283792], [-85.265541, -0.283284], [-85.266009, -0.285144], [-85.265342, -0.284424], [-85.263635, -0.286308], [-85.262704, -0.284399], [-85.260372, -0.284554], [-85.260507, -0.286052], [-85.259105, -0.286204], [-85.261463, -0.281681], [-85.260115, -0.282231], [-85.259181, -0.281664], [-85.258831, -0.282842], [-85.25847, -0.28139], [-85.26111, -0.281662], [-85.259885, -0.2812], [-85.261174, -0.280695], [-85.248897, -0.279698], [-85.247454, -0.281192], [-85.24868, -0.282], [-85.248667, -0.282711], [-85.241705, -0.280138], [-85.240605, -0.271007], [-85.234007, -0.265168], [-85.232411, -0.266452], [-85.229225, -0.263123], [-85.226814, -0.262683], [-85.22693, -0.264037], [-85.220959, -0.261271], [-85.215963, -0.263628], [-85.213707, -0.25891], [-85.211971, -0.258182], [-85.210724, -0.259256], [-85.208484, -0.257889], [-85.201293, -0.259888], [-85.202005, -0.265031], [-85.20061, -0.266852], [-85.197921, -0.266403], [-85.197973, -0.264024], [-85.196426, -0.265176], [-85.195343, -0.264407], [-85.19671, -0.265942], [-85.193883, -0.266393], [-85.195128, -0.269317], [-85.193847, -0.27056], [-85.193356, -0.269543], [-85.191009, -0.270744], [-85.189978, -0.268194], [-85.188194, -0.270792], [-85.186706, -0.270021], [-85.18396, -0.271994], [-85.179669, -0.271567], [-85.179848, -0.273703], [-85.178205, -0.273841], [-85.179258, -0.275735], [-85.177165, -0.276077], [-85.175532, -0.278877], [-85.177154, -0.279722], [-85.176667, -0.281744], [-85.174269, -0.283428], [-85.17478, -0.281823], [-85.172116, -0.27902], [-85.166594, -0.278006], [-85.160278, -0.279865], [-85.157484, -0.277539], [-85.158508, -0.274278], [-85.15724, -0.272045], [-85.149945, -0.269211], [-85.150284, -0.273103], [-85.148732, -0.271499], [-85.148514, -0.268275], [-85.142169, -0.267613], [-85.137909, -0.263677], [-85.136089, -0.259809], [-85.131233, -0.258097], [-85.130683, -0.254969], [-85.135075, -0.255785], [-85.136335, -0.253029], [-85.132471, -0.245445], [-85.130906, -0.246745], [-85.126634, -0.244192], [-85.121981, -0.243671], [-85.120455, -0.245852], [-85.117106, -0.243682], [-85.11513, -0.24403], [-85.115025, -0.245401], [-85.109941, -0.241279], [-85.111338, -0.239694], [-85.11008, -0.2379], [-85.107096, -0.236983], [-85.108423, -0.233512], [-85.105247, -0.231607], [-85.107039, -0.231397], [-85.106609, -0.230243], [-85.098892, -0.226578], [-85.09577, -0.226811], [-85.096371, -0.229123], [-85.095001, -0.23168], [-85.093216, -0.230806], [-85.091625, -0.232925], [-85.088306, -0.233207], [-85.084658, -0.231967], [-85.082057, -0.233885], [-85.081953, -0.235605], [-85.081788, -0.233742], [-85.08387, -0.230178], [-85.079614, -0.230258], [-85.080517, -0.228977], [-85.080415, -0.228743], [-85.080313, -0.22906], [-85.079234, -0.228854], [-85.078835, -0.227183], [-85.07615, -0.228794], [-85.078096, -0.226644], [-85.076284, -0.225829], [-85.079155, -0.222376], [-85.078996, -0.220088], [-85.075038, -0.216493], [-85.072696, -0.216087], [-85.068027, -0.207904], [-85.061999, -0.208208], [-85.060686, -0.207019], [-85.062709, -0.203362], [-85.061718, -0.20383], [-85.061152, -0.203554], [-85.060865, -0.203167], [-85.061135, -0.202752], [-85.065378, -0.20002], [-85.065206, -0.198825], [-85.064878, -0.199825], [-85.064455, -0.200024], [-85.063527, -0.199768], [-85.064568, -0.199864], [-85.065249, -0.19839], [-85.065729, -0.198663], [-85.066407, -0.196252], [-85.068532, -0.196652], [-85.069433, -0.195471], [-85.068118, -0.195891], [-85.066252, -0.194896], [-85.064521, -0.197193], [-85.064673, -0.196018], [-85.066218, -0.194724], [-85.066929, -0.194599], [-85.067881, -0.195478], [-85.069917, -0.193486], [-85.068462, -0.192144], [-85.068915, -0.190736], [-85.06723, -0.191497], [-85.067624, -0.191], [-85.066878, -0.18976], [-85.067274, -0.190756], [-85.06592, -0.191052], [-85.066741, -0.189562], [-85.064137, -0.189315], [-85.064304, -0.188048], [-85.062611, -0.18884], [-85.060748, -0.186618], [-85.059423, -0.188157], [-85.057907, -0.184392], [-85.06219, -0.186909], [-85.064524, -0.184679], [-85.065517, -0.186297], [-85.067084, -0.18516], [-85.071945, -0.185421], [-85.073093, -0.184287], [-85.07187, -0.182818], [-85.073816, -0.182224], [-85.070867, -0.177535], [-85.072426, -0.179667], [-85.073722, -0.177226], [-85.076086, -0.17712], [-85.075877, -0.175194], [-85.077854, -0.176473], [-85.078572, -0.17454], [-85.080172, -0.175118], [-85.079396, -0.177194], [-85.085462, -0.17876], [-85.084847, -0.177245], [-85.087553, -0.172602], [-85.086733, -0.167334], [-85.090262, -0.165639], [-85.090951, -0.160928], [-85.095703, -0.158239], [-85.098288, -0.158934], [-85.101486, -0.157764], [-85.102312, -0.156178], [-85.120235, -0.147383], [-85.127224, -0.138582], [-85.131174, -0.138339], [-85.142554, -0.125989], [-85.144667, -0.125308], [-85.146742, -0.121169], [-85.152966, -0.116431], [-85.157102, -0.109554], [-85.160792, -0.107599], [-85.163243, -0.103348], [-85.168592, -0.099994], [-85.171769, -0.100318], [-85.176945, -0.097202], [-85.182168, -0.091286], [-85.190219, -0.088138], [-85.199102, -0.079608], [-85.204192, -0.077103], [-85.205813, -0.072425], [-85.211726, -0.066645], [-85.212311, -0.061551], [-85.216139, -0.056536], [-85.214843, -0.053425], [-85.216369, -0.04734], [-85.219362, -0.042301], [-85.217968, -0.040145], [-85.218711, -0.035389], [-85.217162, -0.033503], [-85.219118, -0.022814], [-85.217961, -0.018836], [-85.219329, -0.015342], [-85.217459, -0.007335], [-85.218926, -0.005134], [-85.217959, -0.003677], [-85.218861, -0.001624], [-85.214826, 0.01296], [-85.216807, 0.015198], [-85.216981, 0.019231], [-85.229507, 0.01529], [-85.23289, 0.018029], [-85.230536, 0.023779], [-85.236146, 0.023663], [-85.237652, 0.026786], [-85.241333, 0.028205], [-85.241174, 0.03002], [-85.242644, 0.030586], [-85.243497, 0.027842], [-85.247388, 0.030496], [-85.247524, 0.028609], [-85.248044, 0.030096], [-85.249904, 0.028583], [-85.250997, 0.029949], [-85.251192, 0.02869], [-85.253101, 0.029897], [-85.253942, 0.028999], [-85.253095, 0.033325], [-85.250822, 0.034071], [-85.250655, 0.034335], [-85.252245, 0.034626], [-85.253637, 0.032982], [-85.256133, 0.037015], [-85.255396, 0.034785], [-85.257999, 0.0336], [-85.260343, 0.037053], [-85.261447, 0.03649], [-85.26116, 0.037859], [-85.26439, 0.039011], [-85.261976, 0.041896], [-85.268632, 0.047404], [-85.269215, 0.050143], [-85.270389, 0.051053], [-85.271638, 0.050066], [-85.271961, 0.052421], [-85.272825, 0.050772], [-85.27398, 0.05212], [-85.271826, 0.055493], [-85.275812, 0.056716], [-85.27646, 0.061035], [-85.276938, 0.059015], [-85.280666, 0.057778], [-85.285194, 0.059741], [-85.285001, 0.060885], [-85.288481, 0.061534], [-85.289844, 0.064707], [-85.295304, 0.063901], [-85.302234, 0.067643], [-85.30547, 0.06723], [-85.312838, 0.069567], [-85.316613, 0.071436], [-85.315255, 0.072514], [-85.317427, 0.074957], [-85.323232, 0.075844], [-85.326619, 0.079417], [-85.327996, 0.078996], [-85.327617, 0.08062], [-85.330041, 0.083045], [-85.329763, 0.08399], [-85.328684, 0.083708], [-85.328632, 0.084084], [-85.330986, 0.088301], [-85.335758, 0.092825], [-85.339796, 0.093573], [-85.34047, 0.098417], [-85.344945, 0.100428], [-85.346769, 0.103509], [-85.346983, 0.108391], [-85.348865, 0.110429], [-85.350887, 0.110057], [-85.350614, 0.119367], [-85.356028, 0.122162], [-85.357976, 0.126597], [-85.359488, 0.140419], [-85.364554, 0.143956], [-85.362867, 0.153568], [-85.365234, 0.154145], [-85.368709, 0.149604], [-85.369822, 0.150188], [-85.369601, 0.148005], [-85.371256, 0.145932], [-85.374697, 0.145391], [-85.379485, 0.15285], [-85.381561, 0.153257], [-85.379881, 0.157027], [-85.381854, 0.159867], [-85.380355, 0.168303], [-85.383063, 0.17112], [-85.385236, 0.17972], [-85.387063, 0.1803], [-85.385246, 0.18318], [-85.385642, 0.187373], [-85.386995, 0.189978], [-85.390429, 0.190796], [-85.386984, 0.191234], [-85.385752, 0.193692], [-85.384968, 0.200277], [-85.386561, 0.206477], [-85.382204, 0.207718], [-85.379728, 0.204982], [-85.376481, 0.206415], [-85.374871, 0.208889], [-85.377214, 0.210449], [-85.37582, 0.211862], [-85.377239, 0.214762], [-85.376698, 0.218357], [-85.379498, 0.223098], [-85.383898, 0.225196], [-85.390973, 0.242297], [-85.398899, 0.251505], [-85.397834, 0.260205], [-85.3997, 0.262868], [-85.398695, 0.265585], [-85.400914, 0.28071], [-85.399456, 0.282746], [-85.399885, 0.28932], [-85.397127, 0.293223], [-85.397012, 0.297931], [-85.401138, 0.308745], [-85.398436, 0.31522], [-85.403156, 0.349485], [-85.401644, 0.353061], [-85.398953, 0.352106], [-85.400691, 0.353451], [-85.400083, 0.356745], [-85.403239, 0.362487], [-85.403676, 0.36642], [-85.402161, 0.367655], [-85.404907, 0.368816], [-85.404246, 0.372546], [-85.406145, 0.376208], [-85.41249, 0.380338], [-85.413214, 0.38619], [-85.417214, 0.388086], [-85.423071, 0.394327], [-85.433158, 0.399561], [-85.443439, 0.399696], [-85.443914, 0.401212], [-85.447375, 0.402485], [-85.456471, 0.401362], [-85.465423, 0.402372], [-85.470463, 0.400108], [-85.472351, 0.400563], [-85.473712, 0.398178], [-85.481888, 0.395237], [-85.487403, 0.389868], [-85.495637, 0.387232], [-85.511208, 0.378304], [-85.519885, 0.376157], [-85.530115, 0.377248], [-85.534019, 0.373226], [-85.540289, 0.371545], [-85.544176, 0.365599], [-85.547657, 0.36791], [-85.554544, 0.368044], [-85.556947, 0.366686], [-85.555753, 0.363067], [-85.557583, 0.362537], [-85.564311, 0.36836], [-85.566984, 0.378492], [-85.571143, 0.38682], [-85.574445, 0.389416], [-85.575721, 0.394033], [-85.578653, 0.394095], [-85.582526, 0.39912], [-85.58511, 0.399655], [-85.59102, 0.405765], [-85.589789, 0.411626], [-85.58722, 0.414782], [-85.586891, 0.417503], [-85.584983, 0.418591], [-85.584422, 0.423163], [-85.579482, 0.423402], [-85.576891, 0.425357], [-85.574227, 0.424851], [-85.571757, 0.426208], [-85.56834, 0.432938], [-85.566335, 0.431721], [-85.563475, 0.432308], [-85.561186, 0.433367], [-85.560298, 0.435929], [-85.557348, 0.437024], [-85.552825, 0.435765], [-85.543853, 0.442591], [-85.531196, 0.445369], [-85.52692, 0.448352], [-85.526116, 0.450445], [-85.523, 0.451232], [-85.522331, 0.453896], [-85.520516, 0.452788], [-85.517466, 0.454416], [-85.512145, 0.465842], [-85.50424, 0.470579], [-85.504739, 0.477854], [-85.499634, 0.48308], [-85.494125, 0.484079], [-85.494441, 0.491653], [-85.488879, 0.497518], [-85.486407, 0.49732], [-85.487445, 0.502628], [-85.490436, 0.504105], [-85.485638, 0.508562], [-85.486711, 0.509926], [-85.485451, 0.513388], [-85.486028, 0.517615], [-85.481864, 0.518316], [-85.480604, 0.521032], [-85.477823, 0.520055], [-85.474598, 0.521786], [-85.4748, 0.522912], [-85.470515, 0.524335], [-85.468487, 0.527003], [-85.465915, 0.526926], [-85.464667, 0.524673], [-85.460778, 0.524929], [-85.452526, 0.527405], [-85.448831, 0.530146], [-85.445791, 0.527543], [-85.441149, 0.529359], [-85.437471, 0.526255], [-85.432619, 0.529122], [-85.430021, 0.528813], [-85.429156, 0.530291], [-85.425302, 0.530304], [-85.420987, 0.53539], [-85.41125, 0.539291], [-85.410306, 0.538362], [-85.406776, 0.539217], [-85.406393, 0.536247], [-85.403082, 0.540531], [-85.396074, 0.541464], [-85.393509, 0.545556], [-85.385621, 0.543348], [-85.381084, 0.546431], [-85.37934, 0.55412], [-85.371998, 0.555306], [-85.37322, 0.556578], [-85.372487, 0.560179], [-85.368919, 0.560245], [-85.370677, 0.562538], [-85.36797, 0.563203], [-85.368236, 0.564757], [-85.363317, 0.565906], [-85.360998, 0.568443], [-85.360837, 0.572518], [-85.356945, 0.571682], [-85.353935, 0.573437], [-85.358581, 0.572756], [-85.35659, 0.575167], [-85.3577, 0.575551], [-85.36104, 0.573311], [-85.3613, 0.574462], [-85.359586, 0.574745], [-85.35904, 0.577179], [-85.357796, 0.576742], [-85.35586, 0.580065], [-85.356629, 0.581702], [-85.355312, 0.581441], [-85.3557, 0.579285], [-85.351518, 0.58136], [-85.350039, 0.57811], [-85.349525, 0.580034], [-85.348735, 0.578712], [-85.347533, 0.57981], [-85.34635, 0.577445], [-85.345133, 0.578361], [-85.343057, 0.577204], [-85.3406, 0.58179], [-85.338989, 0.582387], [-85.338809, 0.580807], [-85.336432, 0.583712], [-85.33385, 0.584191], [-85.333431, 0.583036]], [[-84.944843, -0.554759], [-84.944909, -0.554622], [-84.944843, -0.554759], [-84.944843, -0.554759]], [[-84.945268, -0.551942], [-84.945287, -0.551809], [-84.945268, -0.551942], [-84.945268, -0.551942]], [[-84.945476, -0.549263], [-84.945476, -0.549263], [-84.945449, -0.54936], [-84.945476, -0.549263]], [[-84.948361, -0.545867], [-84.948038, -0.54593], [-84.947393, -0.546055], [-84.948038, -0.54593], [-84.948361, -0.545867]], [[-84.950514, -0.545314], [-84.949882, -0.545476], [-84.949566, -0.545559], [-84.949882, -0.545476], [-84.950514, -0.545314]], [[-84.954259, -0.5464], [-84.954215, -0.546241], [-84.954034, -0.545531], [-84.953908, -0.545024], [-84.953903, -0.544968], [-84.953775, -0.544462], [-84.953903, -0.544968], [-84.954034, -0.545531], [-84.954259, -0.5464], [-84.954386, -0.546906], [-84.954259, -0.5464]], [[-84.954969, -0.546898], [-84.954969, -0.546898], [-84.954764, -0.546842], [-84.954764, -0.546842], [-84.954969, -0.546898]], [[-84.959664, -0.548162], [-84.959653, -0.547666], [-84.95966, -0.547534], [-84.959838, -0.546468], [-84.960067, -0.545889], [-84.959004, -0.5455], [-84.960067, -0.545889], [-84.959664, -0.548162]], [[-84.961121, -0.550036], [-84.959389, -0.548972], [-84.959614, -0.548362], [-84.960955, -0.549164], [-84.961121, -0.550036], [-84.960967, -0.550641], [-84.961121, -0.550036]], [[-84.935715, -0.020821], [-84.935665, -0.020831], [-84.935625, -0.02082], [-84.935696, -0.020796], [-84.935715, -0.020821]], [[-84.935661, -0.018048], [-84.935649, -0.018086], [-84.935622, -0.01809], [-84.935645, -0.018019], [-84.935661, -0.018048]], [[-84.937612, -0.011595], [-84.937645, -0.011611], [-84.937605, -0.011641], [-84.937593, -0.011608], [-84.937612, -0.011595]], [[-84.935086, -0.021028], [-84.935063, -0.021123], [-84.93501, -0.021155], [-84.935019, -0.021048], [-84.935086, -0.021028]], [[-84.934479, -0.020628], [-84.934516, -0.020618], [-84.934565, -0.020641], [-84.934533, -0.020648], [-84.934479, -0.020628]]], [[[-85.453096, 0.152717], [-85.449798, 0.152789], [-85.448011, 0.15055], [-85.446205, 0.150627], [-85.44698, 0.149975], [-85.447052, 0.149582], [-85.443455, 0.151116], [-85.440829, 0.148982], [-85.440089, 0.151132], [-85.438151, 0.150678], [-85.439839, 0.148239], [-85.437988, 0.147144], [-85.439462, 0.14716], [-85.438537, 0.1465], [-85.440329, 0.144748], [-85.438881, 0.143693], [-85.439507, 0.143401], [-85.439145, 0.140204], [-85.43897, 0.141701], [-85.437328, 0.14183], [-85.438538, 0.140201], [-85.434769, 0.140025], [-85.436268, 0.137712], [-85.435188, 0.138373], [-85.433878, 0.136616], [-85.43286, 0.136995], [-85.434525, 0.138627], [-85.431294, 0.138684], [-85.432988, 0.140404], [-85.431439, 0.142486], [-85.42991, 0.139253], [-85.428135, 0.138682], [-85.426517, 0.139999], [-85.423074, 0.137013], [-85.420422, 0.136553], [-85.419706, 0.13344], [-85.412946, 0.126929], [-85.409454, 0.127393], [-85.409085, 0.128656], [-85.406989, 0.127393], [-85.407718, 0.126081], [-85.40608, 0.123884], [-85.403788, 0.123856], [-85.402657, 0.120395], [-85.401027, 0.120026], [-85.401703, 0.117963], [-85.400483, 0.119199], [-85.399112, 0.118265], [-85.398971, 0.113735], [-85.401179, 0.113219], [-85.40125, 0.112033], [-85.396321, 0.109117], [-85.395998, 0.104746], [-85.393216, 0.105116], [-85.393854, 0.103973], [-85.39254, 0.103232], [-85.390412, 0.09478], [-85.387561, 0.09218], [-85.387105, 0.087659], [-85.388697, 0.08362], [-85.378809, 0.078268], [-85.380682, 0.077932], [-85.378169, 0.074372], [-85.379077, 0.069847], [-85.382391, 0.068938], [-85.380399, 0.066651], [-85.376974, 0.06695], [-85.374293, 0.064717], [-85.374225, 0.059587], [-85.375202, 0.059314], [-85.37399, 0.057411], [-85.376181, 0.053731], [-85.374141, 0.054341], [-85.376603, 0.052657], [-85.377969, 0.056807], [-85.37892, 0.052648], [-85.37839, 0.052927], [-85.377863, 0.052205], [-85.380132, 0.052116], [-85.379519, 0.053545], [-85.381979, 0.052789], [-85.380403, 0.05268], [-85.379918, 0.05056], [-85.374611, 0.052332], [-85.372828, 0.050455], [-85.374063, 0.043749], [-85.374924, 0.042855], [-85.376837, 0.042993], [-85.377338, 0.042451], [-85.374852, 0.040716], [-85.374568, 0.03575], [-85.376229, 0.032794], [-85.373981, 0.032605], [-85.373755, 0.02881], [-85.372214, 0.028631], [-85.372104, 0.022635], [-85.370377, 0.021303], [-85.370161, 0.017225], [-85.375158, 0.013946], [-85.377317, 0.003783], [-85.379987, 0.000297], [-85.377493, -0.001732], [-85.377885, -0.007633], [-85.381246, -0.012636], [-85.385123, -0.013171], [-85.385237, -0.015997], [-85.387803, -0.019911], [-85.387338, -0.021923], [-85.388642, -0.022031], [-85.382767, -0.024962], [-85.383805, -0.028646], [-85.382396, -0.028843], [-85.383285, -0.031427], [-85.381696, -0.034822], [-85.38285, -0.036531], [-85.380656, -0.037574], [-85.382105, -0.042218], [-85.380382, -0.042729], [-85.381418, -0.042679], [-85.380684, -0.04354], [-85.382088, -0.046296], [-85.383094, -0.045767], [-85.381659, -0.04409], [-85.382633, -0.04285], [-85.387273, -0.051568], [-85.390672, -0.052436], [-85.392866, -0.055282], [-85.392246, -0.057664], [-85.394868, -0.059833], [-85.395266, -0.063372], [-85.401849, -0.066055], [-85.40239, -0.068051], [-85.409815, -0.072234], [-85.411531, -0.077156], [-85.417886, -0.079053], [-85.418456, -0.082197], [-85.424451, -0.085052], [-85.438309, -0.083255], [-85.439677, -0.085113], [-85.442348, -0.084845], [-85.444576, -0.086654], [-85.448038, -0.085633], [-85.458444, -0.089529], [-85.465605, -0.088989], [-85.468754, -0.090936], [-85.475673, -0.092185], [-85.47966, -0.090974], [-85.486202, -0.091945], [-85.489977, -0.095795], [-85.493736, -0.094958], [-85.50274, -0.096502], [-85.504433, -0.094964], [-85.508951, -0.095285], [-85.514123, -0.093178], [-85.516631, -0.088847], [-85.521666, -0.08964], [-85.524229, -0.087734], [-85.52852, -0.088272], [-85.534253, -0.083586], [-85.545277, -0.082261], [-85.552777, -0.079555], [-85.557977, -0.080638], [-85.56667, -0.078809], [-85.573245, -0.07934], [-85.578907, -0.076627], [-85.582198, -0.078024], [-85.585281, -0.076075], [-85.595784, -0.075918], [-85.599542, -0.072009], [-85.602003, -0.072585], [-85.603084, -0.070689], [-85.606112, -0.070429], [-85.609311, -0.063639], [-85.607388, -0.058014], [-85.616216, -0.045389], [-85.622307, -0.040527], [-85.628599, -0.019549], [-85.634193, -0.009747], [-85.638119, -0.007113], [-85.63939, -0.001463], [-85.643161, 0.000888], [-85.646608, 0.014153], [-85.648107, 0.015604], [-85.649304, 0.020747], [-85.648331, 0.040141], [-85.650331, 0.071911], [-85.654847, 0.076513], [-85.654559, 0.080014], [-85.658955, 0.090706], [-85.658706, 0.09972], [-85.65587, 0.105646], [-85.653142, 0.108412], [-85.650695, 0.108351], [-85.65133, 0.108937], [-85.650343, 0.110632], [-85.648855, 0.108556], [-85.640804, 0.11316], [-85.629763, 0.114189], [-85.626521, 0.11264], [-85.614663, 0.116974], [-85.611188, 0.114401], [-85.601053, 0.116423], [-85.588136, 0.114454], [-85.583099, 0.116779], [-85.578554, 0.11518], [-85.561694, 0.117161], [-85.555515, 0.116277], [-85.5493, 0.118876], [-85.543445, 0.119505], [-85.542467, 0.122142], [-85.541831, 0.121232], [-85.528559, 0.129188], [-85.525833, 0.128441], [-85.518588, 0.130697], [-85.515873, 0.129768], [-85.504417, 0.131075], [-85.504109, 0.132651], [-85.501738, 0.132505], [-85.499168, 0.135538], [-85.495996, 0.135662], [-85.493028, 0.141013], [-85.484674, 0.145755], [-85.48219, 0.148809], [-85.476164, 0.148977], [-85.475215, 0.151086], [-85.471608, 0.150682], [-85.467342, 0.152414], [-85.464506, 0.150614], [-85.463688, 0.151818], [-85.460745, 0.150955], [-85.458573, 0.152015], [-85.456337, 0.150234], [-85.454338, 0.15369], [-85.453096, 0.152717]], [[-85.424099, -0.084454], [-85.42404, -0.084566], [-85.423974, -0.084518], [-85.424016, -0.084423], [-85.424099, -0.084454]]], [[[-85.375272, 0.054885], [-85.37519, 0.05508], [-85.37454, 0.055046], [-85.374627, 0.054634], [-85.375272, 0.054885]]], [[[-85.122852, 0.150358], [-85.122762, 0.150635], [-85.122671, 0.150656], [-85.122819, 0.150176], [-85.122852, 0.150358]]], [[[-85.327964, 0.576656], [-85.327956, 0.576826], [-85.327654, 0.576747], [-85.327762, 0.576609], [-85.327964, 0.576656]]], [[[-85.343437, 0.578233], [-85.34374, 0.578293], [-85.343791, 0.578452], [-85.343198, 0.578157], [-85.343437, 0.578233]]], [[[-85.34556, 0.579056], [-85.345296, 0.578905], [-85.345345, 0.578492], [-85.345507, 0.578576], [-85.34556, 0.579056]]], [[[-85.350338, 0.580985], [-85.349797, 0.580899], [-85.349533, 0.58074], [-85.350157, 0.58048], [-85.350338, 0.580985]]], [[[-85.354552, 0.58129], [-85.353981, 0.581045], [-85.354027, 0.580865], [-85.354537, 0.580952], [-85.354552, 0.58129]]], [[[-85.354953, 0.580996], [-85.355046, 0.581533], [-85.354253, 0.581894], [-85.354643, 0.582092], [-85.353968, 0.582275], [-85.354121, 0.58147], [-85.354675, 0.581459], [-85.354953, 0.580996]]], [[[-85.35163, 0.58299], [-85.352482, 0.581223], [-85.354055, 0.582688], [-85.352194, 0.582397], [-85.352095, 0.584002], [-85.35163, 0.58299]]], [[[-85.33327, 0.58365], [-85.333173, 0.583955], [-85.332734, 0.58421], [-85.332747, 0.584018], [-85.33327, 0.58365]]], [[[-85.332573, 0.58381], [-85.332499, 0.58425], [-85.33238, 0.584283], [-85.332361, 0.583787], [-85.332573, 0.58381]]], [[[-85.331972, 0.583772], [-85.332143, 0.584038], [-85.332025, 0.584425], [-85.331822, 0.583944], [-85.331972, 0.583772]]], [[[-85.816617, 1.831357], [-85.817153, 1.825511], [-85.811162, 1.821325], [-85.810465, 1.818238], [-85.813671, 1.813128], [-85.817909, 1.811401], [-85.820639, 1.812687], [-85.823425, 1.811739], [-85.822883, 1.814027], [-85.821426, 1.813381], [-85.820777, 1.815296], [-85.81771, 1.815054], [-85.816015, 1.816461], [-85.81726, 1.821317], [-85.816248, 1.821928], [-85.817449, 1.822087], [-85.818044, 1.820704], [-85.817219, 1.823826], [-85.818581, 1.823852], [-85.818576, 1.822443], [-85.819599, 1.827648], [-85.82303, 1.826935], [-85.824956, 1.828232], [-85.823854, 1.829743], [-85.820436, 1.828003], [-85.817411, 1.832506], [-85.816617, 1.831357]]], [[[-85.991591, 2.113322], [-85.991466, 2.11346], [-85.991408, 2.113408], [-85.99148, 2.113321], [-85.991591, 2.113322]]], [[[-85.991572, 2.114143], [-85.991398, 2.113964], [-85.991806, 2.113765], [-85.991806, 2.113961], [-85.991572, 2.114143]]], [[[-85.999491, 2.114177], [-85.999535, 2.114289], [-85.999379, 2.114367], [-85.99932, 2.114274], [-85.999491, 2.114177]]], [[[-85.999769, 2.114251], [-85.999869, 2.11416], [-85.999963, 2.114538], [-85.999916, 2.114522], [-85.999769, 2.114251]]], [[[-86.009268, 2.120112], [-86.009087, 2.119925], [-86.009284, 2.119815], [-86.009449, 2.119941], [-86.009268, 2.120112]]], [[[-86.004958, 2.123596], [-86.000201, 2.121837], [-85.999657, 2.116916], [-86.001662, 2.116422], [-86.003788, 2.117862], [-86.008833, 2.116493], [-86.007373, 2.118537], [-86.009052, 2.120689], [-86.010399, 2.120801], [-86.008995, 2.123054], [-86.004958, 2.123596]]], [[[-86.009463, 2.122718], [-86.009425, 2.122837], [-86.009333, 2.122806], [-86.009344, 2.122707], [-86.009463, 2.122718]]], [[[-84.943368, -0.202342], [-84.943147, -0.202447], [-84.942867, -0.202299], [-84.943568, -0.202733], [-84.943368, -0.202342]]], [[[-84.943529, -0.201999], [-84.944204, -0.20216], [-84.942963, -0.201231], [-84.942841, -0.201515], [-84.943529, -0.201999]]], [[[-84.936719, -0.135827], [-84.936655, -0.135917], [-84.937084, -0.135501], [-84.936759, -0.135514], [-84.936719, -0.135827]]], [[[-84.941176, -0.024849], [-84.941402, -0.025174], [-84.941774, -0.024235], [-84.94117, -0.024207], [-84.941176, -0.024849]]], [[[-84.940161, -0.024554], [-84.94008, -0.024562], [-84.940059, -0.024708], [-84.940137, -0.024702], [-84.940161, -0.024554]]], [[[-84.940588, -0.024296], [-84.940508, -0.02434], [-84.94045, -0.02451], [-84.940533, -0.024484], [-84.940588, -0.024296]]], [[[-84.940975, -0.02366], [-84.940865, -0.024012], [-84.941445, -0.023472], [-84.940989, -0.0234], [-84.940663, -0.023624], [-84.940975, -0.02366]]], [[[-84.938439, -0.022443], [-84.938649, -0.022588], [-84.938783, -0.022583], [-84.938569, -0.02217], [-84.938439, -0.022443]]], [[[-84.938431, -0.021978], [-84.938113, -0.022019], [-84.937902, -0.022342], [-84.938492, -0.022058], [-84.938431, -0.021978]]], [[[-84.938675, -0.02211], [-84.938872, -0.022123], [-84.938828, -0.021892], [-84.938778, -0.021876], [-84.938675, -0.02211]]], [[[-84.936116, -0.02067], [-84.936214, -0.020609], [-84.93585, -0.02068], [-84.936083, -0.020736], [-84.936116, -0.02067]]], [[[-84.935353, -0.020585], [-84.935364, -0.020595], [-84.935416, -0.020577], [-84.935396, -0.020564], [-84.935353, -0.020585]]], [[[-84.936195, -0.020484], [-84.936183, -0.020407], [-84.936124, -0.020399], [-84.936105, -0.020494], [-84.936195, -0.020484]]], [[[-84.936442, -0.020482], [-84.936479, -0.02037], [-84.936344, -0.020322], [-84.936324, -0.020467], [-84.936442, -0.020482]]], [[[-84.936085, -0.020348], [-84.93604, -0.020331], [-84.935994, -0.020359], [-84.936066, -0.02039], [-84.936085, -0.020348]]], [[[-84.935611, -0.020139], [-84.935551, -0.019967], [-84.935288, -0.02037], [-84.935799, -0.02033], [-84.935611, -0.020139]]], [[[-84.936413, -0.02008], [-84.936347, -0.020168], [-84.936413, -0.020201], [-84.936461, -0.020156], [-84.936413, -0.02008]]], [[[-84.935702, -0.019899], [-84.935762, -0.019805], [-84.935598, -0.019736], [-84.935586, -0.019845], [-84.935702, -0.019899]]], [[[-84.936079, -0.019733], [-84.936436, -0.01986], [-84.936415, -0.01948], [-84.93597, -0.019603], [-84.936079, -0.019733]]], [[[-84.935173, -0.017915], [-84.935295, -0.017907], [-84.935314, -0.017776], [-84.935173, -0.017783], [-84.935173, -0.017915]]], [[[-84.935324, -0.01479], [-84.935233, -0.014763], [-84.935145, -0.014887], [-84.93524, -0.014932], [-84.935324, -0.01479]]], [[[-84.93528, -0.014661], [-84.935313, -0.014704], [-84.935401, -0.014686], [-84.935327, -0.014651], [-84.93528, -0.014661]]], [[[-84.935209, -0.014548], [-84.935318, -0.014577], [-84.935332, -0.014497], [-84.9353, -0.0145], [-84.935209, -0.014548]]], [[[-84.935383, -0.013544], [-84.935342, -0.013669], [-84.935369, -0.013712], [-84.935431, -0.013575], [-84.935383, -0.013544]]], [[[-84.937492, -0.013179], [-84.937574, -0.013109], [-84.937422, -0.013063], [-84.9374, -0.013119], [-84.937492, -0.013179]]], [[[-84.937434, -0.012703], [-84.937164, -0.012709], [-84.937045, -0.013037], [-84.937472, -0.012951], [-84.937434, -0.012703]]], [[[-84.937571, -0.01187], [-84.937398, -0.011903], [-84.93728, -0.011983], [-84.937633, -0.011956], [-84.937571, -0.01187]]], [[[-84.935586, -0.011714], [-84.935582, -0.011779], [-84.935631, -0.011818], [-84.935636, -0.011728], [-84.935586, -0.011714]]], [[[-84.936027, -0.01182], [-84.936156, -0.01182], [-84.936132, -0.011562], [-84.936063, -0.011591], [-84.936027, -0.01182]]], [[[-84.935646, -0.011282], [-84.935503, -0.011177], [-84.935286, -0.011361], [-84.935442, -0.011407], [-84.935646, -0.011282]]], [[[-84.937379, -0.011182], [-84.937266, -0.011155], [-84.937263, -0.011276], [-84.937319, -0.01126], [-84.937379, -0.011182]]], [[[-84.936284, -0.011197], [-84.936336, -0.011328], [-84.936437, -0.010982], [-84.936336, -0.010984], [-84.936284, -0.011197]]], [[[-84.938973, -0.010501], [-84.938944, -0.010293], [-84.938722, -0.010322], [-84.938695, -0.010481], [-84.938973, -0.010501]]], [[[-84.94248, -0.010292], [-84.942351, -0.010123], [-84.942609, -0.010606], [-84.942607, -0.010428], [-84.94248, -0.010292]]], [[[-84.939314, -0.01006], [-84.939268, -0.010025], [-84.939214, -0.01007], [-84.939289, -0.010155], [-84.939314, -0.01006]]], [[[-84.938983, -0.010024], [-84.938927, -0.010084], [-84.938938, -0.010108], [-84.939, -0.010103], [-84.938983, -0.010024]]], [[[-84.940622, -0.009855], [-84.940545, -0.00991], [-84.940772, -0.010031], [-84.940752, -0.00992], [-84.940622, -0.009855]]], [[[-84.940248, -0.009624], [-84.940194, -0.00962], [-84.940153, -0.00965], [-84.94026, -0.009682], [-84.940248, -0.009624]]], [[[-84.940546, -0.009555], [-84.940512, -0.009629], [-84.940686, -0.009679], [-84.940617, -0.009562], [-84.940546, -0.009555]]], [[[-84.941466, -0.009425], [-84.941411, -0.009418], [-84.941437, -0.009557], [-84.941475, -0.009508], [-84.941466, -0.009425]]], [[[-84.939885, -0.009314], [-84.939931, -0.009394], [-84.939964, -0.009394], [-84.939936, -0.009305], [-84.939885, -0.009314]]], [[[-84.940462, -0.00929], [-84.940431, -0.009289], [-84.940226, -0.009378], [-84.940347, -0.009382], [-84.940462, -0.00929]]], [[[-84.941471, -0.009245], [-84.941503, -0.009225], [-84.941504, -0.009179], [-84.941442, -0.009246], [-84.941471, -0.009245]]], [[[-84.949984, 0.025142], [-84.94826, 0.024044], [-84.950477, 0.025389], [-84.950874, 0.027726], [-84.948519, 0.029208], [-84.946864, 0.025974], [-84.948852, 0.027059], [-84.949984, 0.025142]]], [[[-84.856389, -0.625724], [-84.855611, -0.625467], [-84.855014, -0.625527], [-84.85615, -0.625883], [-84.856389, -0.625724]]], [[[-84.866731, -0.623256], [-84.868378, -0.621091], [-84.867413, -0.620483], [-84.867041, -0.621504], [-84.866731, -0.623256]]], [[[-84.85744, -0.60288], [-84.851965, -0.604787], [-84.848451, -0.60866], [-84.847188, -0.613162], [-84.847879, -0.619239], [-84.850876, -0.609846], [-84.85848, -0.605941], [-84.86493, -0.607688], [-84.867578, -0.61088], [-84.868644, -0.615781], [-84.870419, -0.615976], [-84.869894, -0.61057], [-84.867142, -0.605882], [-84.863038, -0.603407], [-84.85744, -0.60288]]], [[[-84.911714, -0.557876], [-84.911475, -0.559115], [-84.913549, -0.558821], [-84.912207, -0.556789], [-84.911714, -0.557876]]], [[[-84.76044, -0.453103], [-84.758388, -0.453499], [-84.756877, -0.456179], [-84.756961, -0.459886], [-84.758795, -0.460962], [-84.759792, -0.457831], [-84.76203, -0.456992], [-84.764605, -0.459084], [-84.764139, -0.462404], [-84.766286, -0.461604], [-84.767698, -0.459126], [-84.766498, -0.455281], [-84.762469, -0.4528], [-84.76044, -0.453103]]], [[[-84.797135, -0.446289], [-84.796633, -0.446245], [-84.796539, -0.446365], [-84.797024, -0.446505], [-84.797135, -0.446289]]], [[[-84.795461, -0.445777], [-84.795566, -0.445813], [-84.79561, -0.445798], [-84.795392, -0.445672], [-84.795461, -0.445777]]], [[[-84.795076, -0.445528], [-84.795172, -0.445661], [-84.795296, -0.445685], [-84.795183, -0.445433], [-84.795076, -0.445528]]], [[[-84.783195, -0.439631], [-84.780967, -0.442915], [-84.78688, -0.443305], [-84.787756, -0.444692], [-84.787686, -0.440794], [-84.783195, -0.439631]]], [[[-84.795219, -0.439405], [-84.793477, -0.441675], [-84.795204, -0.443914], [-84.79644, -0.442816], [-84.798734, -0.443454], [-84.797239, -0.439248], [-84.795219, -0.439405]]], [[[-84.790517, -0.379652], [-84.79072, -0.379719], [-84.790779, -0.379577], [-84.790637, -0.379524], [-84.790517, -0.379652]]], [[[-84.789885, -0.379521], [-84.790058, -0.379648], [-84.789696, -0.379207], [-84.789699, -0.379289], [-84.789885, -0.379521]]], [[[-84.780335, -0.371296], [-84.780212, -0.371449], [-84.780235, -0.371538], [-84.780413, -0.371473], [-84.780335, -0.371296]]], [[[-84.768751, -0.361684], [-84.768853, -0.361478], [-84.769275, -0.36123], [-84.768619, -0.361367], [-84.768751, -0.361684]]], [[[-84.769284, -0.360733], [-84.769304, -0.360909], [-84.769474, -0.360703], [-84.769354, -0.360566], [-84.769284, -0.360733]]], [[[-84.773509, -0.341451], [-84.773419, -0.341499], [-84.77345, -0.341625], [-84.773576, -0.341517], [-84.773509, -0.341451]]], [[[-84.795512, -0.329809], [-84.7958, -0.329497], [-84.795722, -0.329399], [-84.795191, -0.329509], [-84.795512, -0.329809]]], [[[-84.79008, -0.32886], [-84.791006, -0.328863], [-84.791373, -0.328562], [-84.789977, -0.328234], [-84.79008, -0.32886]]], [[[-84.79078, -0.3151], [-84.790309, -0.315581], [-84.790387, -0.316186], [-84.790975, -0.315867], [-84.79078, -0.3151]]], [[[-84.931562, -0.021889], [-84.93074, -0.021171], [-84.930106, -0.022128], [-84.93182, -0.022233], [-84.931662, -0.021134], [-84.931562, -0.021889]]], [[[-84.93225, -0.021511], [-84.932294, -0.021499], [-84.932302, -0.021492], [-84.932253, -0.021485], [-84.93225, -0.021511]]], [[[-84.931994, -0.021295], [-84.931952, -0.021356], [-84.932061, -0.021397], [-84.932048, -0.021336], [-84.931994, -0.021295]]], [[[-84.932531, -0.021368], [-84.9327, -0.021309], [-84.932689, -0.021253], [-84.932447, -0.021405], [-84.932531, -0.021368]]], [[[-84.931287, -0.020931], [-84.931219, -0.021195], [-84.931284, -0.02126], [-84.931362, -0.021008], [-84.931287, -0.020931]]], [[[-84.932148, -0.021102], [-84.932287, -0.021103], [-84.932311, -0.021083], [-84.932188, -0.021025], [-84.932148, -0.021102]]], [[[-84.932458, -0.020877], [-84.932451, -0.020857], [-84.932365, -0.020833], [-84.932363, -0.020854], [-84.932458, -0.020877]]], [[[-84.931732, -0.020729], [-84.931676, -0.020804], [-84.931728, -0.020836], [-84.931756, -0.020828], [-84.931732, -0.020729]]], [[[-84.933207, -0.020644], [-84.933187, -0.02059], [-84.933088, -0.020592], [-84.933097, -0.020615], [-84.933207, -0.020644]]], [[[-84.93436, -0.020501], [-84.934322, -0.020485], [-84.934279, -0.020501], [-84.934409, -0.020562], [-84.93436, -0.020501]]], [[[-84.9343, -0.02039], [-84.934195, -0.02041], [-84.934194, -0.020436], [-84.934262, -0.020447], [-84.9343, -0.02039]]], [[[-84.932664, -0.020428], [-84.932628, -0.020519], [-84.932743, -0.020297], [-84.932644, -0.020368], [-84.932664, -0.020428]]], [[[-84.935113, -0.019905], [-84.935399, -0.019942], [-84.935505, -0.019622], [-84.934977, -0.01983], [-84.935113, -0.019905]]], [[[-84.934413, -0.018992], [-84.934425, -0.01896], [-84.934342, -0.018993], [-84.934387, -0.019003], [-84.934413, -0.018992]]], [[[-84.935151, -0.018883], [-84.935175, -0.018862], [-84.935188, -0.018826], [-84.935139, -0.018841], [-84.935151, -0.018883]]], [[[-84.934858, -0.018649], [-84.934889, -0.018653], [-84.934903, -0.01864], [-84.934889, -0.018617], [-84.934858, -0.018649]]], [[[-84.934794, -0.017638], [-84.934923, -0.017722], [-84.934989, -0.017521], [-84.934727, -0.017477], [-84.934794, -0.017638]]], [[[-84.935043, -0.017327], [-84.934993, -0.017316], [-84.93498, -0.017333], [-84.935031, -0.017365], [-84.935043, -0.017327]]], [[[-84.934076, -0.015848], [-84.933996, -0.016023], [-84.934194, -0.015813], [-84.93411, -0.015631], [-84.934076, -0.015848]]], [[[-84.933492, -0.015583], [-84.93349, -0.015632], [-84.933529, -0.015658], [-84.933524, -0.015607], [-84.933492, -0.015583]]], [[[-84.934502, -0.015421], [-84.93442, -0.015266], [-84.934104, -0.01531], [-84.934244, -0.015478], [-84.934502, -0.015421]]], [[[-84.933168, -0.015166], [-84.933128, -0.015082], [-84.933023, -0.015183], [-84.933103, -0.015221], [-84.933168, -0.015166]]], [[[-84.934641, -0.014172], [-84.934797, -0.014871], [-84.93494, -0.014969], [-84.935007, -0.014568], [-84.934641, -0.014172]]], [[[-84.83008, 0.24248], [-84.82942, 0.241662], [-84.834565, 0.240354], [-84.832797, 0.243177], [-84.83008, 0.24248]]], [[[-84.80559, 0.258486], [-84.805851, 0.258936], [-84.805467, 0.259298], [-84.805112, 0.258525], [-84.80559, 0.258486]]], [[[-84.748099, 1.064574], [-84.744459, 1.059798], [-84.742316, 1.051155], [-84.737317, 1.046764], [-84.734351, 1.046748], [-84.725042, 1.033138], [-84.714752, 1.024203], [-84.709948, 1.01207], [-84.70961, 1.003825], [-84.706269, 0.998948], [-84.705325, 0.99302], [-84.703007, 0.990002], [-84.704042, 0.983531], [-84.702208, 0.979429], [-84.707168, 0.965467], [-84.711626, 0.965742], [-84.716734, 0.970547], [-84.719966, 0.969388], [-84.723351, 0.970123], [-84.724772, 0.966374], [-84.726878, 0.965729], [-84.735703, 0.969978], [-84.738791, 0.968627], [-84.747472, 0.970603], [-84.755775, 0.976508], [-84.765711, 0.977038], [-84.769144, 0.986567], [-84.767759, 0.990401], [-84.770061, 1.00212], [-84.768654, 1.004875], [-84.768967, 1.008934], [-84.771057, 1.015748], [-84.774506, 1.019119], [-84.773469, 1.021983], [-84.776377, 1.030966], [-84.775867, 1.034941], [-84.774052, 1.03566], [-84.772729, 1.038573], [-84.775114, 1.052064], [-84.770331, 1.05747], [-84.770561, 1.061833], [-84.768849, 1.065828], [-84.764802, 1.06966], [-84.753603, 1.064938], [-84.750079, 1.065864], [-84.748099, 1.064574]]], [[[-84.404084, -0.817618], [-84.399532, -0.819618], [-84.400237, -0.822561], [-84.403341, -0.824364], [-84.400764, -0.829763], [-84.396241, -0.832439], [-84.390672, -0.831971], [-84.380593, -0.836349], [-84.372889, -0.843146], [-84.368597, -0.842257], [-84.359278, -0.845477], [-84.350876, -0.8518], [-84.34954, -0.857622], [-84.342391, -0.857713], [-84.340269, -0.860159], [-84.337097, -0.860884], [-84.33585, -0.86594], [-84.330739, -0.874499], [-84.331973, -0.875415], [-84.333328, -0.873818], [-84.335195, -0.875125], [-84.339291, -0.884209], [-84.338817, -0.890015], [-84.343812, -0.893962], [-84.342434, -0.895125], [-84.343044, -0.897977], [-84.347715, -0.899572], [-84.355532, -0.908655], [-84.35784, -0.908354], [-84.359758, -0.910337], [-84.357741, -0.913052], [-84.358836, -0.917983], [-84.360226, -0.917636], [-84.361557, -0.919578], [-84.361607, -0.922867], [-84.362957, -0.922992], [-84.365973, -0.930815], [-84.367504, -0.930785], [-84.368631, -0.93297], [-84.376553, -0.938481], [-84.378481, -0.942437], [-84.381067, -0.944064], [-84.385911, -0.942751], [-84.392391, -0.94605], [-84.39766, -0.951636], [-84.404625, -0.955991], [-84.412626, -0.958678], [-84.425204, -0.956536], [-84.428439, -0.958169], [-84.434124, -0.958465], [-84.437589, -0.954947], [-84.441166, -0.955192], [-84.443811, -0.951612], [-84.446763, -0.950703], [-84.447456, -0.947664], [-84.45004, -0.947778], [-84.453422, -0.944977], [-84.457657, -0.945028], [-84.464983, -0.941899], [-84.469087, -0.944011], [-84.470026, -0.94114], [-84.473086, -0.942017], [-84.471971, -0.940052], [-84.472859, -0.938028], [-84.478184, -0.936735], [-84.479424, -0.938296], [-84.480293, -0.93731], [-84.478185, -0.935585], [-84.478414, -0.929964], [-84.481002, -0.927426], [-84.483344, -0.928585], [-84.487025, -0.925904], [-84.48904, -0.922764], [-84.488667, -0.918222], [-84.491483, -0.913963], [-84.488422, -0.911926], [-84.483583, -0.904965], [-84.482052, -0.898032], [-84.480204, -0.89781], [-84.477305, -0.893778], [-84.47504, -0.894184], [-84.476294, -0.885135], [-84.473053, -0.881981], [-84.473594, -0.878609], [-84.472384, -0.880515], [-84.470524, -0.880389], [-84.468707, -0.877063], [-84.469437, -0.865395], [-84.467692, -0.863047], [-84.469904, -0.857755], [-84.468147, -0.84945], [-84.465075, -0.844717], [-84.463131, -0.845518], [-84.461862, -0.844437], [-84.460552, -0.839586], [-84.461062, -0.834791], [-84.458642, -0.82957], [-84.455039, -0.827666], [-84.452237, -0.828763], [-84.448162, -0.826985], [-84.445196, -0.828701], [-84.443294, -0.835373], [-84.434913, -0.836803], [-84.432179, -0.833276], [-84.42898, -0.833583], [-84.428666, -0.831499], [-84.422397, -0.825552], [-84.41958, -0.827477], [-84.418701, -0.825709], [-84.419647, -0.823444], [-84.416522, -0.824347], [-84.412769, -0.821663], [-84.407771, -0.822447], [-84.407331, -0.817988], [-84.404084, -0.817618]], [[-84.468987, -0.878332], [-84.468443, -0.87731], [-84.468677, -0.877181], [-84.46924, -0.878194], [-84.468987, -0.878332]]], [[[-84.340353, -0.859558], [-84.340412, -0.859404], [-84.340216, -0.859317], [-84.34018, -0.859489], [-84.340353, -0.859558]]], [[[-84.363085, -0.834], [-84.363409, -0.835768], [-84.366307, -0.835828], [-84.366562, -0.833872], [-84.365755, -0.833217], [-84.363085, -0.834]]], [[[-84.340684, -0.827405], [-84.33882, -0.828668], [-84.338257, -0.83022], [-84.339726, -0.82914], [-84.342639, -0.830423], [-84.343133, -0.827546], [-84.340684, -0.827405]]], [[[-84.422134, -0.824602], [-84.424099, -0.825053], [-84.425492, -0.8241], [-84.422999, -0.823129], [-84.422134, -0.824602]]], [[[-84.420148, -0.822092], [-84.420206, -0.82231], [-84.420394, -0.822457], [-84.420503, -0.822104], [-84.420148, -0.822092]]], [[[-84.403156, -0.813337], [-84.403153, -0.812211], [-84.401734, -0.81298], [-84.402183, -0.813783], [-84.403156, -0.813337]]], [[[-84.733606, -0.441437], [-84.73181, -0.442657], [-84.735741, -0.44278], [-84.735517, -0.441134], [-84.733606, -0.441437]]], [[[-84.393013, -0.35605], [-84.392901, -0.356401], [-84.393762, -0.356912], [-84.392799, -0.355088], [-84.393013, -0.35605]]], [[[-84.402409, -0.347697], [-84.402056, -0.347913], [-84.402844, -0.348558], [-84.402497, -0.347719], [-84.402409, -0.347697]]], [[[-84.406705, -0.347942], [-84.406471, -0.347229], [-84.405663, -0.347025], [-84.405942, -0.347403], [-84.406705, -0.347942]]], [[[-84.525282, -0.201354], [-84.52538, -0.20158], [-84.525806, -0.201429], [-84.525562, -0.201193], [-84.525282, -0.201354]]], [[[-84.653477, -0.177403], [-84.64192, -0.181325], [-84.638344, -0.189307], [-84.631234, -0.1923], [-84.627983, -0.197055], [-84.628631, -0.200875], [-84.62587, -0.209339], [-84.629499, -0.211544], [-84.632676, -0.217775], [-84.632349, -0.220556], [-84.634081, -0.221724], [-84.638903, -0.220641], [-84.640643, -0.224669], [-84.64272, -0.222969], [-84.649803, -0.222406], [-84.657273, -0.215363], [-84.663832, -0.214232], [-84.66874, -0.211503], [-84.668327, -0.208418], [-84.671717, -0.19837], [-84.672052, -0.190439], [-84.669174, -0.187785], [-84.666203, -0.181443], [-84.663444, -0.182098], [-84.660512, -0.178733], [-84.653477, -0.177403]]], [[[-84.521881, -0.190976], [-84.521886, -0.190768], [-84.521757, -0.190715], [-84.521708, -0.190949], [-84.521881, -0.190976]]], [[[-84.637591, -0.188612], [-84.63712, -0.188413], [-84.637592, -0.189293], [-84.637711, -0.189152], [-84.637591, -0.188612]]], [[[-84.667976, -0.180896], [-84.667865, -0.181383], [-84.668353, -0.181617], [-84.668404, -0.180978], [-84.667976, -0.180896]]], [[[-84.519489, -0.147211], [-84.516354, -0.149105], [-84.517346, -0.151244], [-84.521601, -0.150244], [-84.521321, -0.146642], [-84.519489, -0.147211]]], [[[-84.49974, -0.124729], [-84.499368, -0.123568], [-84.498445, -0.124089], [-84.499144, -0.12481], [-84.49974, -0.124729]]], [[[-84.497694, -0.12334], [-84.498144, -0.123204], [-84.498237, -0.122853], [-84.49731, -0.122924], [-84.497694, -0.12334]]], [[[-84.498566, -0.121657], [-84.499258, -0.12301], [-84.500714, -0.120788], [-84.499488, -0.120476], [-84.498566, -0.121657]]], [[[-84.453823, -0.108314], [-84.453745, -0.108449], [-84.453923, -0.108568], [-84.453936, -0.108523], [-84.453823, -0.108314]]], [[[-84.453523, -0.108161], [-84.453368, -0.107828], [-84.453146, -0.107914], [-84.453249, -0.108317], [-84.453523, -0.108161]]], [[[-84.453881, -0.107167], [-84.45385, -0.107445], [-84.45395, -0.107593], [-84.454071, -0.107223], [-84.453881, -0.107167]]], [[[-84.456133, -0.10421], [-84.455115, -0.10575], [-84.456237, -0.107327], [-84.454544, -0.108635], [-84.456783, -0.108479], [-84.457579, -0.106832], [-84.460039, -0.107336], [-84.460358, -0.106179], [-84.456794, -0.105227], [-84.458088, -0.104266], [-84.457455, -0.103199], [-84.456133, -0.10421]]], [[[-84.506445, -0.103237], [-84.50727, -0.104039], [-84.507522, -0.105691], [-84.507949, -0.103628], [-84.505611, -0.102707], [-84.506445, -0.103237]]], [[[-84.509858, -0.103289], [-84.510301, -0.102566], [-84.510998, -0.102052], [-84.509599, -0.102294], [-84.508926, -0.103965], [-84.509802, -0.104704], [-84.509858, -0.103289]]], [[[-84.51135, -0.102083], [-84.512029, -0.102172], [-84.512046, -0.102151], [-84.511601, -0.101836], [-84.51135, -0.102083]]], [[[-84.350144, -0.007531], [-84.350327, -0.012189], [-84.353355, -0.012533], [-84.355112, -0.009641], [-84.354568, -0.007517], [-84.352462, -0.005965], [-84.350144, -0.007531]]], [[[-84.613324, -0.005117], [-84.61022, -0.005091], [-84.610205, -0.005771], [-84.615446, -0.006764], [-84.613324, -0.005117]]], [[[-84.61437, -0.00326], [-84.614484, -0.004337], [-84.615457, -0.005464], [-84.616102, -0.003989], [-84.61437, -0.00326]]], [[[-84.611241, -0.001319], [-84.611905, -0.001695], [-84.610922, -0.000476], [-84.610713, -0.000768], [-84.611241, -0.001319]]], [[[-84.688942, 0.014381], [-84.690867, 0.010708], [-84.685794, 0.007936], [-84.681439, 0.002305], [-84.682209, -0.004204], [-84.683842, -0.006893], [-84.690163, -0.010336], [-84.690017, -0.015332], [-84.695851, -0.011935], [-84.699227, -0.013453], [-84.704399, -0.00654], [-84.705225, -0.001676], [-84.704453, 0.001265], [-84.702149, 0.001313], [-84.696526, 0.006311], [-84.696251, 0.012155], [-84.688942, 0.014381]]], [[[-84.560981, 0.037895], [-84.560573, 0.038115], [-84.560402, 0.037498], [-84.561053, 0.037455], [-84.560981, 0.037895]]], [[[-84.556409, 0.038455], [-84.555812, 0.03873], [-84.555205, 0.03821], [-84.555546, 0.037752], [-84.556409, 0.038455]]], [[[-84.563759, 0.044582], [-84.565043, 0.041763], [-84.568819, 0.041445], [-84.567121, 0.045389], [-84.563759, 0.044582]]], [[[-84.554531, 0.046419], [-84.552163, 0.04574], [-84.55297, 0.044331], [-84.554177, 0.045586], [-84.554531, 0.046419]]], [[[-84.550397, 0.04911], [-84.549433, 0.050479], [-84.548836, 0.04771], [-84.549826, 0.048778], [-84.550397, 0.04911]]], [[[-84.548257, 0.054015], [-84.547491, 0.055458], [-84.546487, 0.055445], [-84.54655, 0.053706], [-84.548257, 0.054015]]], [[[-84.546329, 0.062771], [-84.548841, 0.060334], [-84.551314, 0.063294], [-84.549073, 0.065149], [-84.546329, 0.062771]]], [[[-84.655863, 0.064286], [-84.655806, 0.063373], [-84.657062, 0.063171], [-84.657073, 0.06475], [-84.655863, 0.064286]]], [[[-84.541123, 0.066072], [-84.540402, 0.065333], [-84.54119, 0.064777], [-84.542162, 0.065988], [-84.541123, 0.066072]]], [[[-84.543695, 0.070177], [-84.541895, 0.07174], [-84.540032, 0.070357], [-84.541425, 0.069351], [-84.543695, 0.070177]]], [[[-84.52903, 0.134167], [-84.524567, 0.133325], [-84.523137, 0.131534], [-84.524797, 0.128469], [-84.53043, 0.125175], [-84.535016, 0.125944], [-84.537637, 0.127977], [-84.540538, 0.125924], [-84.540945, 0.123627], [-84.542339, 0.124242], [-84.542583, 0.12792], [-84.53989, 0.129718], [-84.538153, 0.129136], [-84.538429, 0.130823], [-84.535209, 0.131479], [-84.534957, 0.133854], [-84.52903, 0.134167]]], [[[-84.775665, 0.269416], [-84.770999, 0.268074], [-84.766929, 0.270018], [-84.764434, 0.267363], [-84.758524, 0.267175], [-84.75172, 0.263937], [-84.750677, 0.265385], [-84.745797, 0.264326], [-84.734882, 0.265585], [-84.729809, 0.261103], [-84.726729, 0.256267], [-84.726765, 0.254052], [-84.724414, 0.251833], [-84.718174, 0.249327], [-84.713124, 0.249024], [-84.708456, 0.246137], [-84.696025, 0.246126], [-84.691265, 0.243303], [-84.688114, 0.243292], [-84.687346, 0.24077], [-84.685112, 0.240488], [-84.686655, 0.238694], [-84.683597, 0.234525], [-84.686853, 0.231634], [-84.681941, 0.226543], [-84.676644, 0.226131], [-84.672803, 0.228922], [-84.670685, 0.227058], [-84.660964, 0.225839], [-84.659825, 0.21955], [-84.657698, 0.218225], [-84.64976, 0.218354], [-84.648259, 0.219329], [-84.648441, 0.221582], [-84.644568, 0.219288], [-84.636514, 0.217788], [-84.630851, 0.219374], [-84.629304, 0.217023], [-84.62994, 0.21175], [-84.619333, 0.209835], [-84.615869, 0.205261], [-84.612227, 0.206095], [-84.610553, 0.208485], [-84.608056, 0.206937], [-84.608461, 0.204832], [-84.60523, 0.204645], [-84.601852, 0.200255], [-84.591493, 0.197213], [-84.590039, 0.198146], [-84.587928, 0.195599], [-84.590213, 0.192899], [-84.588705, 0.191713], [-84.58889, 0.189911], [-84.587137, 0.191399], [-84.583565, 0.191526], [-84.581074, 0.1861], [-84.577874, 0.187059], [-84.576207, 0.184815], [-84.574031, 0.18464], [-84.573964, 0.182393], [-84.571768, 0.183345], [-84.572091, 0.17969], [-84.569237, 0.178964], [-84.569447, 0.176898], [-84.56565, 0.177464], [-84.567019, 0.174792], [-84.564639, 0.172051], [-84.564156, 0.167623], [-84.561816, 0.168233], [-84.564256, 0.165365], [-84.563933, 0.161183], [-84.559723, 0.158714], [-84.55969, 0.153012], [-84.557297, 0.148738], [-84.555967, 0.148836], [-84.5571, 0.148476], [-84.556083, 0.146346], [-84.557612, 0.146416], [-84.555658, 0.142425], [-84.557628, 0.14152], [-84.555994, 0.137187], [-84.558349, 0.132665], [-84.553239, 0.132772], [-84.546915, 0.129135], [-84.548963, 0.124925], [-84.547527, 0.122512], [-84.544531, 0.120473], [-84.542662, 0.121362], [-84.537063, 0.114963], [-84.533353, 0.114591], [-84.530107, 0.10581], [-84.528997, 0.09636], [-84.53174, 0.092997], [-84.538846, 0.091273], [-84.540735, 0.092367], [-84.542964, 0.089946], [-84.545816, 0.089961], [-84.550846, 0.085259], [-84.551872, 0.082911], [-84.550182, 0.081758], [-84.549584, 0.078605], [-84.55375, 0.076754], [-84.553434, 0.073812], [-84.556001, 0.065899], [-84.560039, 0.065501], [-84.558852, 0.059641], [-84.560881, 0.05655], [-84.560065, 0.054625], [-84.561599, 0.053739], [-84.562182, 0.049535], [-84.569421, 0.046741], [-84.571842, 0.041691], [-84.575586, 0.042723], [-84.582082, 0.038124], [-84.588302, 0.038128], [-84.592322, 0.041071], [-84.596943, 0.040721], [-84.599283, 0.043945], [-84.602179, 0.043012], [-84.60608, 0.045393], [-84.614522, 0.043126], [-84.621481, 0.048965], [-84.624029, 0.04764], [-84.633241, 0.051363], [-84.637779, 0.049738], [-84.640142, 0.054356], [-84.639378, 0.056369], [-84.64251, 0.057833], [-84.645419, 0.055701], [-84.648957, 0.059347], [-84.65174, 0.059196], [-84.653643, 0.062642], [-84.652949, 0.064515], [-84.65533, 0.066782], [-84.657974, 0.065641], [-84.657226, 0.064389], [-84.658783, 0.059795], [-84.660739, 0.061261], [-84.661625, 0.060278], [-84.663221, 0.061394], [-84.665076, 0.060699], [-84.665547, 0.062095], [-84.668813, 0.061839], [-84.671194, 0.059848], [-84.673331, 0.060624], [-84.676653, 0.055796], [-84.677291, 0.058166], [-84.678433, 0.058411], [-84.679654, 0.056206], [-84.683452, 0.059763], [-84.685637, 0.059352], [-84.687098, 0.061038], [-84.691238, 0.059462], [-84.691797, 0.057155], [-84.695019, 0.05447], [-84.704741, 0.054961], [-84.705415, 0.056844], [-84.708785, 0.058374], [-84.711313, 0.057806], [-84.711054, 0.056086], [-84.714407, 0.055543], [-84.71775, 0.052466], [-84.720854, 0.054462], [-84.725823, 0.052719], [-84.731869, 0.056898], [-84.733111, 0.059876], [-84.73665, 0.059327], [-84.738405, 0.062548], [-84.742193, 0.063156], [-84.743019, 0.065705], [-84.746528, 0.065436], [-84.749027, 0.069573], [-84.751577, 0.069337], [-84.753673, 0.075021], [-84.757316, 0.079177], [-84.759953, 0.078944], [-84.760318, 0.076342], [-84.765303, 0.074402], [-84.770346, 0.075913], [-84.772072, 0.080773], [-84.774858, 0.083357], [-84.773833, 0.085566], [-84.776629, 0.087233], [-84.777826, 0.086844], [-84.77694, 0.08542], [-84.782101, 0.085963], [-84.78231, 0.083642], [-84.788119, 0.078112], [-84.791901, 0.07834], [-84.793969, 0.082032], [-84.796615, 0.08309], [-84.797587, 0.081228], [-84.800761, 0.081351], [-84.803784, 0.085454], [-84.807278, 0.087108], [-84.806725, 0.085365], [-84.807965, 0.084664], [-84.812911, 0.085173], [-84.81687, 0.082292], [-84.819624, 0.084084], [-84.819064, 0.086288], [-84.820607, 0.087505], [-84.819018, 0.090282], [-84.820064, 0.091781], [-84.818589, 0.09278], [-84.819122, 0.096302], [-84.817304, 0.098597], [-84.819399, 0.101127], [-84.818093, 0.103849], [-84.81959, 0.104685], [-84.820049, 0.107771], [-84.817611, 0.110782], [-84.819627, 0.111681], [-84.818641, 0.11449], [-84.816637, 0.114811], [-84.81601, 0.11545], [-84.818635, 0.115729], [-84.819194, 0.117581], [-84.822257, 0.119052], [-84.823666, 0.122757], [-84.824732, 0.121806], [-84.831277, 0.123475], [-84.829848, 0.132704], [-84.833624, 0.13638], [-84.834885, 0.135949], [-84.834056, 0.139364], [-84.839091, 0.140402], [-84.840922, 0.142968], [-84.843729, 0.138645], [-84.846787, 0.140155], [-84.848585, 0.139111], [-84.849443, 0.14184], [-84.857234, 0.145291], [-84.856451, 0.146772], [-84.858433, 0.149161], [-84.857426, 0.153091], [-84.855387, 0.152895], [-84.853642, 0.156105], [-84.854648, 0.156603], [-84.853491, 0.156954], [-84.856879, 0.166657], [-84.854802, 0.168904], [-84.855277, 0.170848], [-84.849372, 0.175053], [-84.848077, 0.175143], [-84.846244, 0.171697], [-84.84093, 0.1733], [-84.840102, 0.176257], [-84.836387, 0.179094], [-84.836427, 0.183059], [-84.833038, 0.18452], [-84.831587, 0.193399], [-84.825395, 0.199374], [-84.822726, 0.20009], [-84.817755, 0.206876], [-84.814889, 0.21537], [-84.81946, 0.220601], [-84.821712, 0.220808], [-84.820548, 0.221859], [-84.821416, 0.223894], [-84.820289, 0.230041], [-84.824601, 0.237347], [-84.819107, 0.242798], [-84.813432, 0.244552], [-84.812341, 0.24859], [-84.815333, 0.252902], [-84.810512, 0.249393], [-84.80756, 0.251918], [-84.807223, 0.255177], [-84.804886, 0.255751], [-84.802001, 0.260348], [-84.79486, 0.262189], [-84.792212, 0.265719], [-84.781743, 0.266372], [-84.777924, 0.268195], [-84.777177, 0.270114], [-84.775665, 0.269416]]], [[[-84.481419, 0.291966], [-84.481416, 0.281895], [-84.490416, 0.270813], [-84.496418, 0.269804], [-84.501423, 0.27786], [-84.501425, 0.28491], [-84.48142, 0.297002], [-84.481419, 0.291966]]], [[[-84.386565, 0.729102], [-84.386252, 0.729177], [-84.386331, 0.728676], [-84.386822, 0.728947], [-84.386565, 0.729102]]], [[[-84.466822, 0.809639], [-84.460833, 0.809951], [-84.45742, 0.807882], [-84.453321, 0.808922], [-84.446877, 0.807402], [-84.442705, 0.808095], [-84.439888, 0.803032], [-84.433841, 0.800005], [-84.433664, 0.797582], [-84.431246, 0.796158], [-84.428948, 0.79016], [-84.417966, 0.785305], [-84.417498, 0.782912], [-84.401336, 0.768864], [-84.399337, 0.763881], [-84.391514, 0.756337], [-84.385435, 0.746905], [-84.382448, 0.744501], [-84.383147, 0.739561], [-84.388213, 0.733713], [-84.388002, 0.728923], [-84.391851, 0.727124], [-84.393195, 0.72373], [-84.399795, 0.71751], [-84.410452, 0.711228], [-84.413221, 0.712291], [-84.418889, 0.708121], [-84.421543, 0.708657], [-84.42685, 0.705845], [-84.428998, 0.70652], [-84.432419, 0.704971], [-84.436018, 0.705979], [-84.453808, 0.698295], [-84.46298, 0.698177], [-84.467797, 0.700326], [-84.468564, 0.702696], [-84.473232, 0.703629], [-84.47831, 0.706938], [-84.485546, 0.708141], [-84.485739, 0.712133], [-84.489969, 0.714377], [-84.490022, 0.720498], [-84.491463, 0.722212], [-84.500936, 0.725172], [-84.504909, 0.723703], [-84.506665, 0.724908], [-84.506803, 0.72852], [-84.513549, 0.73068], [-84.514732, 0.729904], [-84.517753, 0.733266], [-84.519988, 0.733221], [-84.5227, 0.73566], [-84.521255, 0.743306], [-84.524684, 0.749656], [-84.525331, 0.754762], [-84.523776, 0.759363], [-84.525978, 0.76716], [-84.524169, 0.77576], [-84.519309, 0.782464], [-84.519398, 0.784379], [-84.513079, 0.789147], [-84.512081, 0.792274], [-84.509283, 0.79343], [-84.506343, 0.792603], [-84.489948, 0.803249], [-84.482858, 0.80629], [-84.480217, 0.806071], [-84.478705, 0.808634], [-84.475107, 0.807853], [-84.466822, 0.809639]]], [[[-83.616462, -1.005939], [-83.616229, -1.006169], [-83.616236, -1.006261], [-83.616797, -1.006135], [-83.616462, -1.005939]]], [[[-83.625412, -1.004676], [-83.625432, -1.0042], [-83.625026, -1.004204], [-83.625006, -1.004497], [-83.625412, -1.004676]]], [[[-83.707331, -0.9744], [-83.70653, -0.974945], [-83.706525, -0.975873], [-83.707975, -0.974203], [-83.707331, -0.9744]]], [[[-83.636541, -0.940666], [-83.636007, -0.94205], [-83.634247, -0.941336], [-83.632335, -0.944025], [-83.63324, -0.946451], [-83.630588, -0.949803], [-83.618924, -0.95275], [-83.612469, -0.959325], [-83.611285, -0.962415], [-83.606587, -0.960945], [-83.605027, -0.962849], [-83.603102, -0.962679], [-83.601191, -0.971914], [-83.596245, -0.972921], [-83.596791, -0.975258], [-83.594214, -0.97505], [-83.596926, -0.977151], [-83.597314, -0.98106], [-83.590146, -0.983935], [-83.590937, -0.986432], [-83.588091, -0.991104], [-83.590455, -0.991646], [-83.593815, -0.989698], [-83.596049, -0.991045], [-83.598593, -0.996457], [-83.596054, -1.00116], [-83.599866, -1.007058], [-83.603497, -1.008149], [-83.605586, -1.006774], [-83.608058, -1.008307], [-83.608614, -1.004379], [-83.610742, -1.00304], [-83.612386, -1.004228], [-83.61416, -1.003237], [-83.616537, -1.005724], [-83.619428, -1.00288], [-83.627307, -1.004013], [-83.632689, -1.000917], [-83.636091, -1.002653], [-83.636499, -1.001692], [-83.64287, -1.002892], [-83.642882, -1.001061], [-83.644722, -1.000239], [-83.646436, -1.001475], [-83.646508, -0.999801], [-83.650278, -0.998351], [-83.654217, -0.998969], [-83.656173, -1.001158], [-83.660482, -0.991776], [-83.66455, -0.99323], [-83.667614, -0.99138], [-83.675065, -0.992518], [-83.677008, -0.988641], [-83.67959, -0.990082], [-83.694508, -0.980023], [-83.704143, -0.97751], [-83.707471, -0.973241], [-83.710153, -0.971846], [-83.710425, -0.970072], [-83.715986, -0.971869], [-83.71743, -0.965487], [-83.715095, -0.966971], [-83.70985, -0.965851], [-83.70537, -0.956317], [-83.697375, -0.956205], [-83.687379, -0.948184], [-83.685076, -0.948678], [-83.68287, -0.947163], [-83.681128, -0.948193], [-83.679463, -0.94697], [-83.675064, -0.947762], [-83.673574, -0.945452], [-83.670964, -0.94539], [-83.672509, -0.942673], [-83.671177, -0.940687], [-83.668625, -0.944203], [-83.663996, -0.941747], [-83.661503, -0.944555], [-83.657438, -0.946113], [-83.653864, -0.944914], [-83.654183, -0.943357], [-83.652577, -0.942138], [-83.650385, -0.943675], [-83.647132, -0.943321], [-83.645442, -0.94533], [-83.640563, -0.941321], [-83.638341, -0.942137], [-83.637895, -0.940415], [-83.636541, -0.940666]]], [[[-83.614188, -0.95413], [-83.615014, -0.953816], [-83.614615, -0.952852], [-83.614151, -0.953215], [-83.614188, -0.95413]]], [[[-83.617738, -0.948203], [-83.618249, -0.94812], [-83.620037, -0.949064], [-83.619323, -0.947628], [-83.617738, -0.948203]]], [[[-84.286104, -0.944307], [-84.285125, -0.944338], [-84.2872, -0.945795], [-84.287226, -0.944837], [-84.286104, -0.944307]]], [[[-83.63288, -0.942645], [-83.6326, -0.942558], [-83.632072, -0.943034], [-83.632921, -0.942914], [-83.63288, -0.942645]]], [[[-83.61244, -0.936393], [-83.60944, -0.938306], [-83.60969, -0.940456], [-83.616439, -0.943557], [-83.619792, -0.942983], [-83.617911, -0.940468], [-83.618667, -0.938059], [-83.616264, -0.938624], [-83.616555, -0.935801], [-83.613504, -0.934849], [-83.61244, -0.936393]]], [[[-84.268225, -0.926999], [-84.267371, -0.928682], [-84.271569, -0.935778], [-84.274514, -0.936447], [-84.275825, -0.933599], [-84.277776, -0.933942], [-84.277802, -0.929324], [-84.272184, -0.92666], [-84.268225, -0.926999]]], [[[-84.314077, -0.903939], [-84.317262, -0.905706], [-84.317403, -0.910445], [-84.31924, -0.908243], [-84.318573, -0.904237], [-84.315205, -0.902126], [-84.312562, -0.902845], [-84.312329, -0.904535], [-84.314077, -0.903939]]], [[[-84.330122, -0.870668], [-84.329429, -0.87048], [-84.329326, -0.871288], [-84.329849, -0.871297], [-84.330122, -0.870668]]], [[[-84.33964, -0.859907], [-84.339783, -0.860054], [-84.339716, -0.859832], [-84.339435, -0.859819], [-84.33964, -0.859907]]], [[[-84.339086, -0.859845], [-84.339241, -0.859707], [-84.339172, -0.859575], [-84.338917, -0.859694], [-84.339086, -0.859845]]], [[[-83.53465, -0.44673], [-83.539156, -0.447891], [-83.540242, -0.447201], [-83.539302, -0.445713], [-83.532519, -0.445248], [-83.53465, -0.44673]]], [[[-83.324139, -0.421827], [-83.323623, -0.42174], [-83.323654, -0.42222], [-83.324145, -0.422264], [-83.324139, -0.421827]]], [[[-83.323228, -0.419421], [-83.324131, -0.419891], [-83.324116, -0.421177], [-83.324741, -0.41978], [-83.323228, -0.419421]]], [[[-83.317569, -0.418178], [-83.318027, -0.418903], [-83.318543, -0.418531], [-83.318486, -0.417393], [-83.317569, -0.418178]]], [[[-83.318435, -0.417056], [-83.31888, -0.417095], [-83.318895, -0.416701], [-83.318444, -0.41677], [-83.318435, -0.417056]]], [[[-84.06086, -0.390248], [-84.021102, -0.390497], [-84.016614, -0.393068], [-84.017165, -0.395418], [-84.0153, -0.396753], [-84.008337, -0.398763], [-84.011193, -0.400109], [-84.006305, -0.404904], [-84.007456, -0.407374], [-84.006247, -0.410073], [-84.008183, -0.414486], [-84.00332, -0.418252], [-84.005789, -0.422795], [-84.005348, -0.425448], [-84.006865, -0.426562], [-84.006397, -0.429302], [-84.015379, -0.430842], [-84.01996, -0.429065], [-84.02284, -0.431412], [-84.029042, -0.428395], [-84.032199, -0.430017], [-84.045754, -0.426329], [-84.056387, -0.421039], [-84.064494, -0.42018], [-84.067449, -0.41708], [-84.068038, -0.412095], [-84.066403, -0.407413], [-84.05947, -0.401983], [-84.060271, -0.397635], [-84.063199, -0.396774], [-84.061764, -0.395319], [-84.065195, -0.391375], [-84.06414, -0.389906], [-84.06086, -0.390248]]], [[[-83.588935, -0.491674], [-83.584731, -0.493797], [-83.580793, -0.490732], [-83.580878, -0.486531], [-83.581966, -0.484652], [-83.584132, -0.484509], [-83.583406, -0.481631], [-83.584862, -0.480469], [-83.581322, -0.478538], [-83.577955, -0.479111], [-83.57687, -0.475173], [-83.569164, -0.473767], [-83.568124, -0.471461], [-83.56553, -0.470771], [-83.564828, -0.468173], [-83.553311, -0.464383], [-83.552332, -0.46138], [-83.544801, -0.45763], [-83.542094, -0.454799], [-83.544071, -0.453436], [-83.541593, -0.450986], [-83.528428, -0.446877], [-83.527822, -0.445207], [-83.529029, -0.444571], [-83.521387, -0.439476], [-83.520158, -0.436497], [-83.519294, -0.43852], [-83.51361, -0.437022], [-83.511428, -0.430322], [-83.50968, -0.430339], [-83.508913, -0.428707], [-83.511951, -0.425334], [-83.510094, -0.422192], [-83.50809, -0.421472], [-83.509156, -0.419457], [-83.512384, -0.419131], [-83.513784, -0.415448], [-83.515277, -0.4172], [-83.513953, -0.415133], [-83.51175, -0.414288], [-83.512031, -0.408042], [-83.510302, -0.409238], [-83.507978, -0.407655], [-83.505044, -0.408972], [-83.501651, -0.40773], [-83.497987, -0.410525], [-83.493244, -0.410359], [-83.492696, -0.411455], [-83.494324, -0.412804], [-83.491318, -0.416414], [-83.489223, -0.4134], [-83.483336, -0.414583], [-83.478595, -0.412021], [-83.472927, -0.41213], [-83.471896, -0.409265], [-83.466116, -0.407658], [-83.454073, -0.407559], [-83.445238, -0.399108], [-83.444025, -0.395447], [-83.442557, -0.395791], [-83.437498, -0.390535], [-83.439941, -0.38857], [-83.441281, -0.389193], [-83.440356, -0.390872], [-83.442234, -0.391088], [-83.44268, -0.387195], [-83.441134, -0.386888], [-83.441051, -0.384089], [-83.439182, -0.383187], [-83.440801, -0.382111], [-83.441133, -0.377958], [-83.442448, -0.377698], [-83.441644, -0.375492], [-83.443953, -0.37424], [-83.438643, -0.374678], [-83.436704, -0.373148], [-83.436538, -0.371159], [-83.433111, -0.369079], [-83.435354, -0.362761], [-83.43412, -0.361625], [-83.431455, -0.363094], [-83.430986, -0.362052], [-83.432325, -0.361544], [-83.432606, -0.361233], [-83.431124, -0.361585], [-83.430232, -0.362498], [-83.428882, -0.361227], [-83.430539, -0.360348], [-83.427697, -0.356954], [-83.428891, -0.35316], [-83.434701, -0.350141], [-83.430337, -0.342819], [-83.426462, -0.346204], [-83.424628, -0.34563], [-83.424655, -0.344298], [-83.41994, -0.341389], [-83.417086, -0.337413], [-83.413918, -0.33813], [-83.409644, -0.335156], [-83.407489, -0.33093], [-83.40804, -0.323666], [-83.405023, -0.326153], [-83.402753, -0.323041], [-83.401082, -0.324783], [-83.40048, -0.323356], [-83.398007, -0.324643], [-83.398111, -0.321881], [-83.396106, -0.322915], [-83.394519, -0.320988], [-83.392582, -0.321479], [-83.392628, -0.317355], [-83.388489, -0.314597], [-83.380365, -0.314529], [-83.37969, -0.313158], [-83.378324, -0.314424], [-83.374506, -0.306225], [-83.37281, -0.306018], [-83.373415, -0.3047], [-83.369942, -0.304268], [-83.367132, -0.308398], [-83.36321, -0.306299], [-83.363555, -0.305172], [-83.360578, -0.308309], [-83.359172, -0.306951], [-83.359961, -0.302357], [-83.357965, -0.301803], [-83.358157, -0.299484], [-83.355128, -0.303753], [-83.354032, -0.301578], [-83.351294, -0.301857], [-83.348987, -0.299883], [-83.343973, -0.300655], [-83.344057, -0.297183], [-83.337311, -0.294075], [-83.335297, -0.290151], [-83.333098, -0.291948], [-83.33077, -0.290531], [-83.33128, -0.285724], [-83.333055, -0.28538], [-83.331679, -0.284582], [-83.332446, -0.282037], [-83.330549, -0.281862], [-83.328451, -0.278141], [-83.327093, -0.279005], [-83.32185, -0.276537], [-83.320869, -0.27356], [-83.317367, -0.275749], [-83.315415, -0.274236], [-83.314846, -0.275446], [-83.307572, -0.275177], [-83.304894, -0.279083], [-83.303696, -0.27604], [-83.300174, -0.279419], [-83.296481, -0.279426], [-83.293276, -0.277341], [-83.292132, -0.280025], [-83.285963, -0.281229], [-83.283774, -0.278506], [-83.278708, -0.278825], [-83.273956, -0.27731], [-83.271553, -0.279197], [-83.27071, -0.283645], [-83.268431, -0.284271], [-83.267851, -0.286068], [-83.262671, -0.287595], [-83.26009, -0.289979], [-83.25296, -0.291096], [-83.249883, -0.295522], [-83.247712, -0.29327], [-83.241262, -0.291777], [-83.238973, -0.287276], [-83.239665, -0.286107], [-83.237347, -0.285089], [-83.235631, -0.286143], [-83.233605, -0.283006], [-83.227688, -0.281168], [-83.223754, -0.284963], [-83.219827, -0.285724], [-83.222922, -0.292563], [-83.222412, -0.295652], [-83.220668, -0.296646], [-83.221241, -0.300486], [-83.216565, -0.30037], [-83.214624, -0.301878], [-83.213244, -0.299889], [-83.20915, -0.302261], [-83.210012, -0.305147], [-83.208957, -0.308844], [-83.211028, -0.313421], [-83.218593, -0.317795], [-83.222455, -0.322838], [-83.222926, -0.326882], [-83.221085, -0.328126], [-83.223686, -0.330072], [-83.223077, -0.329072], [-83.223535, -0.328076], [-83.224601, -0.329841], [-83.223597, -0.333767], [-83.226641, -0.333662], [-83.225047, -0.334302], [-83.226483, -0.335791], [-83.227087, -0.334441], [-83.22894, -0.336352], [-83.231043, -0.335878], [-83.23234, -0.339087], [-83.237812, -0.338081], [-83.238908, -0.339152], [-83.237382, -0.340229], [-83.238122, -0.342451], [-83.241847, -0.342048], [-83.242373, -0.34658], [-83.24654, -0.353446], [-83.245721, -0.35526], [-83.250704, -0.3642], [-83.251248, -0.367864], [-83.258782, -0.371587], [-83.263681, -0.375861], [-83.266118, -0.375562], [-83.26743, -0.377568], [-83.270243, -0.377766], [-83.27179, -0.38016], [-83.274884, -0.380393], [-83.276456, -0.392452], [-83.280544, -0.393856], [-83.283101, -0.39808], [-83.287434, -0.400488], [-83.287542, -0.40251], [-83.293284, -0.406696], [-83.29558, -0.405879], [-83.298765, -0.408806], [-83.303617, -0.409143], [-83.304712, -0.411069], [-83.307655, -0.408767], [-83.310206, -0.411079], [-83.311325, -0.407856], [-83.314995, -0.411625], [-83.315059, -0.40974], [-83.316519, -0.410175], [-83.315781, -0.41226], [-83.316969, -0.413206], [-83.31839, -0.411448], [-83.320189, -0.41215], [-83.320715, -0.413456], [-83.317847, -0.415565], [-83.317522, -0.417562], [-83.318642, -0.415324], [-83.319285, -0.417411], [-83.321584, -0.417096], [-83.320203, -0.415994], [-83.320416, -0.414001], [-83.322394, -0.417471], [-83.324089, -0.41727], [-83.323953, -0.418627], [-83.324318, -0.416302], [-83.325489, -0.417513], [-83.327683, -0.416703], [-83.329167, -0.420867], [-83.328344, -0.422061], [-83.329477, -0.422082], [-83.329056, -0.42503], [-83.327677, -0.423626], [-83.327928, -0.425322], [-83.330169, -0.426249], [-83.33268, -0.431587], [-83.330499, -0.433039], [-83.33161, -0.437372], [-83.330275, -0.440839], [-83.331628, -0.44201], [-83.330367, -0.443737], [-83.332939, -0.445435], [-83.333485, -0.44818], [-83.337581, -0.447411], [-83.337319, -0.448149], [-83.337871, -0.448642], [-83.339043, -0.447267], [-83.341029, -0.44913], [-83.340225, -0.452095], [-83.344065, -0.457568], [-83.345434, -0.465469], [-83.348368, -0.470124], [-83.355132, -0.475099], [-83.354697, -0.476053], [-83.357112, -0.476301], [-83.355976, -0.477487], [-83.359373, -0.483214], [-83.362554, -0.484966], [-83.364531, -0.488455], [-83.364788, -0.497], [-83.36757, -0.500542], [-83.367409, -0.504096], [-83.370831, -0.509402], [-83.374615, -0.509254], [-83.379872, -0.51407], [-83.382867, -0.512885], [-83.385771, -0.515923], [-83.388495, -0.514957], [-83.393034, -0.516941], [-83.399173, -0.516783], [-83.398825, -0.520183], [-83.401082, -0.523769], [-83.40616, -0.525899], [-83.412225, -0.524633], [-83.421014, -0.529273], [-83.426311, -0.528933], [-83.429022, -0.530348], [-83.432766, -0.528486], [-83.442246, -0.529125], [-83.444057, -0.527627], [-83.448978, -0.52956], [-83.453135, -0.529371], [-83.457496, -0.532402], [-83.460388, -0.531827], [-83.4622, -0.533145], [-83.464947, -0.531557], [-83.467787, -0.534453], [-83.473477, -0.53488], [-83.473797, -0.536373], [-83.475722, -0.536449], [-83.477605, -0.540655], [-83.479208, -0.540054], [-83.483527, -0.543366], [-83.486665, -0.543295], [-83.488042, -0.545823], [-83.4914, -0.545692], [-83.493777, -0.547441], [-83.500456, -0.54609], [-83.501668, -0.547746], [-83.502481, -0.545359], [-83.506337, -0.546768], [-83.509335, -0.545085], [-83.507795, -0.542798], [-83.508883, -0.542157], [-83.516707, -0.544788], [-83.516431, -0.543511], [-83.518337, -0.544553], [-83.522454, -0.543711], [-83.524197, -0.541363], [-83.526967, -0.544037], [-83.530996, -0.543767], [-83.534316, -0.539644], [-83.54258, -0.539503], [-83.54282, -0.537371], [-83.547548, -0.533709], [-83.552141, -0.534588], [-83.555341, -0.533644], [-83.554467, -0.531704], [-83.556672, -0.533107], [-83.558573, -0.532222], [-83.558838, -0.529958], [-83.562018, -0.530939], [-83.565804, -0.529883], [-83.567299, -0.527706], [-83.571795, -0.526389], [-83.575126, -0.527395], [-83.578566, -0.5255], [-83.586195, -0.515743], [-83.594794, -0.513197], [-83.595653, -0.511068], [-83.598344, -0.510916], [-83.599521, -0.509301], [-83.597393, -0.501605], [-83.595186, -0.498848], [-83.595934, -0.49607], [-83.592746, -0.492396], [-83.588935, -0.491674]], [[-83.577714, -0.487529], [-83.578494, -0.487658], [-83.579114, -0.487765], [-83.577033, -0.487461], [-83.577714, -0.487529]], [[-83.570973, -0.493976], [-83.571231, -0.493934], [-83.573011, -0.493725], [-83.571231, -0.493934], [-83.570973, -0.493976]], [[-83.571639, -0.495337], [-83.570704, -0.49402], [-83.570704, -0.49402], [-83.571639, -0.495337]], [[-83.564374, -0.497847], [-83.564374, -0.497847], [-83.564485, -0.497826], [-83.564374, -0.497847]], [[-83.565743, -0.500249], [-83.564624, -0.50051], [-83.565743, -0.500249], [-83.565743, -0.500249]], [[-83.56702, -0.504618], [-83.572115, -0.503131], [-83.576556, -0.500827], [-83.572115, -0.503131], [-83.56702, -0.504618]], [[-83.580339, -0.504308], [-83.582362, -0.501514], [-83.584299, -0.499179], [-83.589651, -0.493265], [-83.580339, -0.504308]], [[-83.424609, -0.346535], [-83.424195, -0.346806], [-83.423523, -0.345547], [-83.424076, -0.345584], [-83.424609, -0.346535]]], [[[-84.012596, -0.394785], [-84.012378, -0.39549], [-84.014673, -0.394461], [-84.015301, -0.393883], [-84.012596, -0.394785]]], [[[-84.016153, -0.393565], [-84.015854, -0.393461], [-84.015542, -0.39382], [-84.016012, -0.393551], [-84.016153, -0.393565]]], [[[-84.255913, -0.349979], [-84.257566, -0.351389], [-84.259282, -0.349514], [-84.257359, -0.348676], [-84.255913, -0.349979]]], [[[-84.28801, -0.346553], [-84.287725, -0.346614], [-84.287713, -0.347236], [-84.288482, -0.347021], [-84.28801, -0.346553]]], [[[-83.215203, -0.29229], [-83.215684, -0.292221], [-83.215498, -0.291548], [-83.214935, -0.2917], [-83.215203, -0.29229]]], [[[-83.220232, -0.289626], [-83.219788, -0.289216], [-83.219317, -0.289482], [-83.219578, -0.290107], [-83.220232, -0.289626]]], [[[-84.170985, -0.282871], [-84.171356, -0.282915], [-84.171161, -0.281999], [-84.170777, -0.282073], [-84.170985, -0.282871]]], [[[-84.170176, -0.277994], [-84.170051, -0.278148], [-84.170149, -0.278224], [-84.170273, -0.278077], [-84.170176, -0.277994]]], [[[-83.307778, -0.273376], [-83.307786, -0.272838], [-83.306501, -0.272995], [-83.307523, -0.273168], [-83.307778, -0.273376]]], [[[-84.229083, -0.072574], [-84.225797, -0.087052], [-84.222304, -0.087211], [-84.221199, -0.09525], [-84.216906, -0.10139], [-84.215036, -0.11112], [-84.213237, -0.11335], [-84.210348, -0.114047], [-84.205651, -0.121863], [-84.190924, -0.131104], [-84.17787, -0.135636], [-84.176741, -0.139336], [-84.17173, -0.141587], [-84.169505, -0.144227], [-84.166382, -0.14376], [-84.157438, -0.150788], [-84.15582, -0.150701], [-84.154219, -0.154358], [-84.146713, -0.161827], [-84.146803, -0.163919], [-84.15039, -0.166471], [-84.149239, -0.174921], [-84.153191, -0.177186], [-84.153889, -0.18284], [-84.157646, -0.185725], [-84.159851, -0.190014], [-84.160167, -0.195546], [-84.162155, -0.197256], [-84.160367, -0.201719], [-84.16142, -0.203875], [-84.157632, -0.206212], [-84.156312, -0.21548], [-84.157593, -0.218026], [-84.155415, -0.219905], [-84.158117, -0.222667], [-84.156974, -0.225693], [-84.158445, -0.233768], [-84.161098, -0.236609], [-84.16097, -0.238625], [-84.163906, -0.239858], [-84.165953, -0.243141], [-84.164431, -0.245109], [-84.164923, -0.249868], [-84.161419, -0.249606], [-84.159177, -0.254766], [-84.157661, -0.256074], [-84.155988, -0.254353], [-84.154935, -0.256568], [-84.16008, -0.263146], [-84.164825, -0.26399], [-84.166981, -0.267545], [-84.169527, -0.267713], [-84.169721, -0.270015], [-84.171632, -0.269432], [-84.174206, -0.271073], [-84.173045, -0.273993], [-84.175451, -0.274417], [-84.173555, -0.276647], [-84.171568, -0.275938], [-84.170209, -0.277353], [-84.171946, -0.277604], [-84.171495, -0.281762], [-84.173375, -0.281618], [-84.174639, -0.286027], [-84.177266, -0.288521], [-84.17947, -0.287061], [-84.182981, -0.291746], [-84.184526, -0.290955], [-84.185384, -0.292175], [-84.187429, -0.290008], [-84.188239, -0.290163], [-84.18617, -0.292167], [-84.187725, -0.292564], [-84.188265, -0.290747], [-84.191315, -0.291129], [-84.191049, -0.288492], [-84.19353, -0.285271], [-84.197832, -0.283819], [-84.200832, -0.285635], [-84.203742, -0.291869], [-84.203033, -0.293409], [-84.201247, -0.292069], [-84.199437, -0.292294], [-84.199697, -0.298142], [-84.200489, -0.300026], [-84.201331, -0.297387], [-84.203953, -0.297042], [-84.206249, -0.300984], [-84.204339, -0.303403], [-84.205717, -0.30341], [-84.207543, -0.306847], [-84.208056, -0.305614], [-84.210407, -0.306163], [-84.210732, -0.310977], [-84.212107, -0.3113], [-84.210539, -0.315428], [-84.212311, -0.319128], [-84.211262, -0.320005], [-84.211723, -0.32297], [-84.214409, -0.327307], [-84.213161, -0.331162], [-84.217994, -0.335738], [-84.224857, -0.337053], [-84.227218, -0.338973], [-84.232781, -0.334553], [-84.234171, -0.335495], [-84.23295, -0.337047], [-84.236588, -0.33809], [-84.251049, -0.336431], [-84.266249, -0.337632], [-84.276338, -0.336768], [-84.278377, -0.334179], [-84.281485, -0.335126], [-84.286628, -0.332423], [-84.287756, -0.334403], [-84.291194, -0.334196], [-84.289881, -0.336629], [-84.292743, -0.339133], [-84.296429, -0.338434], [-84.288116, -0.341482], [-84.290429, -0.343986], [-84.289242, -0.346856], [-84.292087, -0.346086], [-84.292592, -0.349624], [-84.285645, -0.350618], [-84.28665, -0.350978], [-84.283672, -0.352336], [-84.287569, -0.35576], [-84.290999, -0.355625], [-84.291615, -0.358207], [-84.296876, -0.357547], [-84.297056, -0.356099], [-84.300802, -0.354386], [-84.307379, -0.354773], [-84.311787, -0.352211], [-84.3169, -0.353771], [-84.323192, -0.361088], [-84.32621, -0.359921], [-84.326085, -0.358428], [-84.319941, -0.355214], [-84.320766, -0.353474], [-84.323985, -0.352913], [-84.32599, -0.354371], [-84.326262, -0.356476], [-84.329032, -0.354562], [-84.331895, -0.356856], [-84.33403, -0.355876], [-84.33478, -0.359893], [-84.331191, -0.360454], [-84.331496, -0.361995], [-84.334863, -0.362946], [-84.334333, -0.365538], [-84.338498, -0.366559], [-84.34631, -0.365028], [-84.346704, -0.361696], [-84.353782, -0.358664], [-84.352021, -0.357032], [-84.353286, -0.357234], [-84.354005, -0.354961], [-84.355398, -0.357401], [-84.356918, -0.356141], [-84.358667, -0.357428], [-84.359089, -0.360445], [-84.360208, -0.358436], [-84.364086, -0.361005], [-84.365452, -0.359831], [-84.36745, -0.361161], [-84.369385, -0.360014], [-84.371984, -0.362421], [-84.372206, -0.360696], [-84.37288, -0.362629], [-84.374342, -0.362061], [-84.374347, -0.363675], [-84.377517, -0.364984], [-84.37896, -0.36218], [-84.385235, -0.363796], [-84.386425, -0.362647], [-84.386376, -0.363724], [-84.3878, -0.358981], [-84.38929, -0.358172], [-84.389032, -0.359474], [-84.39147, -0.359732], [-84.392086, -0.354043], [-84.396794, -0.353793], [-84.395534, -0.35236], [-84.396009, -0.350295], [-84.39705, -0.350988], [-84.397131, -0.349476], [-84.398793, -0.350527], [-84.398544, -0.348816], [-84.402873, -0.350138], [-84.401542, -0.348366], [-84.401516, -0.345894], [-84.404609, -0.347009], [-84.405462, -0.345074], [-84.408824, -0.34567], [-84.41158, -0.344187], [-84.414307, -0.345121], [-84.419737, -0.338874], [-84.42525, -0.338117], [-84.426884, -0.336291], [-84.427171, -0.339011], [-84.4305, -0.339836], [-84.431855, -0.33766], [-84.430628, -0.336202], [-84.431557, -0.333982], [-84.434001, -0.333063], [-84.437729, -0.327186], [-84.436281, -0.326684], [-84.444046, -0.3231], [-84.447957, -0.314685], [-84.447243, -0.312563], [-84.45482, -0.314517], [-84.460002, -0.312081], [-84.461821, -0.314152], [-84.465709, -0.314502], [-84.466973, -0.310991], [-84.464785, -0.306674], [-84.466801, -0.305959], [-84.47183, -0.307501], [-84.474808, -0.304544], [-84.480526, -0.302238], [-84.483306, -0.299001], [-84.490364, -0.300315], [-84.497455, -0.299624], [-84.499758, -0.296523], [-84.504771, -0.296628], [-84.507963, -0.294906], [-84.507293, -0.292914], [-84.508729, -0.291377], [-84.512552, -0.289905], [-84.512711, -0.288129], [-84.517624, -0.286486], [-84.516843, -0.283392], [-84.519408, -0.28078], [-84.516457, -0.277529], [-84.517618, -0.27544], [-84.522331, -0.273936], [-84.524256, -0.270221], [-84.523709, -0.269226], [-84.522765, -0.270901], [-84.519276, -0.270015], [-84.517815, -0.268243], [-84.518593, -0.266441], [-84.51693, -0.265266], [-84.518138, -0.261889], [-84.520039, -0.261226], [-84.519161, -0.258068], [-84.522314, -0.255768], [-84.523086, -0.247028], [-84.526477, -0.246505], [-84.523736, -0.243901], [-84.52787, -0.243891], [-84.526551, -0.240339], [-84.528795, -0.239901], [-84.529882, -0.237554], [-84.52964, -0.236113], [-84.527457, -0.23566], [-84.526068, -0.231561], [-84.525742, -0.224682], [-84.528252, -0.220559], [-84.532293, -0.219232], [-84.530877, -0.217775], [-84.531183, -0.214221], [-84.527612, -0.212102], [-84.528491, -0.210248], [-84.52575, -0.205555], [-84.526544, -0.204531], [-84.524444, -0.203314], [-84.524963, -0.200019], [-84.520193, -0.196063], [-84.518882, -0.192115], [-84.522114, -0.190338], [-84.522201, -0.185985], [-84.519898, -0.184978], [-84.51958, -0.181271], [-84.516352, -0.175501], [-84.512482, -0.174269], [-84.513928, -0.173625], [-84.512259, -0.169536], [-84.517672, -0.16587], [-84.516767, -0.162903], [-84.518487, -0.162348], [-84.517856, -0.160659], [-84.515437, -0.160793], [-84.514664, -0.159447], [-84.515086, -0.157997], [-84.517436, -0.157551], [-84.517867, -0.155167], [-84.513894, -0.151311], [-84.512918, -0.152052], [-84.51245, -0.149569], [-84.509836, -0.149887], [-84.507984, -0.147225], [-84.505808, -0.148041], [-84.505332, -0.146159], [-84.503289, -0.147474], [-84.50334, -0.14615], [-84.499607, -0.147611], [-84.500103, -0.146367], [-84.497475, -0.142959], [-84.498171, -0.139426], [-84.494308, -0.135221], [-84.493839, -0.133667], [-84.494907, -0.133492], [-84.492959, -0.13136], [-84.493658, -0.129142], [-84.496286, -0.12861], [-84.495289, -0.125363], [-84.496597, -0.123843], [-84.494918, -0.120321], [-84.493552, -0.120047], [-84.492756, -0.121699], [-84.490729, -0.120226], [-84.483392, -0.119676], [-84.47976, -0.121263], [-84.477135, -0.118909], [-84.471365, -0.118177], [-84.46623, -0.110076], [-84.465388, -0.111212], [-84.457933, -0.109456], [-84.457122, -0.110832], [-84.455087, -0.108729], [-84.453366, -0.110309], [-84.452852, -0.108904], [-84.452958, -0.110411], [-84.451564, -0.110696], [-84.446599, -0.106073], [-84.441475, -0.105282], [-84.440606, -0.102829], [-84.439003, -0.103472], [-84.436357, -0.100651], [-84.432085, -0.099114], [-84.4264, -0.100266], [-84.423694, -0.099396], [-84.422227, -0.1012], [-84.417081, -0.099688], [-84.408625, -0.100767], [-84.407204, -0.09883], [-84.405809, -0.099786], [-84.402773, -0.097098], [-84.396732, -0.095871], [-84.394978, -0.092099], [-84.382277, -0.093399], [-84.375357, -0.096695], [-84.373437, -0.095563], [-84.371884, -0.096446], [-84.371934, -0.100529], [-84.370097, -0.101344], [-84.367171, -0.099783], [-84.361967, -0.100446], [-84.363539, -0.101085], [-84.362235, -0.102181], [-84.359607, -0.09953], [-84.359925, -0.097934], [-84.357408, -0.09886], [-84.353015, -0.097476], [-84.350808, -0.102663], [-84.347077, -0.102838], [-84.346637, -0.104356], [-84.343258, -0.103885], [-84.341524, -0.102199], [-84.341864, -0.100483], [-84.339356, -0.101352], [-84.338297, -0.097835], [-84.3385, -0.096064], [-84.340218, -0.096628], [-84.34199, -0.094058], [-84.340964, -0.090528], [-84.342322, -0.088097], [-84.340928, -0.08488], [-84.342134, -0.083667], [-84.339771, -0.08187], [-84.338359, -0.084145], [-84.33562, -0.0815], [-84.330657, -0.080994], [-84.328269, -0.084091], [-84.321724, -0.080555], [-84.319495, -0.082053], [-84.316263, -0.078959], [-84.316017, -0.084226], [-84.313958, -0.082998], [-84.310781, -0.085785], [-84.306799, -0.08337], [-84.306102, -0.084808], [-84.307657, -0.085475], [-84.307514, -0.087374], [-84.310555, -0.087331], [-84.3137, -0.090108], [-84.315581, -0.089219], [-84.315418, -0.091342], [-84.317104, -0.089884], [-84.31594, -0.092862], [-84.318516, -0.093411], [-84.31601, -0.096123], [-84.311364, -0.093238], [-84.310953, -0.095496], [-84.310033, -0.091283], [-84.305019, -0.092067], [-84.305939, -0.087593], [-84.304473, -0.085587], [-84.3056, -0.082182], [-84.303051, -0.084115], [-84.29829, -0.082705], [-84.297793, -0.084157], [-84.296, -0.083582], [-84.296142, -0.085079], [-84.294699, -0.085224], [-84.292229, -0.082303], [-84.282659, -0.078994], [-84.276657, -0.084827], [-84.269507, -0.083432], [-84.267123, -0.082026], [-84.264542, -0.07676], [-84.259983, -0.076542], [-84.259304, -0.074855], [-84.257177, -0.076198], [-84.253431, -0.074346], [-84.252212, -0.077556], [-84.245156, -0.077267], [-84.230208, -0.069549], [-84.229083, -0.072574]]], [[[-84.142274, -0.171554], [-84.136804, -0.172401], [-84.136578, -0.173382], [-84.143374, -0.17273], [-84.146797, -0.170293], [-84.142274, -0.171554]]], [[[-84.137083, -0.168709], [-84.135636, -0.168317], [-84.137145, -0.170035], [-84.143534, -0.169027], [-84.140476, -0.167864], [-84.137083, -0.168709]]], [[[-84.120622, -0.157646], [-84.120922, -0.157618], [-84.120951, -0.157028], [-84.120697, -0.157096], [-84.120622, -0.157646]]], [[[-84.121087, -0.156523], [-84.12098, -0.156642], [-84.121019, -0.156949], [-84.12116, -0.156722], [-84.121087, -0.156523]]], [[[-84.121133, -0.156433], [-84.121319, -0.156376], [-84.121269, -0.155848], [-84.120975, -0.156126], [-84.121133, -0.156433]]], [[[-84.119098, -0.154938], [-84.119031, -0.155568], [-84.119773, -0.155735], [-84.120104, -0.154989], [-84.119098, -0.154938]]], [[[-84.325808, -0.079702], [-84.326003, -0.080086], [-84.326593, -0.079448], [-84.326028, -0.079331], [-84.325808, -0.079702]]], [[[-84.255303, 0.0019], [-84.2537, 0.000357], [-84.254016, -0.003573], [-84.251075, -0.007277], [-84.249013, -0.015247], [-84.239568, -0.026673], [-84.23715, -0.032194], [-84.238593, -0.034009], [-84.237579, -0.036679], [-84.235327, -0.036423], [-84.230897, -0.041034], [-84.226619, -0.052207], [-84.250129, -0.06932], [-84.257237, -0.071334], [-84.273615, -0.072046], [-84.273819, -0.067739], [-84.275396, -0.067596], [-84.278339, -0.063783], [-84.275623, -0.061321], [-84.274017, -0.056299], [-84.277718, -0.049364], [-84.274799, -0.045305], [-84.276211, -0.043193], [-84.271925, -0.038111], [-84.262871, -0.032868], [-84.260473, -0.029108], [-84.262034, -0.0222], [-84.267186, -0.024983], [-84.269836, -0.023451], [-84.269366, -0.018381], [-84.263979, -0.015954], [-84.2647, -0.009504], [-84.267645, -0.00485], [-84.272761, -0.003519], [-84.273957, -0.001824], [-84.255303, 0.0019]]], [[[-84.339085, -0.009657], [-84.338599, -0.009987], [-84.33879, -0.010301], [-84.339393, -0.010016], [-84.339085, -0.009657]]], [[[-84.257005, 0.011058], [-84.25605, 0.006034], [-84.256464, 0.005353], [-84.258394, 0.008902], [-84.257005, 0.011058]]], [[[-84.258829, 0.024372], [-84.255182, 0.022523], [-84.255854, 0.017018], [-84.269077, 0.012472], [-84.27224, 0.012565], [-84.272323, 0.019091], [-84.269677, 0.023801], [-84.266003, 0.024803], [-84.26184, 0.02328], [-84.258829, 0.024372]]], [[[-83.929282, 0.767614], [-83.926209, 0.768032], [-83.923383, 0.764745], [-83.921015, 0.764648], [-83.917574, 0.760075], [-83.917302, 0.757599], [-83.914948, 0.757202], [-83.911618, 0.745164], [-83.914052, 0.740058], [-83.913086, 0.738287], [-83.919119, 0.730612], [-83.918219, 0.727827], [-83.920202, 0.725895], [-83.920561, 0.722208], [-83.924799, 0.720944], [-83.929422, 0.722023], [-83.930762, 0.724602], [-83.927119, 0.724897], [-83.921192, 0.72806], [-83.921145, 0.734492], [-83.924536, 0.739973], [-83.925127, 0.738982], [-83.933418, 0.739298], [-83.936582, 0.737476], [-83.939756, 0.734285], [-83.938738, 0.728621], [-83.942958, 0.727964], [-83.947392, 0.730027], [-83.948373, 0.732074], [-83.949925, 0.731723], [-83.949301, 0.733043], [-83.953065, 0.735747], [-83.954299, 0.738887], [-83.95267, 0.750506], [-83.947863, 0.760202], [-83.944963, 0.761616], [-83.941318, 0.761208], [-83.931022, 0.768137], [-83.929282, 0.767614]]]]}}, {"type": "Feature", "id": "MANABÍ", "properties": {"codigo": "13", "nombre": "MANABÍ", "centroide_lon": -80.13619, "centroide_lat": -0.75138}, "geometry": {"type": "MultiPolygon", "coordinates": [[[[-80.382236, -1.752398], [-80.383889, -1.755528], [-80.386682, -1.757178], [-80.387461, -1.762865], [-80.389017, -1.764294], [-80.387821, -1.767611], [-80.389818, -1.768237], [-80.390283, -1.771825], [-80.393025, -1.772241], [-80.392329, -1.776194], [-80.39621, -1.772137], [-80.401645, -1.774752], [-80.40545, -1.774528], [-80.407339, -1.777211], [-80.40946, -1.777486], [-80.412614, -1.782128], [-80.411847, -1.783408], [-80.419146, -1.786314], [-80.421134, -1.798264], [-80.42532, -1.801136], [-80.42674, -1.804091], [-80.425356, -1.806182], [-80.426109, -1.809121], [-80.424637, -1.808487], [-80.423845, -1.810151], [-80.421921, -1.809335], [-80.420808, -1.811758], [-80.419299, -1.811201], [-80.418467, -1.814166], [-80.416634, -1.814202], [-80.416625, -1.816354], [-80.412704, -1.818194], [-80.410095, -1.823146], [-80.411085, -1.827807], [-80.407471, -1.83146], [-80.410731, -1.832847], [-80.408398, -1.834847], [-80.409732, -1.83767], [-80.411544, -1.836422], [-80.41673, -1.837758], [-80.418682, -1.835719], [-80.428204, -1.836465], [-80.428017, -1.840149], [-80.431953, -1.845544], [-80.431979, -1.851012], [-80.430492, -1.852602], [-80.425276, -1.852486], [-80.425406, -1.854425], [-80.436955, -1.856579], [-80.438964, -1.85889], [-80.440753, -1.858786], [-80.433025, -1.86568], [-80.435889, -1.867884], [-80.434099, -1.883602], [-80.437609, -1.883994], [-80.438525, -1.882512], [-80.443289, -1.881235], [-80.447014, -1.882103], [-80.44647, -1.883123], [-80.444538, -1.882203], [-80.443802, -1.885438], [-80.442338, -1.883994], [-80.442125, -1.885129], [-80.440126, -1.884759], [-80.44092, -1.886668], [-80.436295, -1.884632], [-80.435845, -1.885725], [-80.433043, -1.885639], [-80.424847, -1.879087], [-80.422548, -1.882774], [-80.420435, -1.879077], [-80.417112, -1.881608], [-80.418185, -1.882206], [-80.417944, -1.88586], [-80.419791, -1.884865], [-80.419916, -1.888223], [-80.42151, -1.888919], [-80.420607, -1.890814], [-80.422114, -1.890407], [-80.4215, -1.891745], [-80.42457, -1.894136], [-80.4252, -1.892814], [-80.426622, -1.893767], [-80.426196, -1.895081], [-80.430031, -1.895404], [-80.432574, -1.899878], [-80.431816, -1.901079], [-80.43336, -1.903071], [-80.431892, -1.90301], [-80.431746, -1.904866], [-80.433858, -1.907392], [-80.431941, -1.908237], [-80.434453, -1.913918], [-80.431403, -1.91596], [-80.431749, -1.920483], [-80.428321, -1.925022], [-80.430078, -1.925072], [-80.43184, -1.926899], [-80.431351, -1.928117], [-80.436501, -1.931387], [-80.435433, -1.935555], [-80.44072, -1.943435], [-80.447119, -1.945577], [-80.451414, -1.944718], [-80.452712, -1.941172], [-80.455346, -1.940681], [-80.465205, -1.947404], [-80.467052, -1.945234], [-80.46498, -1.943789], [-80.466433, -1.943399], [-80.465139, -1.940821], [-80.467081, -1.938127], [-80.470065, -1.937687], [-80.47099, -1.933523], [-80.472492, -1.932702], [-80.471408, -1.932259], [-80.47263, -1.929768], [-80.471468, -1.928452], [-80.473564, -1.925853], [-80.4749, -1.92694], [-80.481532, -1.926327], [-80.484102, -1.922842], [-80.488638, -1.922297], [-80.4928, -1.924458], [-80.49478, -1.923185], [-80.501553, -1.926231], [-80.504743, -1.926268], [-80.513395, -1.920634], [-80.516669, -1.92174], [-80.519127, -1.919975], [-80.519378, -1.916502], [-80.51677, -1.913035], [-80.518451, -1.908116], [-80.516357, -1.905829], [-80.516501, -1.902477], [-80.520869, -1.900323], [-80.523719, -1.895262], [-80.52736, -1.89452], [-80.528357, -1.889876], [-80.531016, -1.888692], [-80.531295, -1.886103], [-80.53453, -1.882283], [-80.534817, -1.877622], [-80.541341, -1.873465], [-80.546599, -1.862178], [-80.555549, -1.853232], [-80.557033, -1.847572], [-80.565845, -1.839434], [-80.565456, -1.831053], [-80.559776, -1.830736], [-80.559778, -1.824678], [-80.571192, -1.824403], [-80.563868, -1.819206], [-80.559372, -1.810523], [-80.557626, -1.809996], [-80.557405, -1.806469], [-80.558605, -1.805781], [-80.554607, -1.798122], [-80.555628, -1.791319], [-80.552129, -1.788958], [-80.552216, -1.783606], [-80.549544, -1.782711], [-80.54896, -1.78079], [-80.573182, -1.784573], [-80.575675, -1.787492], [-80.57627, -1.784145], [-80.586783, -1.785006], [-80.588319, -1.781594], [-80.594141, -1.778599], [-80.598408, -1.769439], [-80.604176, -1.764945], [-80.606619, -1.759036], [-80.610496, -1.756849], [-80.61162, -1.752576], [-80.610064, -1.752637], [-80.610221, -1.750399], [-80.611465, -1.749914], [-80.610995, -1.747818], [-80.61282, -1.744601], [-80.610488, -1.743047], [-80.611872, -1.741658], [-80.610707, -1.741178], [-80.61348, -1.738252], [-80.610398, -1.737215], [-80.611694, -1.735506], [-80.610892, -1.73455], [-80.613155, -1.733367], [-80.614301, -1.734306], [-80.613698, -1.732032], [-80.61969, -1.729625], [-80.619144, -1.726824], [-80.62091, -1.726784], [-80.619121, -1.725385], [-80.620745, -1.724955], [-80.6187, -1.723598], [-80.619339, -1.72251], [-80.617656, -1.720296], [-80.618906, -1.711895], [-80.615831, -1.712435], [-80.616752, -1.709763], [-80.619758, -1.707575], [-80.619178, -1.705711], [-80.621905, -1.706606], [-80.623659, -1.704877], [-80.624508, -1.705579], [-80.625424, -1.703198], [-80.631067, -1.701271], [-80.631277, -1.698209], [-80.634261, -1.698627], [-80.635692, -1.695296], [-80.633921, -1.694075], [-80.636815, -1.688963], [-80.639087, -1.688223], [-80.642249, -1.682769], [-80.645447, -1.680603], [-80.644538, -1.675406], [-80.646981, -1.67293], [-80.646623, -1.670446], [-80.648674, -1.670935], [-80.65043, -1.668801], [-80.652956, -1.668831], [-80.654166, -1.67379], [-80.661732, -1.675716], [-80.664676, -1.678465], [-80.667603, -1.676903], [-80.671421, -1.67931], [-80.674369, -1.676129], [-80.677801, -1.676949], [-80.678525, -1.674158], [-80.687296, -1.675451], [-80.689322, -1.672341], [-80.690972, -1.673934], [-80.692011, -1.671561], [-80.693498, -1.673478], [-80.69585, -1.671788], [-80.698378, -1.673019], [-80.697666, -1.675544], [-80.698634, -1.676303], [-80.700708, -1.675275], [-80.702215, -1.676112], [-80.70324, -1.673283], [-80.705328, -1.674004], [-80.705654, -1.676421], [-80.708336, -1.673728], [-80.710675, -1.675828], [-80.715175, -1.676628], [-80.713867, -1.679222], [-80.714927, -1.680924], [-80.71944, -1.680014], [-80.722056, -1.681403], [-80.723701, -1.686645], [-80.72496, -1.683404], [-80.727985, -1.684108], [-80.728328, -1.686218], [-80.73076, -1.686024], [-80.731697, -1.683097], [-80.736112, -1.681665], [-80.736802, -1.678539], [-80.737349, -1.681037], [-80.739858, -1.680368], [-80.740379, -1.677417], [-80.743794, -1.676689], [-80.743918, -1.672108], [-80.745701, -1.67226], [-80.74446, -1.669102], [-80.748139, -1.668655], [-80.751495, -1.67297], [-80.749468, -1.675017], [-80.752866, -1.674425], [-80.75379, -1.676841], [-80.758946, -1.676655], [-80.763529, -1.684506], [-80.767238, -1.684369], [-80.770204, -1.688026], [-80.772873, -1.688246], [-80.771836, -1.689268], [-80.775382, -1.690823], [-80.775953, -1.693085], [-80.779414, -1.695339], [-80.779634, -1.697897], [-80.78867, -1.700403], [-80.790449, -1.703793], [-80.794031, -1.706461], [-80.795286, -1.70561], [-80.794451, -1.704106], [-80.79955, -1.707536], [-80.802536, -1.711574], [-80.804245, -1.710625], [-80.806627, -1.706237], [-80.805773, -1.703206], [-80.812696, -1.692802], [-80.810448, -1.688323], [-80.811287, -1.683958], [-80.819196, -1.668416], [-80.823279, -1.654177], [-80.836695, -1.630769], [-80.838544, -1.631189], [-80.838769, -1.629651], [-80.840567, -1.62956], [-80.84259, -1.626982], [-80.845512, -1.62748], [-80.845781, -1.626032], [-80.842904, -1.623996], [-80.844523, -1.622729], [-80.843489, -1.622549], [-80.843893, -1.619653], [-80.846591, -1.617391], [-80.846636, -1.615989], [-80.844882, -1.615989], [-80.843529, -1.613979], [-80.844083, -1.611061], [-80.847854, -1.605078], [-80.854368, -1.599771], [-80.846783, -1.59574], [-80.84255, -1.588003], [-80.840283, -1.57682], [-80.84196, -1.56677], [-80.83769, -1.566815], [-80.834565, -1.560707], [-80.831576, -1.5622], [-80.821786, -1.561247], [-80.819102, -1.562782], [-80.815676, -1.561482], [-80.81357, -1.558539], [-80.811189, -1.543032], [-80.812732, -1.530397], [-80.815932, -1.526823], [-80.81764, -1.520806], [-80.816696, -1.519585], [-80.81773, -1.51454], [-80.81582, -1.509768], [-80.810673, -1.511079], [-80.809324, -1.51022], [-80.807031, -1.505017], [-80.80793, -1.501398], [-80.804829, -1.49986], [-80.803458, -1.495619], [-80.798969, -1.498156], [-80.793807, -1.495235], [-80.792443, -1.490187], [-80.795254, -1.488278], [-80.792556, -1.485835], [-80.792107, -1.478642], [-80.789634, -1.479049], [-80.788421, -1.481492], [-80.785184, -1.481356], [-80.78415, -1.483211], [-80.778899, -1.484761], [-80.771362, -1.480537], [-80.767275, -1.475246], [-80.763288, -1.458409], [-80.764513, -1.448052], [-80.766529, -1.447018], [-80.765405, -1.445118], [-80.767158, -1.437608], [-80.761134, -1.432677], [-80.754523, -1.429916], [-80.751578, -1.420067], [-80.755158, -1.401188], [-80.758954, -1.392031], [-80.761495, -1.391545], [-80.762169, -1.389014], [-80.754803, -1.385895], [-80.754488, -1.382821], [-80.748739, -1.37934], [-80.744203, -1.371791], [-80.741777, -1.370796], [-80.739177, -1.366187], [-80.739201, -1.357334], [-80.744868, -1.342552], [-80.761603, -1.311808], [-80.781014, -1.287535], [-80.790695, -1.27833], [-80.818291, -1.246209], [-80.826026, -1.2336], [-80.835785, -1.223602], [-80.850123, -1.205404], [-80.855709, -1.192164], [-80.878207, -1.154922], [-80.886287, -1.127213], [-80.895649, -1.104752], [-80.900618, -1.084623], [-80.912547, -1.058679], [-80.907219, -1.056869], [-80.904569, -1.052067], [-80.902694, -1.044439], [-80.903236, -1.038046], [-80.899832, -1.035595], [-80.892761, -1.035633], [-80.888711, -1.033202], [-80.883802, -1.029087], [-80.879356, -1.021451], [-80.873675, -1.018446], [-80.862278, -0.997928], [-80.857097, -0.993088], [-80.854205, -0.993123], [-80.841023, -0.97749], [-80.82938, -0.955721], [-80.828941, -0.95706], [-80.825344, -0.957708], [-80.815579, -0.953812], [-80.804099, -0.960293], [-80.787818, -0.958321], [-80.777795, -0.953544], [-80.764037, -0.943537], [-80.756381, -0.942932], [-80.75294, -0.944602], [-80.744262, -0.943674], [-80.724593, -0.936913], [-80.722842, -0.934744], [-80.722247, -0.930281], [-80.721894, -0.930004], [-80.719566, -0.929659], [-80.722057, -0.930284], [-80.71979, -0.931127], [-80.722032, -0.931316], [-80.722064, -0.932801], [-80.720001, -0.932956], [-80.721912, -0.933295], [-80.722667, -0.935234], [-80.726151, -0.939694], [-80.723526, -0.941672], [-80.72447, -0.943235], [-80.721525, -0.946584], [-80.717502, -0.94685], [-80.720563, -0.946841], [-80.720308, -0.950127], [-80.717979, -0.950252], [-80.718556, -0.948228], [-80.715415, -0.950501], [-80.69725, -0.948577], [-80.683632, -0.943708], [-80.672649, -0.936595], [-80.663892, -0.92871], [-80.667209, -0.924824], [-80.662732, -0.928954], [-80.660313, -0.929112], [-80.657825, -0.927128], [-80.65447, -0.929184], [-80.655839, -0.935963], [-80.651956, -0.940289], [-80.647989, -0.942241], [-80.638862, -0.944316], [-80.638581, -0.941472], [-80.635807, -0.940967], [-80.638362, -0.941568], [-80.638664, -0.943452], [-80.635964, -0.944165], [-80.635832, -0.942881], [-80.635542, -0.945503], [-80.630977, -0.947055], [-80.61877, -0.944624], [-80.589752, -0.931078], [-80.581883, -0.925448], [-80.560268, -0.902179], [-80.546088, -0.88184], [-80.53917, -0.865941], [-80.528704, -0.832528], [-80.522551, -0.800291], [-80.520076, -0.798485], [-80.520754, -0.793644], [-80.51833, -0.780532], [-80.506068, -0.736312], [-80.498982, -0.725058], [-80.492458, -0.70534], [-80.483251, -0.68427], [-80.4703, -0.639948], [-80.467225, -0.638703], [-80.462748, -0.629743], [-80.458198, -0.626347], [-80.455118, -0.620855], [-80.452306, -0.610935], [-80.448786, -0.609017], [-80.441146, -0.60809], [-80.43165, -0.603717], [-80.42588, -0.598457], [-80.424764, -0.595442], [-80.421897, -0.594651], [-80.422552, -0.57229], [-80.424915, -0.569368], [-80.428672, -0.567742], [-80.431531, -0.568523], [-80.430887, -0.569585], [-80.428695, -0.568817], [-80.429257, -0.56987], [-80.431973, -0.569679], [-80.436224, -0.563572], [-80.438614, -0.540219], [-80.443071, -0.519594], [-80.441396, -0.516026], [-80.443557, -0.516534], [-80.458987, -0.457963], [-80.461997, -0.452039], [-80.466039, -0.45005], [-80.468779, -0.446026], [-80.476145, -0.441007], [-80.478032, -0.441368], [-80.484544, -0.415866], [-80.489979, -0.407275], [-80.493168, -0.398955], [-80.492045, -0.39389], [-80.492944, -0.384304], [-80.488317, -0.365871], [-80.482777, -0.366124], [-80.476945, -0.368883], [-80.469812, -0.366534], [-80.45472, -0.355817], [-80.440751, -0.342342], [-80.438416, -0.34076], [-80.436619, -0.341664], [-80.432891, -0.339132], [-80.427007, -0.333389], [-80.416138, -0.314217], [-80.41196, -0.314533], [-80.407244, -0.311639], [-80.403292, -0.30662], [-80.39606, -0.28903], [-80.383663, -0.241823], [-80.379711, -0.233684], [-80.373737, -0.226946], [-80.36408, -0.222922], [-80.361206, -0.220254], [-80.357208, -0.219576], [-80.345979, -0.210351], [-80.338523, -0.201353], [-80.326149, -0.171999], [-80.322686, -0.174133], [-80.320428, -0.179284], [-80.315736, -0.18259], [-80.313957, -0.186105], [-80.306326, -0.188947], [-80.297539, -0.18757], [-80.290785, -0.184184], [-80.269036, -0.164899], [-80.26548, -0.167213], [-80.260677, -0.160568], [-80.237263, -0.141315], [-80.204263, -0.109335], [-80.185398, -0.088444], [-80.177673, -0.07619], [-80.170801, -0.070673], [-80.16869, -0.071623], [-80.159841, -0.067237], [-80.147355, -0.052586], [-80.141605, -0.048787], [-80.138102, -0.041055], [-80.134149, -0.038025], [-80.130197, -0.031966], [-80.124133, -0.017813], [-80.118833, -0.013562], [-80.11488, -0.005604], [-80.105718, 0.003304], [-80.102933, 0.008957], [-80.100956, 0.008278], [-80.09889, 0.011263], [-80.095877, 0.012196], [-80.088694, 0.04884], [-80.086763, 0.049382], [-80.081508, 0.046534], [-80.074187, 0.04581], [-80.070279, 0.048071], [-80.066596, 0.052819], [-80.059679, 0.06643], [-80.041263, 0.123676], [-80.031606, 0.177125], [-80.030528, 0.208054], [-80.03493, 0.259015], [-80.035739, 0.308257], [-80.038029, 0.334167], [-80.042566, 0.359806], [-80.042072, 0.364192], [-80.039826, 0.367131], [-80.037221, 0.369256], [-80.033448, 0.369528], [-80.030022, 0.373885], [-80.021246, 0.366385], [-80.005818, 0.35704], [-79.99752, 0.348494], [-79.994193, 0.339877], [-79.987979, 0.292504], [-79.983288, 0.277891], [-79.976758, 0.267889], [-79.971109, 0.263351], [-79.963179, 0.260421], [-79.955419, 0.259616], [-79.94538, 0.26192], [-79.931745, 0.254035], [-79.923685, 0.255298], [-79.921303, 0.257179], [-79.921488, 0.26054], [-79.926466, 0.262732], [-79.927426, 0.265882], [-79.922966, 0.269644], [-79.920577, 0.275183], [-79.918629, 0.275905], [-79.910924, 0.271348], [-79.908788, 0.276372], [-79.905258, 0.275482], [-79.903676, 0.276525], [-79.906339, 0.283125], [-79.910331, 0.281753], [-79.908843, 0.284385], [-79.909587, 0.288243], [-79.907959, 0.294279], [-79.90599, 0.29334], [-79.907271, 0.288446], [-79.903459, 0.288467], [-79.90147, 0.292269], [-79.904119, 0.297541], [-79.899271, 0.298605], [-79.900958, 0.301168], [-79.894949, 0.301818], [-79.894482, 0.304941], [-79.895254, 0.312566], [-79.903947, 0.312336], [-79.90426, 0.315144], [-79.889314, 0.31711], [-79.8853, 0.322297], [-79.881197, 0.322602], [-79.876624, 0.316733], [-79.870393, 0.318404], [-79.865243, 0.318086], [-79.865924, 0.316015], [-79.864363, 0.314639], [-79.862369, 0.317281], [-79.85766, 0.317547], [-79.858434, 0.319121], [-79.856591, 0.317642], [-79.856143, 0.319213], [-79.852601, 0.320347], [-79.832362, 0.324427], [-79.826367, 0.318334], [-79.823842, 0.31947], [-79.823034, 0.318025], [-79.820715, 0.318171], [-79.81592, 0.321233], [-79.810251, 0.322392], [-79.803187, 0.328937], [-79.803771, 0.332058], [-79.808673, 0.328966], [-79.816605, 0.331436], [-79.817464, 0.337054], [-79.813331, 0.340834], [-79.815264, 0.342915], [-79.81557, 0.345764], [-79.807984, 0.351068], [-79.805623, 0.362591], [-79.796358, 0.369563], [-79.779467, 0.377092], [-79.77641, 0.381223], [-79.771959, 0.377917], [-79.76792, 0.381133], [-79.76455, 0.380354], [-79.762301, 0.381806], [-79.7557, 0.378769], [-79.748176, 0.379702], [-79.736317, 0.372448], [-79.727463, 0.375015], [-79.721683, 0.372517], [-79.717359, 0.366861], [-79.710779, 0.348642], [-79.70564, 0.343681], [-79.707349, 0.341487], [-79.706613, 0.339283], [-79.71269, 0.335837], [-79.716019, 0.330318], [-79.718238, 0.329196], [-79.72243, 0.31942], [-79.718547, 0.308975], [-79.71644, 0.307086], [-79.721331, 0.300673], [-79.718727, 0.293665], [-79.708481, 0.288575], [-79.701494, 0.290099], [-79.696618, 0.28924], [-79.695085, 0.287736], [-79.693315, 0.280383], [-79.688181, 0.278935], [-79.68643, 0.274148], [-79.678417, 0.273555], [-79.678745, 0.27742], [-79.673284, 0.275833], [-79.665478, 0.262274], [-79.666524, 0.255852], [-79.668562, 0.255004], [-79.672336, 0.248135], [-79.674898, 0.247382], [-79.674961, 0.243835], [-79.678569, 0.240434], [-79.680539, 0.233802], [-79.687575, 0.225956], [-79.685168, 0.224439], [-79.686174, 0.220878], [-79.684841, 0.216323], [-79.689161, 0.214911], [-79.693878, 0.219221], [-79.696229, 0.219643], [-79.69649, 0.218098], [-79.698097, 0.218116], [-79.699532, 0.215365], [-79.70487, 0.211687], [-79.707201, 0.20451], [-79.705454, 0.202516], [-79.707785, 0.199642], [-79.705669, 0.194], [-79.706184, 0.192671], [-79.70859, 0.193147], [-79.707943, 0.192252], [-79.709782, 0.190935], [-79.711544, 0.182067], [-79.707767, 0.179871], [-79.706628, 0.182819], [-79.704009, 0.180437], [-79.69895, 0.180768], [-79.699656, 0.178822], [-79.702645, 0.177904], [-79.701953, 0.175985], [-79.699492, 0.177207], [-79.695029, 0.176081], [-79.695707, 0.173466], [-79.693157, 0.170394], [-79.693994, 0.168669], [-79.689442, 0.166791], [-79.686579, 0.169162], [-79.68577, 0.166728], [-79.682898, 0.167988], [-79.68398, 0.165075], [-79.682802, 0.164024], [-79.676045, 0.163886], [-79.676062, 0.169889], [-79.672558, 0.16868], [-79.670047, 0.173342], [-79.666906, 0.173661], [-79.666717, 0.177671], [-79.665332, 0.178078], [-79.655482, 0.172443], [-79.658412, 0.168563], [-79.654877, 0.166492], [-79.654907, 0.163693], [-79.658083, 0.160985], [-79.651829, 0.160062], [-79.653278, 0.155743], [-79.656443, 0.156639], [-79.657502, 0.153482], [-79.651553, 0.146355], [-79.651312, 0.143166], [-79.649549, 0.143975], [-79.64778, 0.152953], [-79.640122, 0.152451], [-79.640285, 0.155289], [-79.625971, 0.157899], [-79.623588, 0.151371], [-79.621117, 0.149999], [-79.622276, 0.147299], [-79.617861, 0.146291], [-79.6178, 0.141519], [-79.613527, 0.139726], [-79.617699, 0.134184], [-79.616668, 0.132423], [-79.610576, 0.136031], [-79.60891, 0.129283], [-79.606471, 0.131652], [-79.602627, 0.132391], [-79.599314, 0.130841], [-79.597396, 0.120929], [-79.582038, 0.117564], [-79.575135, 0.120166], [-79.569345, 0.11509], [-79.571402, 0.112334], [-79.580239, 0.106907], [-79.582186, 0.102222], [-79.587107, 0.097431], [-79.588615, 0.090179], [-79.59191, 0.085608], [-79.602828, 0.082339], [-79.604126, 0.07426], [-79.597338, 0.063584], [-79.600689, 0.06051], [-79.605661, 0.061034], [-79.611908, 0.056799], [-79.620315, 0.057633], [-79.616928, 0.051918], [-79.623604, 0.043953], [-79.625701, 0.036301], [-79.624807, 0.034321], [-79.61466, 0.032548], [-79.616605, 0.026976], [-79.624141, 0.023326], [-79.624888, 0.018623], [-79.622505, 0.013449], [-79.612539, 0.011434], [-79.612467, -0.007889], [-79.609862, -0.00643], [-79.606525, -0.006884], [-79.607278, -0.010918], [-79.602828, -0.019622], [-79.607311, -0.02242], [-79.608791, -0.027714], [-79.616154, -0.037208], [-79.615571, -0.040139], [-79.610241, -0.041138], [-79.608636, -0.042879], [-79.608327, -0.048287], [-79.609862, -0.050833], [-79.608983, -0.053461], [-79.603711, -0.054915], [-79.60137, -0.061675], [-79.596439, -0.062911], [-79.594893, -0.067038], [-79.585588, -0.070386], [-79.581544, -0.070326], [-79.582704, -0.073642], [-79.580651, -0.074276], [-79.58096, -0.076851], [-79.578881, -0.079337], [-79.571805, -0.082851], [-79.564423, -0.091057], [-79.558722, -0.089329], [-79.557415, -0.091712], [-79.558187, -0.095156], [-79.556303, -0.093307], [-79.55376, -0.097532], [-79.551617, -0.09696], [-79.550233, -0.100568], [-79.548408, -0.099434], [-79.546656, -0.103118], [-79.546639, -0.107597], [-79.543396, -0.110339], [-79.542898, -0.114803], [-79.544897, -0.118976], [-79.543391, -0.121094], [-79.54459, -0.12311], [-79.540234, -0.126406], [-79.539378, -0.129921], [-79.541364, -0.130598], [-79.539871, -0.131599], [-79.541103, -0.13335], [-79.539233, -0.134764], [-79.532846, -0.13503], [-79.532508, -0.13672], [-79.529516, -0.136443], [-79.527647, -0.140227], [-79.529141, -0.140949], [-79.529297, -0.143147], [-79.527516, -0.142948], [-79.524852, -0.145175], [-79.524422, -0.157644], [-79.522145, -0.158203], [-79.521573, -0.160823], [-79.519546, -0.159864], [-79.51937, -0.16389], [-79.51183, -0.164507], [-79.508709, -0.168759], [-79.506136, -0.169356], [-79.499147, -0.16983], [-79.496794, -0.167879], [-79.493979, -0.169962], [-79.492544, -0.167566], [-79.486538, -0.171342], [-79.4841, -0.169627], [-79.479261, -0.169611], [-79.477578, -0.171643], [-79.473563, -0.172536], [-79.474731, -0.174501], [-79.47298, -0.17541], [-79.469625, -0.17536], [-79.470625, -0.171491], [-79.462285, -0.171658], [-79.455253, -0.178768], [-79.450181, -0.176198], [-79.449586, -0.180148], [-79.4454, -0.177757], [-79.441736, -0.178638], [-79.441007, -0.175795], [-79.437186, -0.177621], [-79.429824, -0.175544], [-79.427162, -0.180971], [-79.421108, -0.181089], [-79.41883, -0.183139], [-79.417576, -0.182238], [-79.41771, -0.183523], [-79.415212, -0.183752], [-79.416566, -0.18438], [-79.415569, -0.186023], [-79.412325, -0.187169], [-79.412836, -0.189261], [-79.409728, -0.191358], [-79.40501, -0.209482], [-79.409556, -0.209092], [-79.412834, -0.21323], [-79.409913, -0.22004], [-79.411869, -0.221769], [-79.410662, -0.223286], [-79.412049, -0.22577], [-79.410492, -0.227209], [-79.413904, -0.232796], [-79.413595, -0.240171], [-79.410285, -0.243894], [-79.411788, -0.256952], [-79.409875, -0.25754], [-79.41076, -0.410699], [-79.41662, -0.414657], [-79.422202, -0.421608], [-79.422914, -0.425812], [-79.420791, -0.426921], [-79.421045, -0.428043], [-79.425804, -0.431108], [-79.429131, -0.438664], [-79.43303, -0.441115], [-79.438224, -0.44138], [-79.442137, -0.446142], [-79.442447, -0.449616], [-79.449178, -0.452467], [-79.44933, -0.455969], [-79.451578, -0.455711], [-79.45493, -0.457743], [-79.45766, -0.456385], [-79.459076, -0.460518], [-79.456289, -0.467597], [-79.459636, -0.469331], [-79.462868, -0.468108], [-79.46398, -0.468914], [-79.464228, -0.47265], [-79.460075, -0.472752], [-79.458877, -0.47843], [-79.454744, -0.476993], [-79.452389, -0.479429], [-79.449495, -0.479618], [-79.457161, -0.487284], [-79.458972, -0.495678], [-79.461131, -0.496558], [-79.459521, -0.511854], [-79.464407, -0.516078], [-79.464706, -0.519275], [-79.466658, -0.520923], [-79.465595, -0.522545], [-79.46599, -0.528519], [-79.467561, -0.53178], [-79.469062, -0.532651], [-79.472009, -0.531564], [-79.474188, -0.53813], [-79.47591, -0.539455], [-79.478806, -0.538697], [-79.479708, -0.54311], [-79.485458, -0.543727], [-79.488417, -0.546047], [-79.489678, -0.551065], [-79.493232, -0.554038], [-79.491327, -0.557257], [-79.494902, -0.561885], [-79.49499, -0.566784], [-79.497208, -0.568206], [-79.491176, -0.575438], [-79.489974, -0.579109], [-79.492666, -0.579142], [-79.493527, -0.583669], [-79.485994, -0.587998], [-79.488513, -0.591373], [-79.485636, -0.594184], [-79.485718, -0.598767], [-79.48338, -0.60002], [-79.488104, -0.603687], [-79.487167, -0.606855], [-79.484723, -0.605873], [-79.485107, -0.609582], [-79.486586, -0.610071], [-79.492125, -0.607311], [-79.49414, -0.609312], [-79.493937, -0.605191], [-79.4981, -0.610237], [-79.499803, -0.608352], [-79.501072, -0.608946], [-79.506992, -0.61763], [-79.504852, -0.619015], [-79.504716, -0.621958], [-79.508773, -0.624436], [-79.507852, -0.627171], [-79.506904, -0.625232], [-79.504758, -0.625347], [-79.50589, -0.629798], [-79.507865, -0.631486], [-79.508035, -0.636094], [-79.509368, -0.636619], [-79.510596, -0.634667], [-79.512641, -0.639025], [-79.516428, -0.638222], [-79.516925, -0.641138], [-79.514393, -0.643201], [-79.517536, -0.646456], [-79.51968, -0.646745], [-79.52153, -0.644625], [-79.525163, -0.646367], [-79.52442, -0.650121], [-79.521824, -0.652181], [-79.526687, -0.652032], [-79.525252, -0.657379], [-79.530445, -0.65382], [-79.53324, -0.655228], [-79.532126, -0.659894], [-79.542411, -0.657298], [-79.542667, -0.659466], [-79.540427, -0.65994], [-79.541272, -0.662697], [-79.540195, -0.663292], [-79.544122, -0.670178], [-79.539329, -0.671655], [-79.538478, -0.679114], [-79.536509, -0.683403], [-79.536951, -0.684293], [-79.541696, -0.683212], [-79.542221, -0.690113], [-79.540956, -0.691146], [-79.536526, -0.688043], [-79.536383, -0.690781], [-79.539995, -0.693204], [-79.539938, -0.694879], [-79.534756, -0.694236], [-79.537464, -0.699319], [-79.534287, -0.701999], [-79.533564, -0.70532], [-79.535826, -0.707915], [-79.533647, -0.712125], [-79.536386, -0.712155], [-79.537678, -0.714836], [-79.535785, -0.71785], [-79.538095, -0.717908], [-79.542946, -0.714253], [-79.543459, -0.71635], [-79.54051, -0.71952], [-79.553669, -0.722261], [-79.555868, -0.71582], [-79.558434, -0.720339], [-79.563482, -0.7217], [-79.562818, -0.717191], [-79.56573, -0.709305], [-79.569533, -0.711326], [-79.574827, -0.711215], [-79.573642, -0.707592], [-79.574314, -0.700901], [-79.57614, -0.699696], [-79.580231, -0.707781], [-79.580415, -0.712019], [-79.583648, -0.713133], [-79.582417, -0.714807], [-79.579333, -0.713544], [-79.577209, -0.717384], [-79.577208, -0.722216], [-79.588124, -0.730604], [-79.588556, -0.733838], [-79.591307, -0.736752], [-79.58799, -0.739024], [-79.588631, -0.742129], [-79.596982, -0.740152], [-79.598175, -0.744728], [-79.601355, -0.745203], [-79.599713, -0.750773], [-79.604503, -0.753771], [-79.595602, -0.755376], [-79.595839, -0.757248], [-79.598263, -0.758819], [-79.595894, -0.76436], [-79.59771, -0.764926], [-79.599717, -0.761729], [-79.601761, -0.763271], [-79.601027, -0.76843], [-79.596434, -0.769424], [-79.595796, -0.772152], [-79.598304, -0.779485], [-79.597219, -0.783285], [-79.601403, -0.782942], [-79.602648, -0.784072], [-79.597758, -0.789785], [-79.603101, -0.793232], [-79.602663, -0.795654], [-79.606105, -0.796134], [-79.604221, -0.801809], [-79.606198, -0.804308], [-79.603665, -0.813191], [-79.599874, -0.818281], [-79.598875, -0.822014], [-79.598993, -0.824479], [-79.600514, -0.824719], [-79.601846, -0.822757], [-79.602844, -0.824887], [-79.598183, -0.828116], [-79.599681, -0.828978], [-79.601488, -0.826873], [-79.605838, -0.827185], [-79.604481, -0.834053], [-79.605693, -0.834771], [-79.608522, -0.833313], [-79.609782, -0.834486], [-79.607353, -0.838327], [-79.609996, -0.841621], [-79.609309, -0.847718], [-79.611657, -0.849566], [-79.607607, -0.853268], [-79.607681, -0.855537], [-79.609657, -0.857725], [-79.614592, -0.85809], [-79.615713, -0.860632], [-79.618971, -0.859566], [-79.622346, -0.860993], [-79.626464, -0.858223], [-79.624613, -0.862966], [-79.62761, -0.865912], [-79.62474, -0.868868], [-79.623772, -0.875745], [-79.628237, -0.873473], [-79.629139, -0.877264], [-79.634037, -0.877108], [-79.637435, -0.881084], [-79.644263, -0.88135], [-79.648535, -0.885913], [-79.648633, -0.88934], [-79.651638, -0.892668], [-79.652982, -0.89687], [-79.657958, -0.901524], [-79.662394, -0.903354], [-79.667398, -0.897368], [-79.67126, -0.89568], [-79.670716, -0.891326], [-79.67902, -0.892669], [-79.676724, -0.899105], [-79.681043, -0.898919], [-79.685173, -0.903307], [-79.690262, -0.901973], [-79.688985, -0.895357], [-79.696321, -0.898165], [-79.699851, -0.904039], [-79.701555, -0.902496], [-79.704099, -0.904302], [-79.706221, -0.901862], [-79.703968, -0.900147], [-79.704346, -0.896377], [-79.699013, -0.890783], [-79.700341, -0.886181], [-79.705098, -0.883212], [-79.710468, -0.883132], [-79.711563, -0.879519], [-79.713453, -0.878646], [-79.715665, -0.879789], [-79.716662, -0.886514], [-79.718238, -0.886557], [-79.723596, -0.881771], [-79.731198, -0.884473], [-79.733051, -0.888767], [-79.737544, -0.892085], [-79.736814, -0.898805], [-79.739621, -0.905828], [-79.743721, -0.909175], [-79.746986, -0.914683], [-79.744117, -0.921093], [-79.75329, -0.923938], [-79.754429, -0.92686], [-79.753733, -0.930499], [-79.763037, -0.938553], [-79.764645, -0.942614], [-79.771227, -0.947571], [-79.774622, -0.963568], [-79.772764, -0.976039], [-79.773776, -0.979404], [-79.781764, -0.982084], [-79.786547, -0.977973], [-79.78963, -0.977553], [-79.797116, -0.98311], [-79.801126, -0.993295], [-79.79674, -1.002651], [-79.804539, -1.010201], [-79.800635, -1.015185], [-79.799923, -1.021182], [-79.803758, -1.030874], [-79.80483, -1.031944], [-79.81031, -1.030951], [-79.812107, -1.032603], [-79.811879, -1.038557], [-79.813508, -1.040908], [-79.81276, -1.045861], [-79.816129, -1.050224], [-79.820146, -1.050894], [-79.828497, -1.048757], [-79.833418, -1.050156], [-79.836644, -1.057007], [-79.835228, -1.060865], [-79.845342, -1.083961], [-79.850787, -1.089595], [-79.854269, -1.089257], [-79.861511, -1.100021], [-79.874597, -1.103921], [-79.881743, -1.108731], [-79.887274, -1.116537], [-79.899161, -1.122775], [-79.903621, -1.126655], [-79.908718, -1.139454], [-79.912788, -1.13925], [-79.91668, -1.145242], [-79.92097, -1.143378], [-79.925391, -1.146562], [-79.927497, -1.145079], [-79.927778, -1.146677], [-79.933036, -1.150141], [-79.938133, -1.151857], [-79.936872, -1.153985], [-79.942789, -1.15581], [-79.946166, -1.153436], [-79.945198, -1.149904], [-79.947853, -1.150427], [-79.946925, -1.149234], [-79.948581, -1.147828], [-79.947638, -1.147031], [-79.946477, -1.148214], [-79.944997, -1.145437], [-79.947088, -1.14302], [-79.949025, -1.144173], [-79.953167, -1.140134], [-79.954867, -1.14075], [-79.955207, -1.138591], [-79.959599, -1.139402], [-79.95943, -1.140558], [-79.963085, -1.140554], [-79.963263, -1.139334], [-79.965776, -1.142919], [-79.965316, -1.150011], [-79.962859, -1.154418], [-79.968539, -1.1613], [-79.968505, -1.165943], [-79.970213, -1.168617], [-79.961343, -1.168617], [-79.958484, -1.16614], [-79.953086, -1.164569], [-79.949624, -1.167986], [-79.95209, -1.17476], [-79.950369, -1.178846], [-79.953692, -1.181142], [-79.957957, -1.181252], [-79.960891, -1.189687], [-79.96505, -1.183711], [-79.97108, -1.179543], [-79.972675, -1.180151], [-79.97428, -1.175903], [-79.979817, -1.174906], [-79.981885, -1.176727], [-79.986303, -1.176357], [-79.993824, -1.194095], [-80.001267, -1.196074], [-80.003612, -1.199583], [-80.010801, -1.204953], [-80.010811, -1.218051], [-80.015653, -1.218567], [-80.014816, -1.224106], [-80.017394, -1.227293], [-80.017119, -1.231787], [-80.018465, -1.233383], [-80.016955, -1.235936], [-80.018259, -1.238826], [-80.020758, -1.240768], [-80.020452, -1.242827], [-80.022671, -1.24516], [-80.027429, -1.247762], [-80.029782, -1.247194], [-80.030211, -1.248749], [-80.037725, -1.253428], [-80.037076, -1.256935], [-80.039174, -1.25804], [-80.038986, -1.260295], [-80.036408, -1.260694], [-80.035784, -1.262311], [-80.035737, -1.270731], [-80.029683, -1.27565], [-80.026433, -1.275382], [-80.025352, -1.276948], [-80.030814, -1.278826], [-80.031084, -1.277133], [-80.034283, -1.275553], [-80.034646, -1.273266], [-80.035998, -1.274838], [-80.041129, -1.275396], [-80.047168, -1.287364], [-80.050125, -1.286113], [-80.053732, -1.28946], [-80.061318, -1.290809], [-80.06302, -1.29442], [-80.069773, -1.297218], [-80.073037, -1.303322], [-80.076267, -1.303068], [-80.080508, -1.306181], [-80.080257, -1.309845], [-80.083692, -1.315392], [-80.080907, -1.31779], [-80.083649, -1.319547], [-80.087182, -1.319627], [-80.086679, -1.320826], [-80.088583, -1.321104], [-80.091318, -1.324687], [-80.095514, -1.326465], [-80.099133, -1.326289], [-80.103739, -1.328554], [-80.109759, -1.322828], [-80.113571, -1.323881], [-80.115861, -1.322647], [-80.122792, -1.324813], [-80.127876, -1.323711], [-80.13443, -1.325989], [-80.13754, -1.324122], [-80.153759, -1.366759], [-80.142157, -1.380713], [-80.144864, -1.407211], [-80.150686, -1.409001], [-80.155401, -1.408138], [-80.162788, -1.411443], [-80.167366, -1.410565], [-80.169516, -1.412357], [-80.169772, -1.416106], [-80.176382, -1.417688], [-80.182426, -1.417215], [-80.186985, -1.421501], [-80.190543, -1.420282], [-80.191827, -1.422492], [-80.195405, -1.42196], [-80.196974, -1.425017], [-80.192118, -1.435149], [-80.194318, -1.438926], [-80.197055, -1.440597], [-80.197197, -1.442756], [-80.195451, -1.444274], [-80.198114, -1.448932], [-80.193836, -1.454798], [-80.199352, -1.464519], [-80.192936, -1.471825], [-80.194977, -1.477416], [-80.204235, -1.482478], [-80.206496, -1.48879], [-80.202944, -1.490644], [-80.203046, -1.494054], [-80.20572, -1.49616], [-80.205656, -1.498277], [-80.202892, -1.501571], [-80.203193, -1.504293], [-80.199217, -1.509805], [-80.197897, -1.514431], [-80.195505, -1.515325], [-80.194064, -1.519418], [-80.187514, -1.522506], [-80.185225, -1.520709], [-80.183754, -1.521239], [-80.182401, -1.52369], [-80.178195, -1.525213], [-80.175498, -1.528436], [-80.171621, -1.526529], [-80.192698, -1.55082], [-80.220213, -1.574319], [-80.235748, -1.574319], [-80.235397, -1.572609], [-80.24227, -1.567509], [-80.251964, -1.565661], [-80.257265, -1.56748], [-80.262454, -1.565151], [-80.269576, -1.569236], [-80.284252, -1.569322], [-80.280367, -1.572581], [-80.279146, -1.576274], [-80.280032, -1.577559], [-80.252593, -1.616151], [-80.223631, -1.616151], [-80.224726, -1.623825], [-80.2271, -1.625194], [-80.230155, -1.623129], [-80.230784, -1.625223], [-80.22923, -1.627517], [-80.22527, -1.628236], [-80.224296, -1.632747], [-80.219204, -1.637508], [-80.222278, -1.642633], [-80.221725, -1.646028], [-80.225185, -1.648757], [-80.222434, -1.651735], [-80.223022, -1.653653], [-80.220972, -1.654658], [-80.219309, -1.659426], [-80.219911, -1.662093], [-80.216667, -1.666476], [-80.209499, -1.670193], [-80.208264, -1.673566], [-80.209011, -1.680244], [-80.210919, -1.683998], [-80.210375, -1.688968], [-80.212976, -1.692483], [-80.21208, -1.69359], [-80.209949, -1.692962], [-80.21028, -1.694291], [-80.215669, -1.693499], [-80.216932, -1.69537], [-80.222424, -1.69492], [-80.223065, -1.692451], [-80.226292, -1.693768], [-80.23104, -1.688274], [-80.233213, -1.69064], [-80.239885, -1.693466], [-80.241648, -1.690205], [-80.246284, -1.686773], [-80.251923, -1.685153], [-80.253357, -1.683153], [-80.257558, -1.682884], [-80.263862, -1.675019], [-80.264979, -1.678403], [-80.275175, -1.677113], [-80.275974, -1.679136], [-80.281397, -1.677833], [-80.288027, -1.678633], [-80.289935, -1.683821], [-80.29756, -1.682973], [-80.300119, -1.686533], [-80.292115, -1.696938], [-80.283001, -1.702989], [-80.28024, -1.703257], [-80.282479, -1.705159], [-80.28227, -1.706702], [-80.290319, -1.710119], [-80.296457, -1.708074], [-80.305567, -1.697433], [-80.311953, -1.693519], [-80.312959, -1.689853], [-80.316569, -1.69045], [-80.319076, -1.685886], [-80.321113, -1.686075], [-80.320656, -1.684653], [-80.324178, -1.682881], [-80.326248, -1.687849], [-80.324481, -1.693625], [-80.330188, -1.704072], [-80.334966, -1.706248], [-80.334485, -1.708374], [-80.33647, -1.710135], [-80.336495, -1.713009], [-80.333973, -1.715612], [-80.333297, -1.723958], [-80.350804, -1.722841], [-80.362446, -1.739463], [-80.382236, -1.752398]]]]}}, {"type": "Feature", "id": "IMBABURA", "properties": {"codigo": "10", "nombre": "IMBABURA", "centroide_lon": -78.37081, "centroide_lat": 0.40515}, "geometry": {"type": "MultiPolygon", "coordinates": [[[[-78.148354, 0.158715], [-78.146222, 0.149599], [-78.150918, 0.146403], [-78.153982, 0.141204], [-78.164281, 0.141843], [-78.169529, 0.138631], [-78.176814, 0.137115], [-78.179243, 0.134799], [-78.184422, 0.136231], [-78.185563, 0.134087], [-78.186581, 0.135882], [-78.192709, 0.133828], [-78.195873, 0.134973], [-78.197486, 0.131016], [-78.201618, 0.127873], [-78.20593, 0.1286], [-78.217705, 0.125832], [-78.219514, 0.128087], [-78.224244, 0.129213], [-78.228313, 0.127923], [-78.228691, 0.122426], [-78.229981, 0.121119], [-78.235067, 0.123686], [-78.242558, 0.122652], [-78.24684, 0.123546], [-78.247552, 0.12646], [-78.25506, 0.130298], [-78.258678, 0.135536], [-78.266821, 0.137773], [-78.277504, 0.13517], [-78.28291, 0.12868], [-78.289948, 0.134668], [-78.28977, 0.140772], [-78.285472, 0.147371], [-78.284827, 0.150857], [-78.287136, 0.152474], [-78.290571, 0.152], [-78.302161, 0.155703], [-78.299408, 0.16093], [-78.296865, 0.160545], [-78.296689, 0.162753], [-78.301371, 0.165548], [-78.300028, 0.167345], [-78.301229, 0.169947], [-78.300046, 0.172595], [-78.305267, 0.176661], [-78.306807, 0.182874], [-78.314171, 0.186955], [-78.320663, 0.187472], [-78.323555, 0.190386], [-78.330681, 0.191425], [-78.333088, 0.196972], [-78.332873, 0.202072], [-78.339332, 0.203855], [-78.33993, 0.197982], [-78.343182, 0.193773], [-78.343233, 0.191415], [-78.34908, 0.184828], [-78.357803, 0.171094], [-78.3622, 0.16714], [-78.364106, 0.16754], [-78.36544, 0.165508], [-78.368257, 0.164988], [-78.36848, 0.162705], [-78.371867, 0.16159], [-78.373719, 0.15914], [-78.376269, 0.167994], [-78.372341, 0.170685], [-78.370177, 0.17565], [-78.366553, 0.178234], [-78.365218, 0.186315], [-78.360672, 0.192654], [-78.358528, 0.200196], [-78.3584, 0.203297], [-78.362663, 0.205923], [-78.363865, 0.208507], [-78.356823, 0.217203], [-78.350905, 0.210441], [-78.350152, 0.210987], [-78.351139, 0.213604], [-78.347584, 0.215615], [-78.348356, 0.217667], [-78.346139, 0.218547], [-78.346056, 0.222414], [-78.343608, 0.227423], [-78.343845, 0.230263], [-78.346103, 0.228141], [-78.347217, 0.230467], [-78.354198, 0.229677], [-78.353208, 0.236425], [-78.356406, 0.241904], [-78.354584, 0.244509], [-78.356297, 0.243652], [-78.362291, 0.248085], [-78.369122, 0.250671], [-78.371929, 0.254059], [-78.37311, 0.260233], [-78.376588, 0.260881], [-78.376531, 0.256556], [-78.381129, 0.256556], [-78.381563, 0.250166], [-78.384107, 0.250963], [-78.384915, 0.248309], [-78.3881, 0.247364], [-78.390177, 0.244767], [-78.393255, 0.245375], [-78.392132, 0.238081], [-78.397012, 0.237522], [-78.40236, 0.240674], [-78.410063, 0.226447], [-78.408776, 0.222442], [-78.410231, 0.217827], [-78.414797, 0.217135], [-78.419585, 0.213638], [-78.426218, 0.203299], [-78.433748, 0.195046], [-78.43629, 0.201626], [-78.440509, 0.203685], [-78.445164, 0.208699], [-78.447306, 0.214395], [-78.450071, 0.213043], [-78.450995, 0.226515], [-78.452672, 0.23061], [-78.455307, 0.230827], [-78.452454, 0.237105], [-78.454147, 0.239981], [-78.456517, 0.240832], [-78.458517, 0.246055], [-78.463602, 0.249653], [-78.46635, 0.259676], [-78.475196, 0.266122], [-78.478523, 0.264997], [-78.484222, 0.265946], [-78.487958, 0.263484], [-78.49006, 0.265916], [-78.488314, 0.267724], [-78.489785, 0.270765], [-78.495399, 0.274495], [-78.496897, 0.277314], [-78.494606, 0.25901], [-78.502468, 0.251801], [-78.505222, 0.247304], [-78.510159, 0.243835], [-78.510159, 0.226571], [-78.517163, 0.226667], [-78.519281, 0.228014], [-78.519425, 0.220374], [-78.523906, 0.213567], [-78.533812, 0.211523], [-78.533578, 0.207761], [-78.537181, 0.207001], [-78.537289, 0.205483], [-78.544181, 0.207049], [-78.547806, 0.20605], [-78.549011, 0.204152], [-78.552322, 0.204689], [-78.553387, 0.207491], [-78.56125, 0.207217], [-78.566126, 0.222452], [-78.57583, 0.225335], [-78.577903, 0.224328], [-78.583772, 0.225004], [-78.588687, 0.222925], [-78.596588, 0.223646], [-78.598602, 0.222157], [-78.601005, 0.222466], [-78.604949, 0.220233], [-78.602596, 0.217591], [-78.605313, 0.21666], [-78.615302, 0.220733], [-78.615969, 0.218804], [-78.617558, 0.219747], [-78.617426, 0.216893], [-78.621399, 0.216042], [-78.625149, 0.21803], [-78.630293, 0.213581], [-78.630617, 0.209752], [-78.633023, 0.210388], [-78.635549, 0.207269], [-78.638172, 0.206453], [-78.640626, 0.208456], [-78.642613, 0.207495], [-78.645004, 0.210159], [-78.647277, 0.209826], [-78.649571, 0.214848], [-78.653633, 0.213824], [-78.656718, 0.216484], [-78.659094, 0.214778], [-78.661403, 0.215479], [-78.662514, 0.213387], [-78.666172, 0.215058], [-78.669206, 0.212342], [-78.675026, 0.210514], [-78.682219, 0.215628], [-78.680942, 0.222881], [-78.682599, 0.223498], [-78.685628, 0.221349], [-78.68782, 0.223036], [-78.691533, 0.221491], [-78.697461, 0.221745], [-78.699295, 0.217047], [-78.705371, 0.218279], [-78.709112, 0.215466], [-78.711421, 0.21932], [-78.718311, 0.219568], [-78.724349, 0.2219], [-78.727111, 0.224992], [-78.735233, 0.226856], [-78.743922, 0.234894], [-78.750346, 0.234798], [-78.754256, 0.240391], [-78.759926, 0.238129], [-78.762798, 0.239487], [-78.764877, 0.238115], [-78.768907, 0.242107], [-78.773492, 0.241235], [-78.777034, 0.243348], [-78.781583, 0.23992], [-78.785746, 0.238648], [-78.788292, 0.239347], [-78.792216, 0.236502], [-78.795696, 0.236842], [-78.80286, 0.232026], [-78.81115, 0.230533], [-78.823175, 0.233521], [-78.825637, 0.237406], [-78.830166, 0.238118], [-78.833031, 0.241536], [-78.837787, 0.239414], [-78.843596, 0.240106], [-78.849536, 0.237689], [-78.85595, 0.237627], [-78.863739, 0.232484], [-78.87019, 0.233658], [-78.87655, 0.22934], [-78.880627, 0.222301], [-78.893803, 0.220368], [-78.89502, 0.21759], [-78.909332, 0.21337], [-78.913799, 0.215025], [-78.918481, 0.214446], [-78.919868, 0.21794], [-78.924463, 0.221613], [-78.928695, 0.218944], [-78.930699, 0.213967], [-78.935964, 0.212433], [-78.940437, 0.20589], [-78.947459, 0.203873], [-78.951804, 0.207241], [-78.954273, 0.20677], [-78.955204, 0.210356], [-78.957846, 0.210548], [-78.959261, 0.213864], [-78.964143, 0.214884], [-78.963762, 0.217237], [-78.9663, 0.223397], [-78.971451, 0.220018], [-78.977891, 0.212083], [-78.981099, 0.210714], [-78.985008, 0.217028], [-78.986641, 0.21648], [-78.987532, 0.212662], [-78.991866, 0.211981], [-78.99328, 0.216279], [-78.999852, 0.218486], [-79.001924, 0.22317], [-79.007137, 0.223996], [-79.01, 0.225967], [-79.016562, 0.237877], [-79.01464, 0.240719], [-79.017099, 0.246601], [-79.016991, 0.252707], [-79.014614, 0.259606], [-79.016761, 0.26445], [-79.014166, 0.268496], [-79.017781, 0.273012], [-79.016822, 0.274295], [-79.017638, 0.276986], [-79.020608, 0.279122], [-79.027235, 0.279658], [-79.031443, 0.283035], [-79.028958, 0.288622], [-79.031122, 0.292529], [-79.041686, 0.294965], [-79.047705, 0.28971], [-79.051729, 0.293485], [-79.056476, 0.293572], [-79.059312, 0.307203], [-79.062929, 0.305734], [-79.066608, 0.306952], [-79.068218, 0.309081], [-79.072002, 0.308488], [-79.084635, 0.300088], [-79.087996, 0.299494], [-79.096698, 0.301617], [-79.100414, 0.305618], [-79.10575, 0.304508], [-79.112252, 0.307581], [-79.113592, 0.306017], [-79.113108, 0.303476], [-79.109243, 0.299892], [-79.111544, 0.298329], [-79.115219, 0.300706], [-79.118454, 0.310097], [-79.126496, 0.314197], [-79.127668, 0.31745], [-79.133423, 0.320866], [-79.141576, 0.321613], [-79.144092, 0.31857], [-79.148772, 0.316162], [-79.150141, 0.316487], [-79.152574, 0.321732], [-79.15476, 0.321426], [-79.160255, 0.317676], [-79.173546, 0.315056], [-79.178755, 0.312416], [-79.188603, 0.317432], [-79.201398, 0.320363], [-79.204256, 0.322555], [-79.212848, 0.318938], [-79.218219, 0.325056], [-79.220585, 0.321785], [-79.223476, 0.321116], [-79.226479, 0.324469], [-79.23228, 0.326992], [-79.242352, 0.319958], [-79.247619, 0.323134], [-79.253889, 0.31986], [-79.267469, 0.317873], [-79.271387, 0.319465], [-79.273044, 0.322334], [-79.272657, 0.325635], [-79.268568, 0.329908], [-79.274792, 0.33033], [-79.275032, 0.333715], [-79.271784, 0.337047], [-79.268628, 0.336965], [-79.264938, 0.3384], [-79.263792, 0.340445], [-79.262254, 0.339403], [-79.258391, 0.341381], [-79.256505, 0.340363], [-79.253944, 0.341219], [-79.253296, 0.339323], [-79.252064, 0.341337], [-79.246562, 0.341148], [-79.246128, 0.339097], [-79.243958, 0.339706], [-79.243054, 0.338064], [-79.241589, 0.339094], [-79.243014, 0.339841], [-79.240813, 0.339892], [-79.239641, 0.342656], [-79.236453, 0.340134], [-79.232432, 0.339414], [-79.229706, 0.341623], [-79.222839, 0.341925], [-79.221643, 0.343213], [-79.219363, 0.340835], [-79.218081, 0.343048], [-79.21166, 0.346102], [-79.211169, 0.344867], [-79.207512, 0.346178], [-79.205937, 0.344498], [-79.205276, 0.346204], [-79.20246, 0.343392], [-79.198341, 0.343133], [-79.198527, 0.34191], [-79.195879, 0.340949], [-79.195066, 0.341935], [-79.193357, 0.339907], [-79.191649, 0.341174], [-79.19038, 0.339824], [-79.18815, 0.341482], [-79.18825, 0.342945], [-79.185823, 0.342773], [-79.185389, 0.345011], [-79.183378, 0.344078], [-79.184168, 0.345739], [-79.180871, 0.347233], [-79.177928, 0.345806], [-79.175158, 0.347805], [-79.173743, 0.346438], [-79.175361, 0.344931], [-79.174105, 0.344557], [-79.167923, 0.34707], [-79.166776, 0.345863], [-79.167425, 0.34729], [-79.166056, 0.347797], [-79.162879, 0.346866], [-79.162093, 0.348102], [-79.15165, 0.34385], [-79.150546, 0.344776], [-79.150783, 0.3435], [-79.148057, 0.343878], [-79.146202, 0.342109], [-79.14229, 0.341703], [-79.13975, 0.343375], [-79.13895, 0.341696], [-79.134833, 0.342594], [-79.132016, 0.340249], [-79.129625, 0.341422], [-79.12748, 0.340392], [-79.126999, 0.338359], [-79.121137, 0.336723], [-79.119783, 0.337682], [-79.116238, 0.334708], [-79.108738, 0.336009], [-79.101757, 0.332775], [-79.099009, 0.334999], [-79.092029, 0.336267], [-79.08505, 0.332958], [-79.079977, 0.333779], [-79.070368, 0.323896], [-79.064502, 0.328379], [-79.057824, 0.324834], [-79.052717, 0.319151], [-79.049253, 0.317418], [-79.046069, 0.305759], [-79.043988, 0.30351], [-79.040914, 0.304821], [-79.036017, 0.30448], [-79.028902, 0.307193], [-79.022919, 0.306675], [-79.019263, 0.312376], [-79.013402, 0.314065], [-79.010956, 0.317607], [-79.00373, 0.318652], [-78.995761, 0.325781], [-78.984658, 0.330546], [-78.973491, 0.342245], [-78.96717, 0.344641], [-78.961243, 0.349282], [-78.959041, 0.351542], [-78.952236, 0.368646], [-78.943472, 0.382022], [-78.927748, 0.3937], [-78.917797, 0.394451], [-78.910999, 0.401544], [-78.911008, 0.362646], [-78.907573, 0.363339], [-78.906682, 0.36603], [-78.903474, 0.366328], [-78.905315, 0.368661], [-78.90276, 0.371531], [-78.899196, 0.368241], [-78.895335, 0.368001], [-78.893017, 0.370332], [-78.893314, 0.373024], [-78.897531, 0.375237], [-78.899372, 0.378049], [-78.897649, 0.379603], [-78.891174, 0.378764], [-78.891589, 0.381037], [-78.890163, 0.382831], [-78.890876, 0.384266], [-78.893252, 0.384267], [-78.89236, 0.388393], [-78.888676, 0.389947], [-78.887132, 0.38887], [-78.885349, 0.391262], [-78.884756, 0.389707], [-78.88226, 0.390364], [-78.872516, 0.398674], [-78.871505, 0.404175], [-78.867167, 0.407224], [-78.862354, 0.415595], [-78.857601, 0.41679], [-78.858016, 0.4199], [-78.855876, 0.425162], [-78.851684, 0.429333], [-78.846703, 0.430238], [-78.843637, 0.433538], [-78.833631, 0.4356], [-78.825817, 0.430303], [-78.816195, 0.42621], [-78.815103, 0.419532], [-78.812367, 0.416732], [-78.800124, 0.412539], [-78.796383, 0.412865], [-78.793323, 0.410252], [-78.798273, 0.40281], [-78.797931, 0.401116], [-78.790424, 0.404903], [-78.786763, 0.403196], [-78.779809, 0.403177], [-78.774242, 0.400311], [-78.765496, 0.407789], [-78.75458, 0.407722], [-78.751747, 0.404361], [-78.751887, 0.402465], [-78.748185, 0.400996], [-78.743852, 0.401857], [-78.740722, 0.400876], [-78.734915, 0.403952], [-78.730463, 0.401501], [-78.718567, 0.402986], [-78.709957, 0.399716], [-78.709465, 0.397582], [-78.70593, 0.397406], [-78.702562, 0.395285], [-78.702637, 0.390265], [-78.699318, 0.3831], [-78.696363, 0.382306], [-78.694816, 0.379416], [-78.692719, 0.380116], [-78.690232, 0.377215], [-78.686083, 0.375374], [-78.683337, 0.375787], [-78.678209, 0.373445], [-78.672787, 0.37404], [-78.669056, 0.375681], [-78.665914, 0.379711], [-78.65787, 0.377287], [-78.653828, 0.380001], [-78.652426, 0.382658], [-78.649463, 0.382874], [-78.647512, 0.3885], [-78.644261, 0.389842], [-78.641711, 0.393899], [-78.641324, 0.397137], [-78.634233, 0.398617], [-78.62788, 0.404021], [-78.627111, 0.406999], [-78.622115, 0.407683], [-78.616897, 0.410774], [-78.613217, 0.416624], [-78.614513, 0.419257], [-78.61324, 0.426832], [-78.614429, 0.429427], [-78.607749, 0.438955], [-78.608702, 0.443704], [-78.606147, 0.447188], [-78.606985, 0.452572], [-78.601356, 0.454588], [-78.600551, 0.459792], [-78.597253, 0.460354], [-78.59234, 0.467752], [-78.589447, 0.467329], [-78.586295, 0.469498], [-78.580583, 0.469246], [-78.575375, 0.472831], [-78.571754, 0.473402], [-78.568973, 0.476614], [-78.567544, 0.475755], [-78.562728, 0.481592], [-78.560296, 0.482586], [-78.557995, 0.489032], [-78.557599, 0.498015], [-78.555499, 0.50235], [-78.557892, 0.50508], [-78.558933, 0.509166], [-78.551874, 0.518593], [-78.545085, 0.519746], [-78.541976, 0.522681], [-78.539398, 0.522469], [-78.535681, 0.526857], [-78.531364, 0.527907], [-78.528981, 0.526055], [-78.523525, 0.529266], [-78.519838, 0.528918], [-78.514323, 0.53516], [-78.511245, 0.534977], [-78.511978, 0.536506], [-78.506475, 0.543576], [-78.502385, 0.544572], [-78.500175, 0.543217], [-78.49814, 0.54559], [-78.49406, 0.54571], [-78.49163, 0.544262], [-78.48926, 0.545019], [-78.487457, 0.542158], [-78.475203, 0.536871], [-78.474683, 0.534443], [-78.465242, 0.532012], [-78.464445, 0.539722], [-78.457988, 0.540276], [-78.453661, 0.538608], [-78.453972, 0.54132], [-78.445832, 0.551135], [-78.447186, 0.556852], [-78.443896, 0.559089], [-78.443534, 0.562776], [-78.440912, 0.561619], [-78.439147, 0.562811], [-78.438645, 0.569898], [-78.43388, 0.573045], [-78.430271, 0.572037], [-78.428848, 0.574565], [-78.429334, 0.578564], [-78.426389, 0.585932], [-78.429077, 0.589852], [-78.430593, 0.596722], [-78.42978, 0.600857], [-78.432789, 0.607786], [-78.434975, 0.608619], [-78.438506, 0.614144], [-78.44297, 0.616059], [-78.444102, 0.618391], [-78.45297, 0.621858], [-78.455683, 0.626783], [-78.460783, 0.628815], [-78.463431, 0.636822], [-78.463699, 0.644789], [-78.466553, 0.651017], [-78.471718, 0.652936], [-78.473366, 0.662764], [-78.477745, 0.666325], [-78.479398, 0.67847], [-78.4818, 0.682297], [-78.486393, 0.683922], [-78.487244, 0.688682], [-78.491507, 0.689616], [-78.490095, 0.691707], [-78.492317, 0.706411], [-78.49737, 0.708117], [-78.501344, 0.707251], [-78.50489, 0.709068], [-78.509319, 0.708973], [-78.510493, 0.713398], [-78.514701, 0.716945], [-78.517776, 0.725258], [-78.524448, 0.728548], [-78.524957, 0.731464], [-78.521327, 0.730918], [-78.520407, 0.735254], [-78.517949, 0.737087], [-78.51962, 0.744587], [-78.518538, 0.745409], [-78.518614, 0.750514], [-78.516399, 0.752358], [-78.518321, 0.753732], [-78.518663, 0.75711], [-78.524651, 0.762726], [-78.528846, 0.764401], [-78.531902, 0.762793], [-78.532447, 0.768159], [-78.536299, 0.772436], [-78.524685, 0.769454], [-78.521339, 0.771559], [-78.516367, 0.77125], [-78.51248, 0.775451], [-78.507937, 0.775248], [-78.506716, 0.773188], [-78.504162, 0.773035], [-78.504904, 0.771374], [-78.50328, 0.769759], [-78.494411, 0.767273], [-78.481483, 0.770153], [-78.477205, 0.773483], [-78.467424, 0.773654], [-78.466421, 0.777765], [-78.461501, 0.778458], [-78.459323, 0.78569], [-78.456766, 0.785971], [-78.453885, 0.78969], [-78.451001, 0.789478], [-78.449388, 0.792686], [-78.452355, 0.796485], [-78.448784, 0.801084], [-78.447089, 0.799375], [-78.444784, 0.801258], [-78.442709, 0.80581], [-78.444207, 0.812488], [-78.441602, 0.813888], [-78.442977, 0.81892], [-78.452552, 0.823465], [-78.449345, 0.82679], [-78.446753, 0.826391], [-78.446387, 0.832883], [-78.447637, 0.836983], [-78.452042, 0.837755], [-78.454487, 0.842519], [-78.452279, 0.850956], [-78.4532, 0.857849], [-78.450606, 0.862953], [-78.453102, 0.867326], [-78.4544, 0.874716], [-78.453496, 0.875992], [-78.451243, 0.874442], [-78.442929, 0.87468], [-78.440999, 0.871583], [-78.437714, 0.874011], [-78.43543, 0.872737], [-78.436815, 0.869867], [-78.432027, 0.868903], [-78.431816, 0.864953], [-78.428321, 0.863584], [-78.42744, 0.859943], [-78.422176, 0.856151], [-78.423567, 0.853458], [-78.417859, 0.85249], [-78.418845, 0.84956], [-78.417969, 0.847299], [-78.415859, 0.848736], [-78.409084, 0.845062], [-78.409049, 0.843556], [-78.410995, 0.842937], [-78.407576, 0.838853], [-78.404576, 0.840751], [-78.40509, 0.837545], [-78.401868, 0.838935], [-78.40042, 0.836949], [-78.398825, 0.837175], [-78.395362, 0.833115], [-78.392721, 0.832348], [-78.391474, 0.828808], [-78.388462, 0.828285], [-78.386735, 0.825041], [-78.381915, 0.829228], [-78.374525, 0.825569], [-78.371616, 0.827532], [-78.364386, 0.825634], [-78.36397, 0.823357], [-78.361129, 0.822781], [-78.362342, 0.819903], [-78.359844, 0.818232], [-78.355492, 0.818593], [-78.353219, 0.815272], [-78.348495, 0.818196], [-78.345517, 0.816377], [-78.345663, 0.818036], [-78.343282, 0.819819], [-78.343656, 0.821842], [-78.341617, 0.8234], [-78.339745, 0.823661], [-78.338561, 0.821003], [-78.335975, 0.822689], [-78.33398, 0.822186], [-78.333397, 0.820459], [-78.330797, 0.821935], [-78.325853, 0.81933], [-78.324658, 0.816407], [-78.320977, 0.815769], [-78.320437, 0.813559], [-78.31781, 0.812242], [-78.318235, 0.810191], [-78.314689, 0.80487], [-78.311131, 0.805045], [-78.309059, 0.798836], [-78.30457, 0.797365], [-78.302792, 0.792347], [-78.296824, 0.794897], [-78.289676, 0.791679], [-78.287789, 0.792978], [-78.285469, 0.788859], [-78.28258, 0.789077], [-78.282729, 0.786545], [-78.278745, 0.784073], [-78.275779, 0.783222], [-78.27445, 0.785309], [-78.271569, 0.784573], [-78.266378, 0.779046], [-78.264985, 0.772481], [-78.267755, 0.770384], [-78.267034, 0.767014], [-78.265152, 0.767665], [-78.260648, 0.761864], [-78.256362, 0.761941], [-78.251956, 0.753206], [-78.246384, 0.747177], [-78.240849, 0.744334], [-78.236576, 0.745333], [-78.233637, 0.744422], [-78.230239, 0.73812], [-78.226481, 0.736088], [-78.225547, 0.733849], [-78.218917, 0.730976], [-78.219168, 0.727895], [-78.21706, 0.728387], [-78.214203, 0.723875], [-78.211254, 0.723945], [-78.210324, 0.719142], [-78.204125, 0.71789], [-78.202993, 0.715719], [-78.205423, 0.713946], [-78.204954, 0.705221], [-78.204268, 0.703344], [-78.201129, 0.702175], [-78.20039, 0.691863], [-78.197264, 0.689323], [-78.19824, 0.686419], [-78.193454, 0.684274], [-78.1908, 0.681348], [-78.187212, 0.669212], [-78.182512, 0.665211], [-78.173185, 0.66364], [-78.172194, 0.661577], [-78.168458, 0.659516], [-78.165458, 0.651669], [-78.162894, 0.650093], [-78.162643, 0.646931], [-78.160871, 0.646505], [-78.159932, 0.638931], [-78.154729, 0.632762], [-78.152996, 0.626701], [-78.150683, 0.625585], [-78.143714, 0.627316], [-78.140481, 0.625052], [-78.135721, 0.618387], [-78.135883, 0.616274], [-78.133632, 0.615068], [-78.132821, 0.610691], [-78.137712, 0.605861], [-78.139225, 0.601634], [-78.137298, 0.59469], [-78.142219, 0.590608], [-78.138719, 0.58116], [-78.128971, 0.577182], [-78.125209, 0.570748], [-78.124701, 0.563484], [-78.128054, 0.554613], [-78.130567, 0.552326], [-78.129258, 0.547896], [-78.130676, 0.546594], [-78.130221, 0.542548], [-78.127113, 0.540957], [-78.127363, 0.535125], [-78.129587, 0.530322], [-78.127947, 0.529406], [-78.128126, 0.526938], [-78.123092, 0.525315], [-78.122868, 0.523218], [-78.120298, 0.521656], [-78.115727, 0.52225], [-78.111517, 0.52045], [-78.112797, 0.51603], [-78.110982, 0.513121], [-78.111524, 0.510622], [-78.105328, 0.502854], [-78.105481, 0.500149], [-78.104013, 0.498871], [-78.104826, 0.496014], [-78.103113, 0.493641], [-78.100149, 0.494397], [-78.100729, 0.491674], [-78.093849, 0.482005], [-78.089791, 0.478774], [-78.085779, 0.479621], [-78.085523, 0.47821], [-78.077842, 0.478498], [-78.075212, 0.475582], [-78.067489, 0.473757], [-78.052927, 0.47514], [-78.045602, 0.471629], [-78.035714, 0.474015], [-78.023931, 0.471214], [-78.011103, 0.473558], [-78.007089, 0.470915], [-78.006643, 0.468964], [-78.001638, 0.467327], [-77.999096, 0.464279], [-77.995364, 0.45295], [-77.993906, 0.452954], [-77.993409, 0.448895], [-77.991735, 0.447668], [-77.986915, 0.447962], [-77.977583, 0.441519], [-77.973398, 0.441786], [-77.972402, 0.439216], [-77.963055, 0.434883], [-77.961678, 0.43222], [-77.958069, 0.431893], [-77.953174, 0.434787], [-77.94488, 0.431489], [-77.943386, 0.427204], [-77.936503, 0.42284], [-77.936204, 0.42067], [-77.931595, 0.415802], [-77.929369, 0.408792], [-77.924786, 0.404727], [-77.923997, 0.40165], [-77.91645, 0.401177], [-77.911205, 0.3979], [-77.907289, 0.398718], [-77.896905, 0.390052], [-77.881441, 0.386504], [-77.879295, 0.383165], [-77.876539, 0.383056], [-77.873149, 0.379881], [-77.870651, 0.381665], [-77.864733, 0.381144], [-77.863054, 0.379765], [-77.863049, 0.376003], [-77.859804, 0.370984], [-77.853232, 0.364963], [-77.838004, 0.356601], [-77.838544, 0.350823], [-77.835936, 0.349189], [-77.836259, 0.346273], [-77.834757, 0.34439], [-77.832912, 0.346397], [-77.83186, 0.345271], [-77.822124, 0.348884], [-77.815695, 0.349166], [-77.812704, 0.354152], [-77.810623, 0.353933], [-77.813477, 0.349286], [-77.816945, 0.348386], [-77.820449, 0.344196], [-77.818884, 0.340554], [-77.82586, 0.330798], [-77.823369, 0.329987], [-77.823463, 0.326004], [-77.831313, 0.320657], [-77.837714, 0.310042], [-77.840038, 0.310696], [-77.848776, 0.307846], [-77.850774, 0.305795], [-77.851127, 0.30118], [-77.852461, 0.300528], [-77.846786, 0.295497], [-77.849412, 0.28852], [-77.847397, 0.286286], [-77.845304, 0.279092], [-77.841016, 0.279256], [-77.837039, 0.275769], [-77.833173, 0.275832], [-77.828997, 0.27313], [-77.831389, 0.270339], [-77.831339, 0.267148], [-77.847661, 0.258985], [-77.848612, 0.255971], [-77.847529, 0.252469], [-77.849578, 0.248851], [-77.852079, 0.247571], [-77.849653, 0.243133], [-77.850211, 0.23964], [-77.859366, 0.237777], [-77.861229, 0.23344], [-77.865851, 0.231691], [-77.868495, 0.220885], [-77.873008, 0.215969], [-77.870388, 0.207861], [-77.886056, 0.199737], [-77.894433, 0.204465], [-77.900813, 0.20233], [-77.904822, 0.205863], [-77.911773, 0.205142], [-77.920339, 0.198853], [-77.924401, 0.198162], [-77.925761, 0.195662], [-77.923441, 0.190729], [-77.925362, 0.186446], [-77.923489, 0.182022], [-77.927241, 0.181013], [-77.927633, 0.178424], [-77.930403, 0.177495], [-77.935062, 0.177216], [-77.938165, 0.180172], [-77.941227, 0.179905], [-77.943418, 0.174265], [-77.948899, 0.167963], [-77.948483, 0.165758], [-77.955522, 0.159618], [-77.956494, 0.157159], [-77.959361, 0.159298], [-77.965232, 0.157932], [-77.966515, 0.159971], [-77.966969, 0.168683], [-77.979328, 0.169877], [-77.984616, 0.173846], [-77.989794, 0.172078], [-77.997856, 0.173146], [-78.001886, 0.172038], [-78.00473, 0.174461], [-78.007905, 0.174736], [-78.010776, 0.178659], [-78.018265, 0.181812], [-78.023982, 0.188359], [-78.031312, 0.188305], [-78.032127, 0.182331], [-78.03391, 0.182204], [-78.039075, 0.183618], [-78.045308, 0.190837], [-78.052595, 0.193114], [-78.057714, 0.189029], [-78.077354, 0.188807], [-78.079792, 0.190579], [-78.079792, 0.186593], [-78.084792, 0.186593], [-78.08813, 0.189349], [-78.091661, 0.181109], [-78.090735, 0.184304], [-78.09173, 0.186806], [-78.092549, 0.187278], [-78.09853, 0.170367], [-78.101057, 0.16864], [-78.1077, 0.158521], [-78.113338, 0.156313], [-78.122829, 0.155661], [-78.134098, 0.152702], [-78.147321, 0.157188], [-78.148354, 0.158715]]]]}}]}